11:25:26 starting - 0 PRs already saved, skipping those
11:25:29 2021-01-01..2021-01-15: +215  (total 215)
11:25:33 2021-01-16..2021-01-31: +288  (total 503)
11:25:38 2021-02-01..2021-02-15: +388  (total 891)
11:25:42 2021-02-16..2021-02-28: +270  (total 1161)
11:25:47 2021-03-01..2021-03-15: +353  (total 1514)
11:25:52 2021-03-16..2021-03-31: +376  (total 1890)
11:25:56 2021-04-01..2021-04-15: +252  (total 2142)
11:26:00 2021-04-16..2021-04-30: +306  (total 2448)
11:26:03 search limit hit, sleeping 24s
11:26:30 2021-05-01..2021-05-15: +379  (total 2827)
11:26:35 2021-05-16..2021-05-31: +369  (total 3196)
11:26:40 2021-06-01..2021-06-15: +305  (total 3501)
11:26:44 2021-06-16..2021-06-30: +257  (total 3758)
11:26:47 2021-07-01..2021-07-15: +237  (total 3995)
11:26:51 2021-07-16..2021-07-31: +248  (total 4243)
11:26:54 2021-08-01..2021-08-15: +246  (total 4489)
11:26:58 2021-08-16..2021-08-31: +282  (total 4771)
11:27:02 2021-09-01..2021-09-15: +260  (total 5031)
11:27:05 search limit hit, sleeping 25s
11:27:31 2021-09-16..2021-09-30: +304  (total 5335)
11:27:36 2021-10-01..2021-10-15: +341  (total 5676)
11:27:40 2021-10-16..2021-10-31: +284  (total 5960)
11:27:44 2021-11-01..2021-11-15: +319  (total 6279)
11:27:49 2021-11-16..2021-11-30: +315  (total 6594)
11:27:53 2021-12-01..2021-12-15: +305  (total 6899)
11:27:55 2021-12-16..2021-12-31: +188  (total 7087)
11:27:59 2022-01-01..2022-01-15: +221  (total 7308)
11:28:04 2022-01-16..2022-01-31: +336  (total 7644)
11:28:04 search limit hit, sleeping 28s
11:28:36 2022-02-01..2022-02-15: +347  (total 7991)
11:28:40 2022-02-16..2022-02-28: +294  (total 8285)
11:28:45 2022-03-01..2022-03-15: +389  (total 8674)
11:28:52 2022-03-16..2022-03-31: +422  (total 9096)
11:28:57 2022-04-01..2022-04-15: +357  (total 9453)
11:29:00 2022-04-16..2022-04-30: +260  (total 9713)
11:29:04 2022-05-01..2022-05-15: +280  (total 9993)
11:29:08 2022-05-16..2022-05-31: +321  (total 10314)
11:29:08 search limit hit, sleeping 25s
11:29:38 2022-06-01..2022-06-15: +306  (total 10620)
11:29:44 2022-06-16..2022-06-30: +417  (total 11037)
11:29:52 2022-07-01..2022-07-15: +603  (total 11640)
11:29:58 2022-07-16..2022-07-31: +490  (total 12130)
11:30:04 2022-08-01..2022-08-15: +423  (total 12553)
11:30:10 search limit hit, sleeping 25s
11:30:37 2022-08-16..2022-08-31: +503  (total 13056)
11:30:43 2022-09-01..2022-09-15: +356  (total 13412)
11:30:48 2022-09-16..2022-09-30: +411  (total 13823)
11:30:53 2022-10-01..2022-10-15: +318  (total 14141)
11:30:58 2022-10-16..2022-10-31: +344  (total 14485)
11:31:02 2022-11-01..2022-11-15: +322  (total 14807)
11:31:06 2022-11-16..2022-11-30: +281  (total 15088)
11:31:11 2022-12-01..2022-12-15: +286  (total 15374)
11:31:13 search limit hit, sleeping 25s
11:31:39 2022-12-16..2022-12-31: +198  (total 15572)
11:31:43 2023-01-01..2023-01-15: +277  (total 15849)
11:31:48 2023-01-16..2023-01-31: +335  (total 16184)
11:31:53 2023-02-01..2023-02-15: +382  (total 16566)
11:31:57 2023-02-16..2023-02-28: +279  (total 16845)
11:32:03 2023-03-01..2023-03-15: +410  (total 17255)
11:32:10 2023-03-16..2023-03-31: +448  (total 17703)
11:32:14 2023-04-01..2023-04-15: +333  (total 18036)
11:32:16 search limit hit, sleeping 24s
11:32:44 2023-04-16..2023-04-30: +390  (total 18426)
11:32:49 2023-05-01..2023-05-15: +343  (total 18769)
11:32:55 2023-05-16..2023-05-31: +411  (total 19180)
11:33:01 2023-06-01..2023-06-15: +371  (total 19551)
11:33:06 2023-06-16..2023-06-30: +388  (total 19939)
11:33:11 2023-07-01..2023-07-15: +376  (total 20315)
11:33:18 2023-07-16..2023-07-31: +441  (total 20756)
11:33:19 search limit hit, sleeping 22s
11:33:46 2023-08-01..2023-08-15: +379  (total 21135)
11:33:53 2023-08-16..2023-08-31: +502  (total 21637)
11:33:59 2023-09-01..2023-09-15: +402  (total 22039)
11:34:05 2023-09-16..2023-09-30: +459  (total 22498)
11:34:12 2023-10-01..2023-10-15: +468  (total 22966)
11:34:20 2023-10-16..2023-10-31: +517  (total 23483)
11:34:20 search limit hit, sleeping 24s
11:34:50 2023-11-01..2023-11-15: +440  (total 23923)
11:34:57 2023-11-16..2023-11-30: +502  (total 24425)
11:35:03 2023-12-01..2023-12-15: +445  (total 24870)
11:35:07 2023-12-16..2023-12-31: +262  (total 25132)
11:35:13 2024-01-01..2024-01-15: +419  (total 25551)
11:35:21 2024-01-16..2024-01-31: +547  (total 26098)
11:35:21 search limit hit, sleeping 24s
11:35:53 2024-02-01..2024-02-15: +513  (total 26611)
11:35:59 2024-02-16..2024-02-29: +409  (total 27020)
11:36:06 2024-03-01..2024-03-15: +519  (total 27539)
11:36:13 2024-03-16..2024-03-31: +443  (total 27982)
11:36:20 2024-04-01..2024-04-15: +448  (total 28430)
11:36:25 search limit hit, sleeping 23s
11:36:50 2024-04-16..2024-04-30: +489  (total 28919)
11:36:58 2024-05-01..2024-05-15: +508  (total 29427)
11:37:06 2024-05-16..2024-05-31: +589  (total 30016)
11:37:14 2024-06-01..2024-06-15: +581  (total 30597)
11:37:22 2024-06-16..2024-06-30: +529  (total 31126)
11:37:28 search limit hit, sleeping 22s
11:37:51 2024-07-01..2024-07-15: +498  (total 31624)
11:37:58 2024-07-16..2024-07-31: +501  (total 32125)
11:38:04 2024-08-01..2024-08-15: +401  (total 32526)
11:38:12 2024-08-16..2024-08-31: +547  (total 33073)
11:38:18 2024-09-01..2024-09-15: +453  (total 33526)
11:38:27 2024-09-16..2024-09-30: +576  (total 34102)
11:38:28 search limit hit, sleeping 23s
11:38:57 2024-10-01..2024-10-15: +500  (total 34602)
11:39:06 2024-10-16..2024-10-31: +625  (total 35227)
11:39:14 2024-11-01..2024-11-15: +545  (total 35772)
11:39:22 2024-11-16..2024-11-30: +631  (total 36403)
11:39:29 2024-12-01..2024-12-15: +507  (total 36910)
11:39:29 search limit hit, sleeping 24s
11:39:59 2024-12-16..2024-12-31: +360  (total 37270)
11:40:05 2025-01-01..2025-01-15: +443  (total 37713)
11:40:14 2025-01-16..2025-01-31: +617  (total 38330)
11:40:23 2025-02-01..2025-02-15: +643  (total 38973)
11:40:31 2025-02-16..2025-02-28: +517  (total 39490)
11:40:32 search limit hit, sleeping 23s
11:41:02 2025-03-01..2025-03-15: +514  (total 40004)
11:41:11 2025-03-16..2025-03-31: +621  (total 40625)
11:41:19 2025-04-01..2025-04-15: +592  (total 41217)
11:41:27 2025-04-16..2025-04-30: +518  (total 41735)
11:41:35 2025-05-01..2025-05-15: +547  (total 42282)
11:41:35 search limit hit, sleeping 23s
11:42:06 2025-05-16..2025-05-31: +617  (total 42899)
11:42:15 2025-06-01..2025-06-15: +597  (total 43496)
11:42:24 2025-06-16..2025-06-30: +624  (total 44120)
11:42:31 2025-07-01..2025-07-15: +532  (total 44652)
11:42:37 search limit hit, sleeping 23s
11:43:03 2025-07-16..2025-07-31: +645  (total 45297)
11:43:10 2025-08-01..2025-08-15: +477  (total 45774)
11:43:17 2025-08-16..2025-08-31: +532  (total 46306)
11:43:27 2025-09-01..2025-09-15: +647  (total 46953)
11:43:36 2025-09-16..2025-09-30: +666  (total 47619)
11:43:39 search limit hit, sleeping 23s
11:44:10 2025-10-01..2025-10-15: +685  (total 48304)
11:44:22 2025-10-16..2025-10-31: +822  (total 49126)
11:44:30 2025-11-01..2025-11-15: +559  (total 49685)
11:44:38 2025-11-16..2025-11-30: +587  (total 50272)
11:44:44 search limit hit, sleeping 20s
11:45:08 2025-12-01..2025-12-15: +682  (total 50954)
11:45:15 2025-12-16..2025-12-31: +482  (total 51436)
11:45:15 51436 PRs to fetch for 2021-09-20 to 2026-09-20, list cached
11:45:17 PR 31369  (1 of 51436)
11:45:18 PR 31368  (2 of 51436)
11:45:20 PR 31367  (3 of 51436)
11:45:22 PR 31366  (4 of 51436)
11:45:24 PR 31365  (5 of 51436)
11:45:25 PR 31364  (6 of 51436)
11:45:27 PR 31363  (7 of 51436)
11:45:28 PR 31361  (8 of 51436)
11:45:30 PR 31360  (9 of 51436)
11:45:32 PR 31359  (10 of 51436)
11:45:33 PR 31357  (11 of 51436)
11:45:36 PR 31356  (12 of 51436)
11:45:37 PR 31355  (13 of 51436)
11:45:39 PR 31354  (14 of 51436)
11:45:40 PR 31353  (15 of 51436)
11:45:42 PR 31352  (16 of 51436)
11:45:43 PR 31351  (17 of 51436)
11:45:45 PR 31350  (18 of 51436)
11:45:47 PR 31349  (19 of 51436)
11:45:49 PR 31347  (20 of 51436)
11:45:50 PR 31346  (21 of 51436)
11:45:52 PR 31345  (22 of 51436)
11:45:53 PR 31337  (23 of 51436)
11:45:56 PR 31336  (24 of 51436)
11:45:57 PR 31335  (25 of 51436)
11:45:59 PR 31334  (26 of 51436)
11:46:01 PR 31332  (27 of 51436)
11:46:02 PR 31331  (28 of 51436)
11:46:04 PR 31329  (29 of 51436)
11:46:06 PR 31328  (30 of 51436)
11:46:07 PR 31326  (31 of 51436)
11:46:11 PR 31325  (32 of 51436)
11:46:12 PR 31324  (33 of 51436)
11:46:14 PR 31322  (34 of 51436)
11:46:16 PR 31321  (35 of 51436)
11:46:17 PR 31320  (36 of 51436)
11:46:19 PR 31319  (37 of 51436)
11:46:20 PR 31318  (38 of 51436)
11:46:22 PR 31317  (39 of 51436)
11:46:24 PR 31315  (40 of 51436)
11:46:25 PR 31314  (41 of 51436)
11:46:27 PR 31313  (42 of 51436)
11:46:29 PR 31312  (43 of 51436)
11:46:30 PR 31311  (44 of 51436)
11:46:32 PR 31310  (45 of 51436)
11:46:34 PR 31309  (46 of 51436)
11:46:36 PR 31307  (47 of 51436)
11:46:38 PR 31305  (48 of 51436)
11:46:40 PR 31304  (49 of 51436)
11:46:41 PR 31303  (50 of 51436)
11:46:43 PR 31302  (51 of 51436)
11:46:45 PR 31300  (52 of 51436)
11:46:47 PR 31297  (53 of 51436)
11:46:48 PR 31296  (54 of 51436)
11:46:50 PR 31295  (55 of 51436)
11:46:52 PR 31294  (56 of 51436)
11:46:54 PR 31293  (57 of 51436)
11:46:55 PR 31292  (58 of 51436)
11:46:57 PR 31291  (59 of 51436)
11:46:59 PR 31288  (60 of 51436)
11:47:01 PR 31287  (61 of 51436)
11:47:02 PR 31286  (62 of 51436)
11:47:04 PR 31283  (63 of 51436)
11:47:06 PR 31279  (64 of 51436)
11:47:08 PR 31278  (65 of 51436)
11:47:09 PR 31277  (66 of 51436)
11:47:11 PR 31276  (67 of 51436)
11:47:13 PR 31275  (68 of 51436)
11:47:15 PR 31274  (69 of 51436)
11:47:18 PR 31273  (70 of 51436)
11:47:19 PR 31271  (71 of 51436)
11:47:21 PR 31270  (72 of 51436)
11:47:23 PR 31269  (73 of 51436)
11:47:24 PR 31268  (74 of 51436)
11:47:26 PR 31267  (75 of 51436)
11:47:28 PR 31266  (76 of 51436)
11:47:29 PR 31265  (77 of 51436)
11:47:33 PR 31261  (78 of 51436)
11:47:34 PR 31260  (79 of 51436)
11:47:36 PR 31257  (80 of 51436)
11:47:38 PR 31256  (81 of 51436)
11:47:40 PR 31255  (82 of 51436)
11:47:41 PR 31252  (83 of 51436)
11:47:43 PR 31251  (84 of 51436)
11:47:45 PR 31250  (85 of 51436)
11:47:46 PR 31249  (86 of 51436)
11:47:48 PR 31247  (87 of 51436)
11:47:50 PR 31246  (88 of 51436)
11:47:51 PR 31245  (89 of 51436)
11:47:53 PR 31244  (90 of 51436)
11:47:54 PR 31243  (91 of 51436)
11:47:56 PR 31242  (92 of 51436)
11:48:00 PR 31241  (93 of 51436)
11:48:02 PR 31240  (94 of 51436)
11:48:03 PR 31239  (95 of 51436)
11:48:05 PR 31238  (96 of 51436)
11:48:07 PR 31237  (97 of 51436)
11:48:08 PR 31236  (98 of 51436)
11:48:10 PR 31233  (99 of 51436)
11:48:11 PR 31232  (100 of 51436)
11:48:13 PR 31231  (101 of 51436)
11:48:15 PR 31230  (102 of 51436)
11:48:16 PR 31228  (103 of 51436)
11:48:18 PR 31227  (104 of 51436)
11:48:19 PR 31225  (105 of 51436)
11:48:22 PR 31224  (106 of 51436)
11:48:23 PR 31223  (107 of 51436)
11:48:25 PR 31222  (108 of 51436)
11:48:27 PR 31218  (109 of 51436)
11:48:29 PR 31216  (110 of 51436)
11:48:30 PR 31215  (111 of 51436)
11:48:32 PR 31214  (112 of 51436)
11:48:33 PR 31213  (113 of 51436)
11:48:35 PR 31212  (114 of 51436)
11:48:37 PR 31211  (115 of 51436)
11:48:39 PR 31209  (116 of 51436)
11:48:40 PR 31205  (117 of 51436)
11:48:42 PR 31204  (118 of 51436)
11:48:43 PR 31202  (119 of 51436)
11:48:45 PR 31201  (120 of 51436)
11:48:47 PR 31200  (121 of 51436)
11:48:49 PR 31199  (122 of 51436)
11:48:51 PR 31198  (123 of 51436)
11:48:53 PR 31197  (124 of 51436)
11:48:54 PR 31196  (125 of 51436)
11:48:56 PR 31195  (126 of 51436)
11:48:58 PR 31192  (127 of 51436)
11:48:59 PR 31190  (128 of 51436)
11:49:01 PR 31188  (129 of 51436)
11:49:03 PR 31187  (130 of 51436)
11:49:04 PR 31185  (131 of 51436)
11:49:06 PR 31184  (132 of 51436)
11:49:08 PR 31183  (133 of 51436)
11:49:10 PR 31182  (134 of 51436)
11:49:12 PR 31181  (135 of 51436)
11:49:14 PR 31178  (136 of 51436)
11:49:16 PR 31177  (137 of 51436)
11:49:18 PR 31176  (138 of 51436)
11:49:20 PR 31174  (139 of 51436)
11:49:22 PR 31173  (140 of 51436)
11:49:24 PR 31172  (141 of 51436)
11:49:25 PR 31171  (142 of 51436)
11:49:27 PR 31170  (143 of 51436)
11:49:29 PR 31167  (144 of 51436)
11:49:30 PR 31165  (145 of 51436)
11:49:33 PR 31163  (146 of 51436)
11:49:35 PR 31161  (147 of 51436)
11:49:36 PR 31160  (148 of 51436)
11:49:38 PR 31159  (149 of 51436)
11:49:40 PR 31157  (150 of 51436)
11:49:42 PR 31156  (151 of 51436)
11:49:43 PR 31155  (152 of 51436)
11:49:45 PR 31152  (153 of 51436)
11:49:47 PR 31151  (154 of 51436)
11:49:49 PR 31148  (155 of 51436)
11:49:50 PR 31147  (156 of 51436)
11:49:52 PR 31146  (157 of 51436)
11:49:54 PR 31144  (158 of 51436)
11:49:56 PR 31142  (159 of 51436)
11:49:58 PR 31141  (160 of 51436)
11:49:59 PR 31140  (161 of 51436)
11:50:02 PR 31139  (162 of 51436)
11:50:04 PR 31138  (163 of 51436)
11:50:06 PR 31136  (164 of 51436)
11:50:08 PR 31135  (165 of 51436)
11:50:09 PR 31133  (166 of 51436)
11:50:11 PR 31132  (167 of 51436)
11:50:13 PR 31131  (168 of 51436)
11:50:14 PR 31130  (169 of 51436)
11:50:16 PR 31129  (170 of 51436)
11:50:18 PR 31128  (171 of 51436)
11:50:20 PR 31127  (172 of 51436)
11:50:22 PR 31126  (173 of 51436)
11:50:23 PR 31125  (174 of 51436)
11:50:25 PR 31124  (175 of 51436)
11:50:26 PR 31123  (176 of 51436)
11:50:28 PR 31122  (177 of 51436)
11:50:30 PR 31121  (178 of 51436)
11:50:31 PR 31120  (179 of 51436)
11:50:33 PR 31119  (180 of 51436)
11:50:36 PR 31118  (181 of 51436)
11:50:37 PR 31117  (182 of 51436)
11:50:39 PR 31116  (183 of 51436)
11:50:42 PR 31115  (184 of 51436)
11:50:44 PR 31113  (185 of 51436)
11:50:45 PR 31112  (186 of 51436)
11:50:47 PR 31111  (187 of 51436)
11:50:48 PR 31109  (188 of 51436)
11:50:50 PR 31108  (189 of 51436)
11:50:51 PR 31105  (190 of 51436)
11:50:53 PR 31104  (191 of 51436)
11:50:54 PR 31102  (192 of 51436)
11:50:57 PR 31101  (193 of 51436)
11:50:59 PR 31099  (194 of 51436)
11:51:01 PR 31098  (195 of 51436)
11:51:03 PR 31097  (196 of 51436)
11:51:05 PR 31096  (197 of 51436)
11:51:07 PR 31095  (198 of 51436)
11:51:08 PR 31094  (199 of 51436)
11:51:10 PR 31093  (200 of 51436)
11:51:11 PR 31092  (201 of 51436)
11:51:13 PR 31089  (202 of 51436)
11:51:15 PR 31088  (203 of 51436)
11:51:17 PR 31084  (204 of 51436)
11:51:19 PR 31083  (205 of 51436)
11:51:22 PR 31082  (206 of 51436)
11:51:23 PR 31081  (207 of 51436)
11:51:24 PR 31080  (208 of 51436)
11:51:26 PR 31078  (209 of 51436)
11:51:27 PR 31077  (210 of 51436)
11:51:29 PR 31076  (211 of 51436)
11:51:31 PR 31075  (212 of 51436)
11:51:33 PR 31072  (213 of 51436)
11:51:35 PR 31070  (214 of 51436)
11:51:37 PR 31068  (215 of 51436)
11:51:38 PR 31810  (216 of 51436)
11:51:40 PR 31809  (217 of 51436)
11:51:41 PR 31808  (218 of 51436)
11:51:43 PR 31806  (219 of 51436)
11:51:45 PR 31805  (220 of 51436)
11:51:46 PR 31804  (221 of 51436)
11:51:48 PR 31803  (222 of 51436)
11:51:50 PR 31802  (223 of 51436)
11:51:53 PR 31801  (224 of 51436)
11:51:54 PR 31798  (225 of 51436)
11:51:56 PR 31796  (226 of 51436)
11:51:58 PR 31795  (227 of 51436)
11:51:59 PR 31794  (228 of 51436)
11:52:01 PR 31793  (229 of 51436)
11:52:03 PR 31792  (230 of 51436)
11:52:04 PR 31790  (231 of 51436)
11:52:06 PR 31788  (232 of 51436)
11:52:08 PR 31787  (233 of 51436)
11:52:10 PR 31786  (234 of 51436)
11:52:11 PR 31785  (235 of 51436)
11:52:13 PR 31784  (236 of 51436)
11:52:14 PR 31783  (237 of 51436)
11:52:16 PR 31781  (238 of 51436)
11:52:18 PR 31780  (239 of 51436)
11:52:20 PR 31777  (240 of 51436)
11:52:21 PR 31776  (241 of 51436)
11:52:24 PR 31775  (242 of 51436)
11:52:26 PR 31773  (243 of 51436)
11:52:29 PR 31772  (244 of 51436)
11:52:31 PR 31771  (245 of 51436)
11:52:32 PR 31770  (246 of 51436)
11:52:34 PR 31768  (247 of 51436)
11:52:35 PR 31766  (248 of 51436)
11:52:37 PR 31765  (249 of 51436)
11:52:38 PR 31764  (250 of 51436)
11:52:40 PR 31763  (251 of 51436)
11:52:42 PR 31760  (252 of 51436)
11:52:44 PR 31759  (253 of 51436)
11:52:46 PR 31758  (254 of 51436)
11:52:48 PR 31756  (255 of 51436)
11:52:49 PR 31755  (256 of 51436)
11:52:51 PR 31754  (257 of 51436)
11:52:53 PR 31753  (258 of 51436)
11:52:54 PR 31752  (259 of 51436)
11:52:56 PR 31751  (260 of 51436)
11:52:58 PR 31750  (261 of 51436)
11:52:59 PR 31747  (262 of 51436)
11:53:01 PR 31746  (263 of 51436)
11:53:03 PR 31744  (264 of 51436)
11:53:04 PR 31743  (265 of 51436)
11:53:06 PR 31740  (266 of 51436)
11:53:08 PR 31738  (267 of 51436)
11:53:09 PR 31737  (268 of 51436)
11:53:11 PR 31736  (269 of 51436)
11:53:12 PR 31734  (270 of 51436)
11:53:14 PR 31732  (271 of 51436)
11:53:16 PR 31731  (272 of 51436)
11:53:18 PR 31730  (273 of 51436)
11:53:20 PR 31728  (274 of 51436)
11:53:21 PR 31725  (275 of 51436)
11:53:22 PR 31724  (276 of 51436)
11:53:24 PR 31723  (277 of 51436)
11:53:26 PR 31722  (278 of 51436)
11:53:28 PR 31720  (279 of 51436)
11:53:29 PR 31719  (280 of 51436)
11:53:31 PR 31718  (281 of 51436)
11:53:32 PR 31717  (282 of 51436)
11:53:34 PR 31716  (283 of 51436)
11:53:36 PR 31715  (284 of 51436)
11:53:38 PR 31714  (285 of 51436)
11:53:40 PR 31713  (286 of 51436)
11:53:41 PR 31712  (287 of 51436)
11:53:43 PR 31710  (288 of 51436)
11:53:45 PR 31709  (289 of 51436)
11:53:47 PR 31708  (290 of 51436)
11:53:49 PR 31707  (291 of 51436)
11:53:51 PR 31706  (292 of 51436)
11:53:53 PR 31705  (293 of 51436)
11:53:54 PR 31703  (294 of 51436)
11:53:56 PR 31702  (295 of 51436)
11:53:58 PR 31701  (296 of 51436)
11:54:00 PR 31700  (297 of 51436)
11:54:02 PR 31699  (298 of 51436)
11:54:03 PR 31698  (299 of 51436)
11:54:07 PR 31697  (300 of 51436)
11:54:09 PR 31695  (301 of 51436)
11:54:10 PR 31694  (302 of 51436)
11:54:12 PR 31692  (303 of 51436)
11:54:14 PR 31691  (304 of 51436)
11:54:15 PR 31690  (305 of 51436)
11:54:17 PR 31689  (306 of 51436)
11:54:18 PR 31688  (307 of 51436)
11:54:20 PR 31687  (308 of 51436)
11:54:22 PR 31686  (309 of 51436)
11:54:23 PR 31685  (310 of 51436)
11:54:25 PR 31682  (311 of 51436)
11:54:27 PR 31641  (312 of 51436)
11:54:28 PR 31639  (313 of 51436)
11:54:30 PR 31638  (314 of 51436)
11:54:32 PR 31637  (315 of 51436)
11:54:34 PR 31636  (316 of 51436)
11:54:35 PR 31635  (317 of 51436)
11:54:37 PR 31634  (318 of 51436)
11:54:38 PR 31633  (319 of 51436)
11:54:40 PR 31632  (320 of 51436)
11:54:41 PR 31628  (321 of 51436)
11:54:43 PR 31626  (322 of 51436)
11:54:44 PR 31625  (323 of 51436)
11:54:47 PR 31624  (324 of 51436)
11:54:48 PR 31623  (325 of 51436)
11:54:50 PR 31622  (326 of 51436)
11:54:51 PR 31621  (327 of 51436)
11:54:53 PR 31620  (328 of 51436)
11:54:54 PR 31619  (329 of 51436)
11:54:56 PR 31618  (330 of 51436)
11:54:58 PR 31617  (331 of 51436)
11:55:00 PR 31615  (332 of 51436)
11:55:02 PR 31612  (333 of 51436)
11:55:03 PR 31611  (334 of 51436)
11:55:05 PR 31610  (335 of 51436)
11:55:07 PR 31608  (336 of 51436)
11:55:09 PR 31606  (337 of 51436)
11:55:10 PR 31605  (338 of 51436)
11:55:13 PR 31604  (339 of 51436)
11:55:14 PR 31603  (340 of 51436)
11:55:16 PR 31602  (341 of 51436)
11:55:18 PR 31601  (342 of 51436)
11:55:20 PR 31600  (343 of 51436)
11:55:22 PR 31598  (344 of 51436)
11:55:24 PR 31597  (345 of 51436)
11:55:26 PR 31596  (346 of 51436)
11:55:27 PR 31595  (347 of 51436)
11:55:29 PR 31594  (348 of 51436)
11:55:30 PR 31592  (349 of 51436)
11:55:32 PR 31591  (350 of 51436)
11:55:34 PR 31587  (351 of 51436)
11:55:35 PR 31586  (352 of 51436)
11:55:39 PR 31583  (353 of 51436)
11:55:40 PR 31581  (354 of 51436)
11:55:42 PR 31580  (355 of 51436)
11:55:44 PR 31578  (356 of 51436)
11:55:46 PR 31577  (357 of 51436)
11:55:48 PR 31576  (358 of 51436)
11:55:49 PR 31575  (359 of 51436)
11:55:51 PR 31574  (360 of 51436)
11:55:53 PR 31572  (361 of 51436)
11:55:55 PR 31571  (362 of 51436)
11:55:56 PR 31570  (363 of 51436)
11:55:58 PR 31568  (364 of 51436)
11:55:59 PR 31565  (365 of 51436)
11:56:01 PR 31564  (366 of 51436)
11:56:03 PR 31563  (367 of 51436)
11:56:05 PR 31561  (368 of 51436)
11:56:06 PR 31558  (369 of 51436)
11:56:08 PR 31557  (370 of 51436)
11:56:10 PR 31556  (371 of 51436)
11:56:12 PR 31554  (372 of 51436)
11:56:14 PR 31553  (373 of 51436)
11:56:16 PR 31552  (374 of 51436)
11:56:17 PR 31550  (375 of 51436)
11:56:19 PR 31548  (376 of 51436)
11:56:20 PR 31547  (377 of 51436)
11:56:22 PR 31545  (378 of 51436)
11:56:24 PR 31544  (379 of 51436)
11:56:25 PR 31541  (380 of 51436)
11:56:27 PR 31540  (381 of 51436)
11:56:29 PR 31539  (382 of 51436)
11:56:30 PR 31538  (383 of 51436)
11:56:32 PR 31537  (384 of 51436)
11:56:36 PR 31536  (385 of 51436)
11:56:38 PR 31535  (386 of 51436)
11:56:40 PR 31534  (387 of 51436)
11:56:41 PR 31533  (388 of 51436)
11:56:43 PR 31532  (389 of 51436)
11:56:45 PR 31530  (390 of 51436)
11:56:46 PR 31529  (391 of 51436)
11:56:48 PR 31527  (392 of 51436)
11:56:50 PR 31526  (393 of 51436)
11:56:51 PR 31525  (394 of 51436)
11:56:54 PR 31523  (395 of 51436)
11:56:56 PR 31521  (396 of 51436)
11:56:58 PR 31520  (397 of 51436)
11:56:59 PR 31519  (398 of 51436)
11:57:01 PR 31516  (399 of 51436)
11:57:02 PR 31515  (400 of 51436)
11:57:04 PR 31514  (401 of 51436)
11:57:06 PR 31513  (402 of 51436)
11:57:08 PR 31512  (403 of 51436)
11:57:09 PR 31509  (404 of 51436)
11:57:11 PR 31507  (405 of 51436)
11:57:13 PR 31506  (406 of 51436)
11:57:14 PR 31501  (407 of 51436)
11:57:16 PR 31500  (408 of 51436)
11:57:17 PR 31498  (409 of 51436)
11:57:19 PR 31497  (410 of 51436)
11:57:20 PR 31496  (411 of 51436)
11:57:22 PR 31495  (412 of 51436)
11:57:24 PR 31494  (413 of 51436)
11:57:26 PR 31493  (414 of 51436)
11:57:28 PR 31492  (415 of 51436)
11:57:30 PR 31491  (416 of 51436)
11:57:31 PR 31490  (417 of 51436)
11:57:33 PR 31489  (418 of 51436)
11:57:35 PR 31484  (419 of 51436)
11:57:37 PR 31483  (420 of 51436)
11:57:39 PR 31482  (421 of 51436)
11:57:41 PR 31481  (422 of 51436)
11:57:43 PR 31480  (423 of 51436)
11:57:44 PR 31479  (424 of 51436)
11:57:46 PR 31478  (425 of 51436)
11:57:48 PR 31477  (426 of 51436)
11:57:50 PR 31476  (427 of 51436)
11:57:52 PR 31474  (428 of 51436)
11:57:53 PR 31471  (429 of 51436)
11:57:55 PR 31470  (430 of 51436)
11:57:57 PR 31469  (431 of 51436)
11:57:59 PR 31468  (432 of 51436)
11:58:01 PR 31466  (433 of 51436)
11:58:03 PR 31465  (434 of 51436)
11:58:04 PR 31464  (435 of 51436)
11:58:06 PR 31463  (436 of 51436)
11:58:08 PR 31461  (437 of 51436)
11:58:09 PR 31459  (438 of 51436)
11:58:11 PR 31458  (439 of 51436)
11:58:13 PR 31457  (440 of 51436)
11:58:15 PR 31456  (441 of 51436)
11:58:17 PR 31455  (442 of 51436)
11:58:19 PR 31454  (443 of 51436)
11:58:20 PR 31452  (444 of 51436)
11:58:22 PR 31451  (445 of 51436)
11:58:24 PR 31450  (446 of 51436)
11:58:26 PR 31449  (447 of 51436)
11:58:28 PR 31448  (448 of 51436)
11:58:29 PR 31446  (449 of 51436)
11:58:31 PR 31445  (450 of 51436)
11:58:33 PR 31440  (451 of 51436)
11:58:35 PR 31438  (452 of 51436)
11:58:36 PR 31437  (453 of 51436)
11:58:38 PR 31434  (454 of 51436)
11:58:39 PR 31432  (455 of 51436)
11:58:42 PR 31431  (456 of 51436)
11:58:44 PR 31430  (457 of 51436)
11:58:46 PR 31429  (458 of 51436)
11:58:47 PR 31428  (459 of 51436)
11:58:49 PR 31427  (460 of 51436)
11:58:51 PR 31426  (461 of 51436)
11:58:52 PR 31425  (462 of 51436)
11:58:54 PR 31424  (463 of 51436)
11:58:56 PR 31423  (464 of 51436)
11:58:58 PR 31422  (465 of 51436)
11:58:59 PR 31421  (466 of 51436)
11:59:01 PR 31420  (467 of 51436)
11:59:02 PR 31418  (468 of 51436)
11:59:05 PR 31417  (469 of 51436)
11:59:07 PR 31413  (470 of 51436)
11:59:08 PR 31412  (471 of 51436)
11:59:10 PR 31411  (472 of 51436)
11:59:11 PR 31410  (473 of 51436)
11:59:13 PR 31409  (474 of 51436)
11:59:15 PR 31407  (475 of 51436)
11:59:17 PR 31406  (476 of 51436)
11:59:19 PR 31405  (477 of 51436)
11:59:21 PR 31404  (478 of 51436)
11:59:22 PR 31403  (479 of 51436)
11:59:24 PR 31402  (480 of 51436)
11:59:25 PR 31401  (481 of 51436)
11:59:27 PR 31399  (482 of 51436)
11:59:28 PR 31398  (483 of 51436)
11:59:30 PR 31397  (484 of 51436)
11:59:31 PR 31396  (485 of 51436)
11:59:33 PR 31395  (486 of 51436)
11:59:34 PR 31394  (487 of 51436)
11:59:36 PR 31391  (488 of 51436)
11:59:38 PR 31390  (489 of 51436)
11:59:39 PR 31389  (490 of 51436)
11:59:41 PR 31388  (491 of 51436)
11:59:42 PR 31387  (492 of 51436)
11:59:45 PR 31384  (493 of 51436)
11:59:46 PR 31383  (494 of 51436)
11:59:48 PR 31382  (495 of 51436)
11:59:49 PR 31381  (496 of 51436)
11:59:51 PR 31380  (497 of 51436)
11:59:53 PR 31378  (498 of 51436)
11:59:55 PR 31375  (499 of 51436)
11:59:56 PR 31374  (500 of 51436)
11:59:58 PR 31373  (501 of 51436)
11:59:59 PR 31372  (502 of 51436)
12:00:01 PR 31371  (503 of 51436)
12:00:04 PR 32355  (504 of 51436)
12:00:05 PR 32352  (505 of 51436)
12:00:07 PR 32351  (506 of 51436)
12:00:09 PR 32350  (507 of 51436)
12:00:10 PR 32349  (508 of 51436)
12:00:12 PR 32348  (509 of 51436)
12:00:14 PR 32347  (510 of 51436)
12:00:16 PR 32346  (511 of 51436)
12:00:18 PR 32345  (512 of 51436)
12:00:20 PR 32341  (513 of 51436)
12:00:22 PR 32340  (514 of 51436)
12:00:24 PR 32338  (515 of 51436)
12:00:26 PR 32337  (516 of 51436)
12:00:27 PR 32336  (517 of 51436)
12:00:29 PR 32335  (518 of 51436)
12:00:30 PR 32334  (519 of 51436)
12:00:32 PR 32333  (520 of 51436)
12:00:34 PR 32332  (521 of 51436)
12:00:35 PR 32330  (522 of 51436)
12:00:37 PR 32329  (523 of 51436)
12:00:39 PR 32328  (524 of 51436)
12:00:40 PR 32327  (525 of 51436)
12:00:42 PR 32326  (526 of 51436)
12:00:44 PR 32325  (527 of 51436)
12:00:45 PR 32324  (528 of 51436)
12:00:47 PR 32323  (529 of 51436)
12:00:49 PR 32322  (530 of 51436)
12:00:51 PR 32319  (531 of 51436)
12:00:52 PR 32318  (532 of 51436)
12:00:54 PR 32317  (533 of 51436)
12:00:56 PR 32316  (534 of 51436)
12:00:57 PR 32315  (535 of 51436)
12:00:59 PR 32313  (536 of 51436)
12:01:00 PR 32312  (537 of 51436)
12:01:02 PR 32311  (538 of 51436)
12:01:04 PR 32310  (539 of 51436)
12:01:06 PR 32309  (540 of 51436)
12:01:08 PR 32308  (541 of 51436)
12:01:09 PR 32307  (542 of 51436)
12:01:11 PR 32306  (543 of 51436)
12:01:13 PR 32305  (544 of 51436)
12:01:14 PR 32304  (545 of 51436)
12:01:16 PR 32303  (546 of 51436)
12:01:17 PR 32302  (547 of 51436)
12:01:19 PR 32301  (548 of 51436)
12:01:20 PR 32300  (549 of 51436)
12:01:22 PR 32299  (550 of 51436)
12:01:23 PR 32298  (551 of 51436)
12:01:26 PR 32297  (552 of 51436)
12:01:28 PR 32296  (553 of 51436)
12:01:29 PR 32295  (554 of 51436)
12:01:31 PR 32294  (555 of 51436)
12:01:32 PR 32292  (556 of 51436)
12:01:34 PR 32290  (557 of 51436)
12:01:36 PR 32285  (558 of 51436)
12:01:38 PR 32284  (559 of 51436)
12:01:40 PR 32283  (560 of 51436)
12:01:42 PR 32281  (561 of 51436)
12:01:44 PR 32280  (562 of 51436)
12:01:45 PR 32278  (563 of 51436)
12:01:47 PR 32277  (564 of 51436)
12:01:49 PR 32276  (565 of 51436)
12:01:50 PR 32275  (566 of 51436)
12:01:52 PR 32274  (567 of 51436)
12:01:54 PR 32273  (568 of 51436)
12:01:56 PR 32272  (569 of 51436)
12:01:58 PR 32271  (570 of 51436)
12:01:59 PR 32268  (571 of 51436)
12:02:01 PR 32267  (572 of 51436)
12:02:02 PR 32266  (573 of 51436)
12:02:04 PR 32263  (574 of 51436)
12:02:06 PR 32262  (575 of 51436)
12:02:07 PR 32259  (576 of 51436)
12:02:09 PR 32255  (577 of 51436)
12:02:11 PR 32254  (578 of 51436)
12:02:13 PR 32253  (579 of 51436)
12:02:15 PR 32251  (580 of 51436)
12:02:17 PR 32250  (581 of 51436)
12:02:18 PR 32249  (582 of 51436)
12:02:20 PR 32248  (583 of 51436)
12:02:21 PR 32247  (584 of 51436)
12:02:23 PR 32246  (585 of 51436)
12:02:26 PR 32245  (586 of 51436)
12:02:28 PR 32244  (587 of 51436)
12:02:29 PR 32243  (588 of 51436)
12:02:32 PR 32242  (589 of 51436)
12:02:34 PR 32241  (590 of 51436)
12:02:36 PR 32240  (591 of 51436)
12:02:38 PR 32239  (592 of 51436)
12:02:40 PR 32236  (593 of 51436)
12:02:41 PR 32235  (594 of 51436)
12:02:43 PR 32231  (595 of 51436)
12:02:44 PR 32230  (596 of 51436)
12:02:46 PR 32229  (597 of 51436)
12:02:49 PR 32228  (598 of 51436)
12:02:51 PR 32227  (599 of 51436)
12:02:52 PR 32226  (600 of 51436)
12:02:54 PR 32223  (601 of 51436)
12:02:56 PR 32222  (602 of 51436)
12:02:58 PR 32219  (603 of 51436)
12:03:00 PR 32218  (604 of 51436)
12:03:02 PR 32217  (605 of 51436)
12:03:03 PR 32216  (606 of 51436)
12:03:05 PR 32215  (607 of 51436)
12:03:07 PR 32214  (608 of 51436)
12:03:08 PR 32211  (609 of 51436)
12:03:10 PR 32210  (610 of 51436)
12:03:12 PR 32209  (611 of 51436)
12:03:13 PR 32208  (612 of 51436)
12:03:15 PR 32207  (613 of 51436)
12:03:17 PR 32204  (614 of 51436)
12:03:18 PR 32202  (615 of 51436)
12:03:20 PR 32200  (616 of 51436)
12:03:21 PR 32199  (617 of 51436)
12:03:23 PR 32198  (618 of 51436)
12:03:24 PR 32196  (619 of 51436)
12:03:26 PR 32191  (620 of 51436)
12:03:28 PR 32190  (621 of 51436)
12:03:29 PR 32189  (622 of 51436)
12:03:32 PR 32188  (623 of 51436)
12:03:33 PR 32186  (624 of 51436)
12:03:35 PR 32185  (625 of 51436)
12:03:37 PR 32184  (626 of 51436)
12:03:38 PR 32183  (627 of 51436)
12:03:40 PR 32182  (628 of 51436)
12:03:41 PR 32180  (629 of 51436)
12:03:43 PR 32178  (630 of 51436)
12:03:45 PR 32177  (631 of 51436)
12:03:47 PR 32176  (632 of 51436)
12:03:48 PR 32175  (633 of 51436)
12:03:50 PR 32174  (634 of 51436)
12:03:51 PR 32173  (635 of 51436)
12:03:53 PR 32172  (636 of 51436)
12:03:55 PR 32171  (637 of 51436)
12:03:56 PR 32170  (638 of 51436)
12:03:59 PR 32169  (639 of 51436)
12:04:01 PR 32168  (640 of 51436)
12:04:04 PR 32166  (641 of 51436)
12:04:05 PR 32165  (642 of 51436)
12:04:07 PR 32164  (643 of 51436)
12:04:09 PR 32163  (644 of 51436)
12:04:10 PR 32162  (645 of 51436)
12:04:12 PR 32161  (646 of 51436)
12:04:13 PR 32160  (647 of 51436)
12:04:15 PR 32159  (648 of 51436)
12:04:17 PR 32156  (649 of 51436)
12:04:18 PR 32155  (650 of 51436)
12:04:20 PR 32154  (651 of 51436)
12:04:22 PR 32150  (652 of 51436)
12:04:23 PR 32149  (653 of 51436)
12:04:25 PR 32147  (654 of 51436)
12:04:26 PR 32146  (655 of 51436)
12:04:28 PR 32144  (656 of 51436)
12:04:30 PR 32141  (657 of 51436)
12:04:31 PR 32140  (658 of 51436)
12:04:33 PR 32138  (659 of 51436)
12:04:35 PR 32134  (660 of 51436)
12:04:37 PR 32132  (661 of 51436)
12:04:38 PR 32131  (662 of 51436)
12:04:40 PR 32130  (663 of 51436)
12:04:43 PR 32128  (664 of 51436)
12:04:45 PR 32127  (665 of 51436)
12:04:46 PR 32126  (666 of 51436)
12:04:48 PR 32125  (667 of 51436)
12:04:49 PR 32123  (668 of 51436)
12:04:51 PR 32122  (669 of 51436)
12:04:53 PR 32121  (670 of 51436)
12:04:54 PR 32120  (671 of 51436)
12:04:56 PR 32119  (672 of 51436)
12:04:57 PR 32117  (673 of 51436)
12:04:59 PR 32116  (674 of 51436)
12:05:00 PR 32115  (675 of 51436)
12:05:03 PR 32110  (676 of 51436)
12:05:05 PR 32109  (677 of 51436)
12:05:06 PR 32108  (678 of 51436)
12:05:08 PR 32107  (679 of 51436)
12:05:10 PR 32106  (680 of 51436)
12:05:12 PR 32105  (681 of 51436)
12:05:14 PR 32104  (682 of 51436)
12:05:15 PR 32102  (683 of 51436)
12:05:17 PR 32101  (684 of 51436)
12:05:19 PR 32099  (685 of 51436)
12:05:20 PR 32097  (686 of 51436)
12:05:22 PR 32096  (687 of 51436)
12:05:23 PR 32094  (688 of 51436)
12:05:25 PR 32093  (689 of 51436)
12:05:26 PR 32092  (690 of 51436)
12:05:28 PR 32091  (691 of 51436)
12:05:29 PR 32090  (692 of 51436)
12:05:31 PR 32089  (693 of 51436)
12:05:33 PR 32088  (694 of 51436)
12:05:35 PR 32087  (695 of 51436)
12:05:36 PR 32086  (696 of 51436)
12:05:38 PR 32085  (697 of 51436)
12:05:39 PR 32083  (698 of 51436)
12:05:41 PR 32082  (699 of 51436)
12:05:44 PR 32081  (700 of 51436)
12:05:46 PR 32080  (701 of 51436)
12:05:48 PR 32079  (702 of 51436)
12:05:49 PR 32077  (703 of 51436)
12:05:51 PR 32076  (704 of 51436)
12:05:53 PR 32074  (705 of 51436)
12:05:54 PR 32073  (706 of 51436)
12:05:56 PR 32069  (707 of 51436)
12:05:58 PR 32068  (708 of 51436)
12:05:59 PR 32066  (709 of 51436)
12:06:01 PR 32065  (710 of 51436)
12:06:02 PR 32063  (711 of 51436)
12:06:04 PR 32062  (712 of 51436)
12:06:05 PR 32061  (713 of 51436)
12:06:07 PR 32060  (714 of 51436)
12:06:09 PR 32058  (715 of 51436)
12:06:11 PR 32057  (716 of 51436)
12:06:14 PR 32056  (717 of 51436)
12:06:15 PR 32055  (718 of 51436)
12:06:19 PR 32054  (719 of 51436)
12:06:21 PR 32053  (720 of 51436)
12:06:22 PR 32051  (721 of 51436)
12:06:24 PR 32050  (722 of 51436)
12:06:25 PR 32049  (723 of 51436)
12:06:27 PR 32047  (724 of 51436)
12:06:29 PR 32044  (725 of 51436)
12:06:31 PR 32043  (726 of 51436)
12:06:33 PR 32042  (727 of 51436)
12:06:35 PR 32041  (728 of 51436)
12:06:37 PR 32039  (729 of 51436)
12:06:38 PR 32038  (730 of 51436)
12:06:40 PR 32036  (731 of 51436)
12:06:42 PR 32034  (732 of 51436)
12:06:43 PR 32032  (733 of 51436)
12:06:45 PR 32031  (734 of 51436)
12:06:47 PR 32029  (735 of 51436)
12:06:49 PR 32028  (736 of 51436)
12:06:50 PR 32027  (737 of 51436)
12:06:52 PR 32026  (738 of 51436)
12:06:53 PR 32025  (739 of 51436)
12:06:55 PR 32024  (740 of 51436)
12:06:57 PR 32022  (741 of 51436)
12:06:58 PR 32021  (742 of 51436)
12:07:00 PR 32020  (743 of 51436)
12:07:01 PR 32019  (744 of 51436)
12:07:03 PR 32017  (745 of 51436)
12:07:05 PR 32016  (746 of 51436)
12:07:06 PR 32013  (747 of 51436)
12:07:08 PR 32012  (748 of 51436)
12:07:10 PR 32011  (749 of 51436)
12:07:11 PR 32010  (750 of 51436)
12:07:14 PR 32009  (751 of 51436)
12:07:16 PR 32008  (752 of 51436)
12:07:17 PR 32006  (753 of 51436)
12:07:19 PR 32004  (754 of 51436)
12:07:21 PR 32003  (755 of 51436)
12:07:23 PR 32001  (756 of 51436)
12:07:24 PR 31999  (757 of 51436)
12:07:27 PR 31998  (758 of 51436)
12:07:29 PR 31997  (759 of 51436)
12:07:30 PR 31995  (760 of 51436)
12:07:32 PR 31992  (761 of 51436)
12:07:35 PR 31991  (762 of 51436)
12:07:36 PR 31990  (763 of 51436)
12:07:38 PR 31988  (764 of 51436)
12:07:40 PR 31987  (765 of 51436)
12:07:41 PR 31984  (766 of 51436)
12:07:43 PR 31983  (767 of 51436)
12:07:45 PR 31981  (768 of 51436)
12:07:46 PR 31979  (769 of 51436)
12:07:48 PR 31978  (770 of 51436)
12:07:49 PR 31977  (771 of 51436)
12:07:51 PR 31975  (772 of 51436)
12:07:52 PR 31974  (773 of 51436)
12:07:54 PR 31972  (774 of 51436)
12:07:55 PR 31971  (775 of 51436)
12:07:57 PR 31970  (776 of 51436)
12:07:59 PR 31968  (777 of 51436)
12:08:00 PR 31967  (778 of 51436)
12:08:02 PR 31966  (779 of 51436)
12:08:04 PR 31965  (780 of 51436)
12:08:06 PR 31963  (781 of 51436)
12:08:08 PR 31962  (782 of 51436)
12:08:09 PR 31960  (783 of 51436)
12:08:11 PR 31958  (784 of 51436)
12:08:13 PR 31957  (785 of 51436)
12:08:14 PR 31956  (786 of 51436)
12:08:16 PR 31955  (787 of 51436)
12:08:18 PR 31954  (788 of 51436)
12:08:20 PR 31953  (789 of 51436)
12:08:22 PR 31951  (790 of 51436)
12:08:23 PR 31950  (791 of 51436)
12:08:25 PR 31949  (792 of 51436)
12:08:26 PR 31945  (793 of 51436)
12:08:28 PR 31942  (794 of 51436)
12:08:29 PR 31941  (795 of 51436)
12:08:31 PR 31940  (796 of 51436)
12:08:33 PR 31939  (797 of 51436)
12:08:35 PR 31936  (798 of 51436)
12:08:36 PR 31935  (799 of 51436)
12:08:38 PR 31934  (800 of 51436)
12:08:39 PR 31933  (801 of 51436)
12:08:41 PR 31932  (802 of 51436)
12:08:42 PR 31931  (803 of 51436)
12:08:44 PR 31929  (804 of 51436)
12:08:45 PR 31927  (805 of 51436)
12:08:47 PR 31926  (806 of 51436)
12:08:49 PR 31925  (807 of 51436)
12:08:50 PR 31923  (808 of 51436)
12:08:52 PR 31919  (809 of 51436)
12:08:54 PR 31918  (810 of 51436)
12:08:56 PR 31917  (811 of 51436)
12:08:57 PR 31916  (812 of 51436)
12:08:59 PR 31915  (813 of 51436)
12:09:00 PR 31913  (814 of 51436)
12:09:03 PR 31910  (815 of 51436)
12:09:05 PR 31909  (816 of 51436)
12:09:07 PR 31908  (817 of 51436)
12:09:08 PR 31906  (818 of 51436)
12:09:10 PR 31904  (819 of 51436)
12:09:12 PR 31903  (820 of 51436)
12:09:14 PR 31902  (821 of 51436)
12:09:16 PR 31901  (822 of 51436)
12:09:17 PR 31899  (823 of 51436)
12:09:19 PR 31898  (824 of 51436)
12:09:21 PR 31897  (825 of 51436)
12:09:22 PR 31896  (826 of 51436)
12:09:24 PR 31895  (827 of 51436)
12:09:25 PR 31894  (828 of 51436)
12:09:28 PR 31893  (829 of 51436)
12:09:30 PR 31892  (830 of 51436)
12:09:31 PR 31891  (831 of 51436)
12:09:33 PR 31890  (832 of 51436)
12:09:34 PR 31889  (833 of 51436)
12:09:36 PR 31888  (834 of 51436)
12:09:37 PR 31887  (835 of 51436)
12:09:39 PR 31886  (836 of 51436)
12:09:41 PR 31885  (837 of 51436)
12:09:42 PR 31884  (838 of 51436)
12:09:44 PR 31883  (839 of 51436)
12:09:46 PR 31882  (840 of 51436)
12:09:48 PR 31881  (841 of 51436)
12:09:50 PR 31880  (842 of 51436)
12:09:52 PR 31879  (843 of 51436)
12:09:53 PR 31877  (844 of 51436)
12:09:57 PR 31875  (845 of 51436)
12:09:59 PR 31874  (846 of 51436)
12:10:00 PR 31873  (847 of 51436)
12:10:02 PR 31872  (848 of 51436)
12:10:04 PR 31871  (849 of 51436)
12:10:05 PR 31870  (850 of 51436)
12:10:07 PR 31869  (851 of 51436)
12:10:09 PR 31866  (852 of 51436)
12:10:10 PR 31865  (853 of 51436)
12:10:12 PR 31864  (854 of 51436)
12:10:14 PR 31863  (855 of 51436)
12:10:16 PR 31862  (856 of 51436)
12:10:17 PR 31861  (857 of 51436)
12:10:21 PR 31860  (858 of 51436)
12:10:24 PR 31859  (859 of 51436)
12:10:26 PR 31855  (860 of 51436)
12:10:27 PR 31852  (861 of 51436)
12:10:29 PR 31851  (862 of 51436)
12:10:31 PR 31850  (863 of 51436)
12:10:33 PR 31849  (864 of 51436)
12:10:34 PR 31848  (865 of 51436)
12:10:36 PR 31846  (866 of 51436)
12:10:37 PR 31845  (867 of 51436)
12:10:39 PR 31844  (868 of 51436)
12:10:40 PR 31843  (869 of 51436)
12:10:42 PR 31842  (870 of 51436)
12:10:44 PR 31841  (871 of 51436)
12:10:46 PR 31840  (872 of 51436)
12:10:47 PR 31839  (873 of 51436)
12:10:49 PR 31834  (874 of 51436)
12:10:51 PR 31833  (875 of 51436)
12:10:53 PR 31832  (876 of 51436)
12:10:55 PR 31831  (877 of 51436)
12:10:57 PR 31830  (878 of 51436)
12:10:58 PR 31828  (879 of 51436)
12:11:00 PR 31827  (880 of 51436)
12:11:02 PR 31826  (881 of 51436)
12:11:04 PR 31825  (882 of 51436)
12:11:06 PR 31823  (883 of 51436)
12:11:09 PR 31821  (884 of 51436)
12:11:10 PR 31820  (885 of 51436)
12:11:12 PR 31818  (886 of 51436)
12:11:14 PR 31816  (887 of 51436)
12:11:16 PR 31815  (888 of 51436)
12:11:17 PR 31814  (889 of 51436)
12:11:19 PR 31813  (890 of 51436)
12:11:21 PR 31812  (891 of 51436)
12:11:23 PR 32731  (892 of 51436)
12:11:26 PR 32730  (893 of 51436)
12:11:28 PR 32729  (894 of 51436)
12:11:30 PR 32728  (895 of 51436)
12:11:32 PR 32727  (896 of 51436)
12:11:33 PR 32725  (897 of 51436)
12:11:35 PR 32722  (898 of 51436)
12:11:37 PR 32717  (899 of 51436)
12:11:39 PR 32716  (900 of 51436)
12:11:41 PR 32714  (901 of 51436)
12:11:43 PR 32713  (902 of 51436)
12:11:45 PR 32712  (903 of 51436)
12:11:47 PR 32711  (904 of 51436)
12:11:48 PR 32710  (905 of 51436)
12:11:50 PR 32709  (906 of 51436)
12:11:52 PR 32707  (907 of 51436)
12:11:54 PR 32706  (908 of 51436)
12:11:55 PR 32704  (909 of 51436)
12:11:57 PR 32703  (910 of 51436)
12:11:59 PR 32701  (911 of 51436)
12:12:02 PR 32700  (912 of 51436)
12:12:03 PR 32698  (913 of 51436)
12:12:07 PR 32694  (914 of 51436)
12:12:09 PR 32693  (915 of 51436)
12:12:10 PR 32692  (916 of 51436)
12:12:12 PR 32690  (917 of 51436)
12:12:14 PR 32689  (918 of 51436)
12:12:16 PR 32687  (919 of 51436)
12:12:17 PR 32685  (920 of 51436)
12:12:19 PR 32684  (921 of 51436)
12:12:21 PR 32683  (922 of 51436)
12:12:22 PR 32682  (923 of 51436)
12:12:24 PR 32681  (924 of 51436)
12:12:26 PR 32680  (925 of 51436)
12:12:27 PR 32678  (926 of 51436)
12:12:29 PR 32676  (927 of 51436)
12:12:31 PR 32675  (928 of 51436)
12:12:32 PR 32674  (929 of 51436)
12:12:35 PR 32673  (930 of 51436)
12:12:36 PR 32672  (931 of 51436)
12:12:38 PR 32671  (932 of 51436)
12:12:40 PR 32670  (933 of 51436)
12:12:42 PR 32668  (934 of 51436)
12:12:45 PR 32667  (935 of 51436)
12:12:48 PR 32666  (936 of 51436)
12:12:49 PR 32664  (937 of 51436)
12:12:51 PR 32663  (938 of 51436)
12:12:53 PR 32662  (939 of 51436)
12:12:54 PR 32661  (940 of 51436)
12:12:57 PR 32659  (941 of 51436)
12:12:58 PR 32658  (942 of 51436)
12:13:00 PR 32654  (943 of 51436)
12:13:02 PR 32653  (944 of 51436)
12:13:03 PR 32652  (945 of 51436)
12:13:05 PR 32651  (946 of 51436)
12:13:06 PR 32650  (947 of 51436)
12:13:08 PR 32648  (948 of 51436)
12:13:10 PR 32647  (949 of 51436)
12:13:12 PR 32646  (950 of 51436)
12:13:13 PR 32645  (951 of 51436)
12:13:15 PR 32643  (952 of 51436)
12:13:17 PR 32642  (953 of 51436)
12:13:18 PR 32641  (954 of 51436)
12:13:20 PR 32640  (955 of 51436)
12:13:22 PR 32639  (956 of 51436)
12:13:23 PR 32638  (957 of 51436)
12:13:25 PR 32637  (958 of 51436)
12:13:26 PR 32636  (959 of 51436)
12:13:28 PR 32635  (960 of 51436)
12:13:30 PR 32634  (961 of 51436)
12:13:31 PR 32632  (962 of 51436)
12:13:32 PR 32631  (963 of 51436)
12:13:34 PR 32630  (964 of 51436)
12:13:36 PR 32629  (965 of 51436)
12:13:38 PR 32628  (966 of 51436)
12:13:40 PR 32627  (967 of 51436)
12:13:42 PR 32626  (968 of 51436)
12:13:44 PR 32625  (969 of 51436)
12:13:46 PR 32624  (970 of 51436)
12:13:47 PR 32623  (971 of 51436)
12:13:50 PR 32622  (972 of 51436)
12:13:52 PR 32620  (973 of 51436)
12:13:56 PR 32618  (974 of 51436)
12:13:57 PR 32617  (975 of 51436)
12:13:59 PR 32616  (976 of 51436)
12:14:01 PR 32615  (977 of 51436)
12:14:03 PR 32614  (978 of 51436)
12:14:05 PR 32613  (979 of 51436)
12:14:06 PR 32612  (980 of 51436)
12:14:08 PR 32611  (981 of 51436)
12:14:10 PR 32609  (982 of 51436)
12:14:11 PR 32607  (983 of 51436)
12:14:13 PR 32606  (984 of 51436)
12:14:15 PR 32605  (985 of 51436)
12:14:16 PR 32604  (986 of 51436)
12:14:18 PR 32602  (987 of 51436)
12:14:20 PR 32601  (988 of 51436)
12:14:22 PR 32600  (989 of 51436)
12:14:24 PR 32598  (990 of 51436)
12:14:25 PR 32597  (991 of 51436)
12:14:27 PR 32596  (992 of 51436)
12:14:29 PR 32595  (993 of 51436)
12:14:31 PR 32594  (994 of 51436)
12:14:33 PR 32593  (995 of 51436)
12:14:35 PR 32592  (996 of 51436)
12:14:36 PR 32591  (997 of 51436)
12:14:38 PR 32588  (998 of 51436)
12:14:40 PR 32587  (999 of 51436)
12:14:42 PR 32586  (1000 of 51436)
12:14:44 PR 32585  (1001 of 51436)
12:14:46 PR 32584  (1002 of 51436)
12:14:47 PR 32583  (1003 of 51436)
12:14:49 PR 32582  (1004 of 51436)
12:14:51 PR 32580  (1005 of 51436)
12:14:52 PR 32578  (1006 of 51436)
12:14:54 PR 32576  (1007 of 51436)
12:14:55 PR 32575  (1008 of 51436)
12:14:57 PR 32574  (1009 of 51436)
12:14:59 PR 32573  (1010 of 51436)
12:15:00 PR 32571  (1011 of 51436)
12:15:02 PR 32570  (1012 of 51436)
12:15:04 PR 32569  (1013 of 51436)
12:15:07 PR 32568  (1014 of 51436)
12:15:09 PR 32567  (1015 of 51436)
12:15:11 PR 32565  (1016 of 51436)
12:15:13 PR 32562  (1017 of 51436)
12:15:14 PR 32561  (1018 of 51436)
12:15:16 PR 32560  (1019 of 51436)
12:15:18 PR 32559  (1020 of 51436)
12:15:21 PR 32558  (1021 of 51436)
12:15:23 PR 32557  (1022 of 51436)
12:15:25 PR 32556  (1023 of 51436)
12:15:26 PR 32555  (1024 of 51436)
12:15:28 PR 32554  (1025 of 51436)
12:15:30 PR 32551  (1026 of 51436)
12:15:31 PR 32550  (1027 of 51436)
12:15:33 PR 32549  (1028 of 51436)
12:15:35 PR 32548  (1029 of 51436)
12:15:37 PR 32547  (1030 of 51436)
12:15:38 PR 32546  (1031 of 51436)
12:15:40 PR 32544  (1032 of 51436)
12:15:42 PR 32543  (1033 of 51436)
12:15:44 PR 32542  (1034 of 51436)
12:15:46 PR 32541  (1035 of 51436)
12:15:47 PR 32540  (1036 of 51436)
12:15:49 PR 32539  (1037 of 51436)
12:15:50 PR 32538  (1038 of 51436)
12:15:52 PR 32535  (1039 of 51436)
12:15:54 PR 32534  (1040 of 51436)
12:15:56 PR 32533  (1041 of 51436)
12:15:58 PR 32532  (1042 of 51436)
12:15:59 PR 32530  (1043 of 51436)
12:16:01 PR 32527  (1044 of 51436)
12:16:03 PR 32526  (1045 of 51436)
12:16:05 PR 32525  (1046 of 51436)
12:16:07 PR 32524  (1047 of 51436)
12:16:09 PR 32523  (1048 of 51436)
12:16:10 PR 32522  (1049 of 51436)
12:16:12 PR 32521  (1050 of 51436)
12:16:14 PR 32520  (1051 of 51436)
12:16:15 PR 32519  (1052 of 51436)
12:16:17 PR 32518  (1053 of 51436)
12:16:19 PR 32517  (1054 of 51436)
12:16:21 PR 32510  (1055 of 51436)
12:16:23 PR 32508  (1056 of 51436)
12:16:24 PR 32507  (1057 of 51436)
12:16:26 PR 32505  (1058 of 51436)
12:16:28 PR 32504  (1059 of 51436)
12:16:30 PR 32503  (1060 of 51436)
12:16:31 PR 32502  (1061 of 51436)
12:16:33 PR 32501  (1062 of 51436)
12:16:35 PR 32500  (1063 of 51436)
12:16:36 PR 32498  (1064 of 51436)
12:16:38 PR 32496  (1065 of 51436)
12:16:39 PR 32495  (1066 of 51436)
12:16:41 PR 32494  (1067 of 51436)
12:16:43 PR 32493  (1068 of 51436)
12:16:45 PR 32491  (1069 of 51436)
12:16:47 PR 32490  (1070 of 51436)
12:16:48 PR 32489  (1071 of 51436)
12:16:50 PR 32488  (1072 of 51436)
12:16:53 PR 32487  (1073 of 51436)
12:16:54 PR 32486  (1074 of 51436)
12:16:56 PR 32484  (1075 of 51436)
12:16:58 PR 32483  (1076 of 51436)
12:17:00 PR 32482  (1077 of 51436)
12:17:02 PR 32481  (1078 of 51436)
12:17:04 PR 32480  (1079 of 51436)
12:17:05 PR 32479  (1080 of 51436)
12:17:07 PR 32477  (1081 of 51436)
12:17:08 PR 32476  (1082 of 51436)
12:17:10 PR 32473  (1083 of 51436)
12:17:12 PR 32472  (1084 of 51436)
12:17:14 PR 32471  (1085 of 51436)
12:17:16 PR 32470  (1086 of 51436)
12:17:18 PR 32466  (1087 of 51436)
12:17:19 PR 32465  (1088 of 51436)
12:17:21 PR 32464  (1089 of 51436)
12:17:23 PR 32463  (1090 of 51436)
12:17:25 PR 32462  (1091 of 51436)
12:17:26 PR 32461  (1092 of 51436)
12:17:28 PR 32460  (1093 of 51436)
12:17:29 PR 32458  (1094 of 51436)
12:17:31 PR 32456  (1095 of 51436)
12:17:33 PR 32455  (1096 of 51436)
12:17:34 PR 32454  (1097 of 51436)
12:17:36 PR 32453  (1098 of 51436)
12:17:38 PR 32452  (1099 of 51436)
12:17:39 PR 32451  (1100 of 51436)
12:17:41 PR 32450  (1101 of 51436)
12:17:42 PR 32449  (1102 of 51436)
12:17:44 PR 32447  (1103 of 51436)
12:17:45 PR 32446  (1104 of 51436)
12:17:47 PR 32443  (1105 of 51436)
12:17:48 PR 32442  (1106 of 51436)
12:17:50 PR 32441  (1107 of 51436)
12:17:52 PR 32440  (1108 of 51436)
12:17:53 PR 32439  (1109 of 51436)
12:17:55 PR 32438  (1110 of 51436)
12:17:56 PR 32437  (1111 of 51436)
12:17:58 PR 32436  (1112 of 51436)
12:17:59 PR 32435  (1113 of 51436)
12:18:01 PR 32434  (1114 of 51436)
12:18:04 PR 32432  (1115 of 51436)
12:18:05 PR 32428  (1116 of 51436)
12:18:07 PR 32426  (1117 of 51436)
12:18:08 PR 32425  (1118 of 51436)
12:18:10 PR 32424  (1119 of 51436)
12:18:12 PR 32423  (1120 of 51436)
12:18:14 PR 32422  (1121 of 51436)
12:18:16 PR 32419  (1122 of 51436)
12:18:17 PR 32418  (1123 of 51436)
12:18:20 PR 32417  (1124 of 51436)
12:18:21 PR 32416  (1125 of 51436)
12:18:23 PR 32415  (1126 of 51436)
12:18:24 PR 32396  (1127 of 51436)
12:18:26 PR 32395  (1128 of 51436)
12:18:29 PR 32394  (1129 of 51436)
12:18:31 PR 32393  (1130 of 51436)
12:18:33 PR 32391  (1131 of 51436)
12:18:35 PR 32390  (1132 of 51436)
12:18:36 PR 32389  (1133 of 51436)
12:18:38 PR 32388  (1134 of 51436)
12:18:40 PR 32387  (1135 of 51436)
12:18:41 PR 32386  (1136 of 51436)
12:18:43 PR 32384  (1137 of 51436)
12:18:44 PR 32383  (1138 of 51436)
12:18:47 PR 32381  (1139 of 51436)
12:18:48 PR 32380  (1140 of 51436)
12:18:50 PR 32379  (1141 of 51436)
12:18:52 PR 32378  (1142 of 51436)
12:18:53 PR 32377  (1143 of 51436)
12:18:55 PR 32374  (1144 of 51436)
12:18:56 PR 32373  (1145 of 51436)
12:18:58 PR 32372  (1146 of 51436)
12:19:00 PR 32371  (1147 of 51436)
12:19:01 PR 32370  (1148 of 51436)
12:19:04 PR 32369  (1149 of 51436)
12:19:05 PR 32368  (1150 of 51436)
12:19:07 PR 32367  (1151 of 51436)
12:19:09 PR 32366  (1152 of 51436)
12:19:10 PR 32364  (1153 of 51436)
12:19:12 PR 32363  (1154 of 51436)
12:19:13 PR 32362  (1155 of 51436)
12:19:15 PR 32361  (1156 of 51436)
12:19:19 PR 32360  (1157 of 51436)
12:19:21 PR 32359  (1158 of 51436)
12:19:23 PR 32358  (1159 of 51436)
12:19:24 PR 32357  (1160 of 51436)
12:19:27 PR 32356  (1161 of 51436)
12:19:29 PR 33360  (1162 of 51436)
12:19:31 PR 33359  (1163 of 51436)
12:19:32 PR 33358  (1164 of 51436)
12:19:34 PR 33357  (1165 of 51436)
12:19:35 PR 33355  (1166 of 51436)
12:19:37 PR 33354  (1167 of 51436)
12:19:39 PR 33350  (1168 of 51436)
12:19:41 PR 33349  (1169 of 51436)
12:19:42 PR 33347  (1170 of 51436)
12:19:44 PR 33346  (1171 of 51436)
12:19:46 PR 33345  (1172 of 51436)
12:19:48 PR 33344  (1173 of 51436)
12:19:49 PR 33343  (1174 of 51436)
12:19:51 PR 33340  (1175 of 51436)
12:19:53 PR 33338  (1176 of 51436)
12:19:54 PR 33336  (1177 of 51436)
12:19:56 PR 33335  (1178 of 51436)
12:19:58 PR 33334  (1179 of 51436)
12:19:59 PR 33333  (1180 of 51436)
12:20:01 PR 33332  (1181 of 51436)
12:20:03 PR 33331  (1182 of 51436)
12:20:05 PR 33329  (1183 of 51436)
12:20:06 PR 33328  (1184 of 51436)
12:20:08 PR 33325  (1185 of 51436)
12:20:10 PR 33323  (1186 of 51436)
12:20:11 PR 33321  (1187 of 51436)
12:20:13 PR 33320  (1188 of 51436)
12:20:15 PR 33310  (1189 of 51436)
12:20:17 PR 33309  (1190 of 51436)
12:20:19 PR 33308  (1191 of 51436)
12:20:20 PR 33305  (1192 of 51436)
12:20:22 PR 33304  (1193 of 51436)
12:20:24 PR 33302  (1194 of 51436)
12:20:26 PR 33301  (1195 of 51436)
12:20:28 PR 33300  (1196 of 51436)
12:20:30 PR 33299  (1197 of 51436)
12:20:31 PR 33298  (1198 of 51436)
12:20:34 PR 33297  (1199 of 51436)
12:20:35 PR 33296  (1200 of 51436)
12:20:37 PR 33295  (1201 of 51436)
12:20:38 PR 33294  (1202 of 51436)
12:20:40 PR 33293  (1203 of 51436)
12:20:42 PR 33292  (1204 of 51436)
12:20:43 PR 33290  (1205 of 51436)
12:20:45 PR 33289  (1206 of 51436)
12:20:47 PR 33288  (1207 of 51436)
12:20:49 PR 33287  (1208 of 51436)
12:20:51 PR 33286  (1209 of 51436)
12:20:53 PR 33285  (1210 of 51436)
12:20:54 PR 33284  (1211 of 51436)
12:20:57 PR 33283  (1212 of 51436)
12:20:58 PR 33282  (1213 of 51436)
12:21:00 PR 33281  (1214 of 51436)
12:21:02 PR 33279  (1215 of 51436)
12:21:04 PR 33278  (1216 of 51436)
12:21:06 PR 33277  (1217 of 51436)
12:21:07 PR 33276  (1218 of 51436)
12:21:09 PR 33272  (1219 of 51436)
12:21:11 PR 33270  (1220 of 51436)
12:21:13 PR 33268  (1221 of 51436)
12:21:18 PR 33267  (1222 of 51436)
12:21:19 PR 33266  (1223 of 51436)
12:21:21 PR 33264  (1224 of 51436)
12:21:22 PR 33263  (1225 of 51436)
12:21:24 PR 33262  (1226 of 51436)
12:21:26 PR 33260  (1227 of 51436)
12:21:27 PR 33259  (1228 of 51436)
12:21:29 PR 33258  (1229 of 51436)
12:21:31 PR 33257  (1230 of 51436)
12:21:33 PR 33256  (1231 of 51436)
12:21:35 PR 33255  (1232 of 51436)
12:21:36 PR 33254  (1233 of 51436)
12:21:38 PR 33252  (1234 of 51436)
12:21:40 PR 33251  (1235 of 51436)
12:21:41 PR 33250  (1236 of 51436)
12:21:43 PR 33249  (1237 of 51436)
12:21:45 PR 33248  (1238 of 51436)
12:21:46 PR 33246  (1239 of 51436)
12:21:49 PR 33245  (1240 of 51436)
12:21:51 PR 33244  (1241 of 51436)
12:21:53 PR 33243  (1242 of 51436)
12:21:54 PR 33242  (1243 of 51436)
12:21:56 PR 33241  (1244 of 51436)
12:21:58 PR 33240  (1245 of 51436)
12:22:00 PR 33237  (1246 of 51436)
12:22:01 PR 33236  (1247 of 51436)
12:22:03 PR 33235  (1248 of 51436)
12:22:05 PR 33234  (1249 of 51436)
12:22:07 PR 33232  (1250 of 51436)
12:22:08 PR 33231  (1251 of 51436)
12:22:11 PR 33230  (1252 of 51436)
12:22:12 PR 33229  (1253 of 51436)
12:22:14 PR 33228  (1254 of 51436)
12:22:17 PR 33227  (1255 of 51436)
12:22:18 PR 33226  (1256 of 51436)
12:22:20 PR 33225  (1257 of 51436)
12:22:21 PR 33224  (1258 of 51436)
12:22:23 PR 33223  (1259 of 51436)
12:22:25 PR 33222  (1260 of 51436)
12:22:27 PR 33219  (1261 of 51436)
12:22:29 PR 33217  (1262 of 51436)
12:22:31 PR 33216  (1263 of 51436)
12:22:33 PR 33215  (1264 of 51436)
12:22:35 PR 33214  (1265 of 51436)
12:22:37 PR 33211  (1266 of 51436)
12:22:39 PR 33210  (1267 of 51436)
12:22:41 PR 33209  (1268 of 51436)
12:22:42 PR 33206  (1269 of 51436)
12:22:44 PR 33205  (1270 of 51436)
12:22:45 PR 33204  (1271 of 51436)
12:22:47 PR 33202  (1272 of 51436)
12:22:48 PR 33201  (1273 of 51436)
12:22:50 PR 33199  (1274 of 51436)
12:22:52 PR 33198  (1275 of 51436)
12:22:54 PR 33197  (1276 of 51436)
12:22:56 PR 33195  (1277 of 51436)
12:22:58 PR 33194  (1278 of 51436)
12:23:00 PR 33193  (1279 of 51436)
12:23:02 PR 33191  (1280 of 51436)
12:23:04 PR 33190  (1281 of 51436)
12:23:06 PR 33189  (1282 of 51436)
12:23:08 PR 33188  (1283 of 51436)
12:23:10 PR 33187  (1284 of 51436)
12:23:12 PR 33186  (1285 of 51436)
12:23:13 PR 33184  (1286 of 51436)
12:23:15 PR 33183  (1287 of 51436)
12:23:17 PR 33182  (1288 of 51436)
12:23:18 PR 33181  (1289 of 51436)
12:23:20 PR 33180  (1290 of 51436)
12:23:22 PR 33179  (1291 of 51436)
12:23:23 PR 33178  (1292 of 51436)
12:23:25 PR 33177  (1293 of 51436)
12:23:27 PR 33175  (1294 of 51436)
12:23:29 PR 33174  (1295 of 51436)
12:23:31 PR 33172  (1296 of 51436)
12:23:33 PR 33170  (1297 of 51436)
12:23:35 PR 33167  (1298 of 51436)
12:23:36 PR 33166  (1299 of 51436)
12:23:38 PR 33165  (1300 of 51436)
12:23:40 PR 33163  (1301 of 51436)
12:23:42 PR 33162  (1302 of 51436)
12:23:44 PR 33161  (1303 of 51436)
12:23:46 PR 33160  (1304 of 51436)
12:23:47 PR 33159  (1305 of 51436)
12:23:50 PR 33158  (1306 of 51436)
12:23:51 PR 33157  (1307 of 51436)
12:23:53 PR 33156  (1308 of 51436)
12:23:54 PR 33155  (1309 of 51436)
12:23:56 PR 33154  (1310 of 51436)
12:23:58 PR 33152  (1311 of 51436)
12:23:59 PR 33151  (1312 of 51436)
12:24:01 PR 33150  (1313 of 51436)
12:24:03 PR 33148  (1314 of 51436)
12:24:05 PR 33146  (1315 of 51436)
12:24:06 PR 33145  (1316 of 51436)
12:24:08 PR 33144  (1317 of 51436)
12:24:10 PR 33143  (1318 of 51436)
12:24:11 PR 33141  (1319 of 51436)
12:24:13 PR 33136  (1320 of 51436)
12:24:15 PR 33135  (1321 of 51436)
12:24:16 PR 33134  (1322 of 51436)
12:24:19 PR 33133  (1323 of 51436)
12:24:21 PR 33132  (1324 of 51436)
12:24:23 PR 33131  (1325 of 51436)
12:24:25 PR 33130  (1326 of 51436)
12:24:27 PR 33129  (1327 of 51436)
12:24:28 PR 33128  (1328 of 51436)
12:24:30 PR 33126  (1329 of 51436)
12:24:31 PR 33125  (1330 of 51436)
12:24:33 PR 33124  (1331 of 51436)
12:24:35 PR 33121  (1332 of 51436)
12:24:37 PR 33119  (1333 of 51436)
12:24:39 PR 33118  (1334 of 51436)
12:24:41 PR 33117  (1335 of 51436)
12:24:43 PR 33116  (1336 of 51436)
12:24:44 PR 33115  (1337 of 51436)
12:24:46 PR 33112  (1338 of 51436)
12:24:48 PR 33111  (1339 of 51436)
12:24:49 PR 33110  (1340 of 51436)
12:24:51 PR 33109  (1341 of 51436)
12:24:53 PR 33107  (1342 of 51436)
12:24:54 PR 33106  (1343 of 51436)
12:24:56 PR 33105  (1344 of 51436)
12:24:58 PR 33098  (1345 of 51436)
12:24:59 PR 33017  (1346 of 51436)
12:25:01 PR 33014  (1347 of 51436)
12:25:04 PR 33013  (1348 of 51436)
12:25:05 PR 33011  (1349 of 51436)
12:25:07 PR 33010  (1350 of 51436)
12:25:09 PR 33006  (1351 of 51436)
12:25:10 PR 33004  (1352 of 51436)
12:25:13 PR 33003  (1353 of 51436)
12:25:14 PR 33002  (1354 of 51436)
12:25:16 PR 32999  (1355 of 51436)
12:25:17 PR 32998  (1356 of 51436)
12:25:19 PR 32995  (1357 of 51436)
12:25:21 PR 32993  (1358 of 51436)
12:25:22 PR 32992  (1359 of 51436)
12:25:25 PR 32991  (1360 of 51436)
12:25:26 PR 32989  (1361 of 51436)
12:25:28 PR 32988  (1362 of 51436)
12:25:30 PR 32987  (1363 of 51436)
12:25:33 PR 32986  (1364 of 51436)
12:25:34 PR 32985  (1365 of 51436)
12:25:36 PR 32983  (1366 of 51436)
12:25:38 PR 32982  (1367 of 51436)
12:25:40 PR 32981  (1368 of 51436)
12:25:41 PR 32980  (1369 of 51436)
12:25:43 PR 32979  (1370 of 51436)
12:25:45 PR 32978  (1371 of 51436)
12:25:46 PR 32977  (1372 of 51436)
12:25:48 PR 32976  (1373 of 51436)
12:25:49 PR 32974  (1374 of 51436)
12:25:51 PR 32973  (1375 of 51436)
12:25:53 PR 32972  (1376 of 51436)
12:25:54 PR 32971  (1377 of 51436)
12:25:56 PR 32970  (1378 of 51436)
12:25:57 PR 32968  (1379 of 51436)
12:25:59 PR 32967  (1380 of 51436)
12:26:01 PR 32965  (1381 of 51436)
12:26:03 PR 32962  (1382 of 51436)
12:26:05 PR 32901  (1383 of 51436)
12:26:06 PR 32900  (1384 of 51436)
12:26:08 PR 32899  (1385 of 51436)
12:26:10 PR 32896  (1386 of 51436)
12:26:11 PR 32895  (1387 of 51436)
12:26:13 PR 32894  (1388 of 51436)
12:26:15 PR 32893  (1389 of 51436)
12:26:17 PR 32892  (1390 of 51436)
12:26:19 PR 32891  (1391 of 51436)
12:26:21 PR 32890  (1392 of 51436)
12:26:23 PR 32889  (1393 of 51436)
12:26:25 PR 32888  (1394 of 51436)
12:26:27 PR 32887  (1395 of 51436)
12:26:29 PR 32886  (1396 of 51436)
12:26:30 PR 32884  (1397 of 51436)
12:26:32 PR 32883  (1398 of 51436)
12:26:33 PR 32882  (1399 of 51436)
12:26:35 PR 32881  (1400 of 51436)
12:26:36 PR 32880  (1401 of 51436)
12:26:38 PR 32879  (1402 of 51436)
12:26:41 PR 32878  (1403 of 51436)
12:26:42 PR 32876  (1404 of 51436)
12:26:44 PR 32874  (1405 of 51436)
12:26:46 PR 32873  (1406 of 51436)
12:26:48 PR 32872  (1407 of 51436)
12:26:50 PR 32871  (1408 of 51436)
12:26:51 PR 32868  (1409 of 51436)
12:26:53 PR 32865  (1410 of 51436)
12:26:55 PR 32864  (1411 of 51436)
12:26:57 PR 32863  (1412 of 51436)
12:26:59 PR 32861  (1413 of 51436)
12:27:01 PR 32859  (1414 of 51436)
12:27:03 PR 32858  (1415 of 51436)
12:27:06 PR 32857  (1416 of 51436)
12:27:07 PR 32856  (1417 of 51436)
12:27:09 PR 32855  (1418 of 51436)
12:27:11 PR 32854  (1419 of 51436)
12:27:13 PR 32852  (1420 of 51436)
12:27:14 PR 32851  (1421 of 51436)
12:27:16 PR 32850  (1422 of 51436)
12:27:18 PR 32849  (1423 of 51436)
12:27:19 PR 32848  (1424 of 51436)
12:27:21 PR 32847  (1425 of 51436)
12:27:23 PR 32846  (1426 of 51436)
12:27:25 PR 32845  (1427 of 51436)
12:27:26 PR 32844  (1428 of 51436)
12:27:28 PR 32843  (1429 of 51436)
12:27:30 PR 32842  (1430 of 51436)
12:27:31 PR 32841  (1431 of 51436)
12:27:34 PR 32840  (1432 of 51436)
12:27:35 PR 32838  (1433 of 51436)
12:27:37 PR 32837  (1434 of 51436)
12:27:39 PR 32834  (1435 of 51436)
12:27:41 PR 32833  (1436 of 51436)
12:27:43 PR 32832  (1437 of 51436)
12:27:45 PR 32831  (1438 of 51436)
12:27:46 PR 32830  (1439 of 51436)
12:27:48 PR 32829  (1440 of 51436)
12:27:50 PR 32826  (1441 of 51436)
12:27:52 PR 32825  (1442 of 51436)
12:27:54 PR 32824  (1443 of 51436)
12:27:56 PR 32823  (1444 of 51436)
12:27:57 PR 32821  (1445 of 51436)
12:27:59 PR 32820  (1446 of 51436)
12:28:01 PR 32819  (1447 of 51436)
12:28:03 PR 32815  (1448 of 51436)
12:28:05 PR 32814  (1449 of 51436)
12:28:07 PR 32813  (1450 of 51436)
12:28:08 PR 32812  (1451 of 51436)
12:28:10 PR 32811  (1452 of 51436)
12:28:12 PR 32810  (1453 of 51436)
12:28:13 PR 32808  (1454 of 51436)
12:28:15 PR 32807  (1455 of 51436)
12:28:17 PR 32806  (1456 of 51436)
12:28:19 PR 32805  (1457 of 51436)
12:28:21 PR 32804  (1458 of 51436)
12:28:23 PR 32802  (1459 of 51436)
12:28:24 PR 32801  (1460 of 51436)
12:28:27 PR 32799  (1461 of 51436)
12:28:28 PR 32797  (1462 of 51436)
12:28:30 PR 32796  (1463 of 51436)
12:28:32 PR 32795  (1464 of 51436)
12:28:34 PR 32794  (1465 of 51436)
12:28:37 PR 32793  (1466 of 51436)
12:28:38 PR 32792  (1467 of 51436)
12:28:40 PR 32791  (1468 of 51436)
12:28:42 PR 32790  (1469 of 51436)
12:28:44 PR 32788  (1470 of 51436)
12:28:46 PR 32787  (1471 of 51436)
12:28:47 PR 32786  (1472 of 51436)
12:28:50 PR 32785  (1473 of 51436)
12:28:52 PR 32784  (1474 of 51436)
12:28:54 PR 32783  (1475 of 51436)
12:28:55 PR 32782  (1476 of 51436)
12:28:57 PR 32781  (1477 of 51436)
12:28:59 PR 32780  (1478 of 51436)
12:29:01 PR 32779  (1479 of 51436)
12:29:03 PR 32777  (1480 of 51436)
12:29:05 PR 32776  (1481 of 51436)
12:29:07 PR 32775  (1482 of 51436)
12:29:09 PR 32773  (1483 of 51436)
12:29:10 PR 32772  (1484 of 51436)
12:29:12 PR 32770  (1485 of 51436)
12:29:14 PR 32769  (1486 of 51436)
12:29:16 PR 32768  (1487 of 51436)
12:29:18 PR 32767  (1488 of 51436)
12:29:20 PR 32766  (1489 of 51436)
12:29:21 PR 32765  (1490 of 51436)
12:29:23 PR 32764  (1491 of 51436)
12:29:25 PR 32763  (1492 of 51436)
12:29:26 PR 32762  (1493 of 51436)
12:29:28 PR 32761  (1494 of 51436)
12:29:30 PR 32760  (1495 of 51436)
12:29:32 PR 32759  (1496 of 51436)
12:29:33 PR 32758  (1497 of 51436)
12:29:35 PR 32754  (1498 of 51436)
12:29:37 PR 32753  (1499 of 51436)
12:29:39 PR 32752  (1500 of 51436)
12:29:40 PR 32751  (1501 of 51436)
12:29:42 PR 32750  (1502 of 51436)
12:29:45 PR 32748  (1503 of 51436)
12:29:46 PR 32747  (1504 of 51436)
12:29:48 PR 32746  (1505 of 51436)
12:29:50 PR 32744  (1506 of 51436)
12:29:52 PR 32743  (1507 of 51436)
12:29:53 PR 32740  (1508 of 51436)
12:29:55 PR 32739  (1509 of 51436)
12:29:57 PR 32738  (1510 of 51436)
12:29:58 PR 32737  (1511 of 51436)
12:30:00 PR 32736  (1512 of 51436)
12:30:02 PR 32734  (1513 of 51436)
12:30:04 PR 32732  (1514 of 51436)
12:30:06 PR 33936  (1515 of 51436)
21:58:59 starting - 0 PRs already saved, skipping those
21:59:04 2021-01-01..2021-01-15: +215  (total 215)
21:59:09 2021-01-16..2021-01-31: +288  (total 503)
21:59:15 2021-02-01..2021-02-15: +388  (total 891)
21:59:21 2021-02-16..2021-02-28: +270  (total 1161)
21:59:28 2021-03-01..2021-03-15: +353  (total 1514)
21:59:37 2021-03-16..2021-03-31: +376  (total 1890)
21:59:41 2021-04-01..2021-04-15: +252  (total 2142)
21:59:47 2021-04-16..2021-04-30: +306  (total 2448)
21:59:50 search limit hit, sleeping 12s
22:00:05 2021-05-01..2021-05-15: +379  (total 2827)
22:00:12 2021-05-16..2021-05-31: +369  (total 3196)
22:00:17 2021-06-01..2021-06-15: +305  (total 3501)
22:00:22 2021-06-16..2021-06-30: +257  (total 3758)
22:00:27 2021-07-01..2021-07-15: +237  (total 3995)
22:00:31 2021-07-16..2021-07-31: +248  (total 4243)
22:00:36 2021-08-01..2021-08-15: +246  (total 4489)
22:00:40 2021-08-16..2021-08-31: +282  (total 4771)
22:00:45 2021-09-01..2021-09-15: +260  (total 5031)
22:00:49 search limit hit, sleeping 17s
22:01:08 2021-09-16..2021-09-30: +304  (total 5335)
22:01:14 2021-10-01..2021-10-15: +341  (total 5676)
22:01:20 2021-10-16..2021-10-31: +284  (total 5960)
22:01:26 2021-11-01..2021-11-15: +319  (total 6279)
22:01:31 2021-11-16..2021-11-30: +315  (total 6594)
22:01:37 2021-12-01..2021-12-15: +305  (total 6899)
22:01:40 2021-12-16..2021-12-31: +188  (total 7087)
22:01:45 2022-01-01..2022-01-15: +221  (total 7308)
22:01:51 2022-01-16..2022-01-31: +336  (total 7644)
22:01:51 search limit hit, sleeping 18s
22:02:15 2022-02-01..2022-02-15: +347  (total 7991)
22:02:20 2022-02-16..2022-02-28: +294  (total 8285)
22:02:26 2022-03-01..2022-03-15: +389  (total 8674)
22:02:33 2022-03-16..2022-03-31: +422  (total 9096)
22:02:40 2022-04-01..2022-04-15: +357  (total 9453)
22:02:44 2022-04-16..2022-04-30: +260  (total 9713)
22:02:49 2022-05-01..2022-05-15: +280  (total 9993)
22:02:55 2022-05-16..2022-05-31: +321  (total 10314)
22:02:55 search limit hit, sleeping 17s
22:03:17 2022-06-01..2022-06-15: +306  (total 10620)
22:03:24 2022-06-16..2022-06-30: +417  (total 11037)
22:03:35 2022-07-01..2022-07-15: +603  (total 11640)
22:03:44 2022-07-16..2022-07-31: +490  (total 12130)
22:03:51 2022-08-01..2022-08-15: +423  (total 12553)
22:03:58 search limit hit, sleeping 16s
22:04:17 2022-08-16..2022-08-31: +503  (total 13056)
22:04:17 2022-09-01..2022-09-15: +0  (total 13056)
22:04:24 2022-09-16..2022-09-30: +411  (total 13467)
22:04:30 2022-10-01..2022-10-15: +318  (total 13785)
22:04:36 2022-10-16..2022-10-31: +344  (total 14129)
22:04:42 2022-11-01..2022-11-15: +322  (total 14451)
22:04:47 2022-11-16..2022-11-30: +281  (total 14732)
22:04:52 2022-12-01..2022-12-15: +286  (total 15018)
22:04:55 2022-12-16..2022-12-31: +198  (total 15216)
22:04:59 search limit hit, sleeping 19s
22:05:19 2023-01-01..2023-01-15: +277  (total 15493)
22:05:25 2023-01-16..2023-01-31: +335  (total 15828)
22:05:32 2023-02-01..2023-02-15: +382  (total 16210)
22:05:36 2023-02-16..2023-02-28: +279  (total 16489)
22:05:45 2023-03-01..2023-03-15: +410  (total 16899)
22:05:52 2023-03-16..2023-03-31: +448  (total 17347)
22:05:58 2023-04-01..2023-04-15: +333  (total 17680)
22:06:05 2023-04-16..2023-04-30: +390  (total 18070)
22:06:05 search limit hit, sleeping 16s
22:06:26 2023-05-01..2023-05-15: +343  (total 18413)
22:06:34 2023-05-16..2023-05-31: +411  (total 18824)
22:06:40 2023-06-01..2023-06-15: +371  (total 19195)
22:06:47 2023-06-16..2023-06-30: +388  (total 19583)
22:06:53 2023-07-01..2023-07-15: +376  (total 19959)
22:07:01 2023-07-16..2023-07-31: +441  (total 20400)
22:07:08 2023-08-01..2023-08-15: +379  (total 20779)
22:07:08 search limit hit, sleeping 15s
22:07:32 2023-08-16..2023-08-31: +502  (total 21281)
22:07:39 2023-09-01..2023-09-15: +402  (total 21683)
22:07:47 2023-09-16..2023-09-30: +459  (total 22142)
22:07:55 2023-10-01..2023-10-15: +468  (total 22610)
22:08:04 2023-10-16..2023-10-31: +517  (total 23127)
22:08:10 search limit hit, sleeping 17s
22:08:29 2023-11-01..2023-11-15: +440  (total 23567)
22:08:38 2023-11-16..2023-11-30: +502  (total 24069)
22:08:46 2023-12-01..2023-12-15: +445  (total 24514)
22:08:51 2023-12-16..2023-12-31: +262  (total 24776)
22:08:58 2024-01-01..2024-01-15: +419  (total 25195)
22:09:08 2024-01-16..2024-01-31: +547  (total 25742)
22:09:13 search limit hit, sleeping 16s
22:09:34 2024-02-01..2024-02-15: +513  (total 26255)
22:09:41 2024-02-16..2024-02-29: +409  (total 26664)
22:09:50 2024-03-01..2024-03-15: +519  (total 27183)
22:09:58 2024-03-16..2024-03-31: +443  (total 27626)
22:10:06 2024-04-01..2024-04-15: +448  (total 28074)
22:10:15 2024-04-16..2024-04-30: +489  (total 28563)
22:10:17 search limit hit, sleeping 15s
22:10:40 2024-05-01..2024-05-15: +508  (total 29071)
22:10:51 2024-05-16..2024-05-31: +589  (total 29660)
22:11:01 2024-06-01..2024-06-15: +581  (total 30241)
22:11:11 2024-06-16..2024-06-30: +529  (total 30770)
22:11:20 2024-07-01..2024-07-15: +498  (total 31268)
22:11:24 search limit hit, sleeping 12s
22:11:41 2024-07-16..2024-07-31: +501  (total 31769)
22:11:48 2024-08-01..2024-08-15: +401  (total 32170)
22:11:57 2024-08-16..2024-08-31: +547  (total 32717)
22:12:05 2024-09-01..2024-09-15: +453  (total 33170)
22:12:14 2024-09-16..2024-09-30: +576  (total 33746)
22:12:21 search limit hit, sleeping 18s
22:12:40 2024-10-01..2024-10-15: +500  (total 34246)
22:12:51 2024-10-16..2024-10-31: +625  (total 34871)
22:13:00 2024-11-01..2024-11-15: +545  (total 35416)
22:13:11 2024-11-16..2024-11-30: +631  (total 36047)
22:13:20 2024-12-01..2024-12-15: +507  (total 36554)
22:13:25 search limit hit, sleeping 16s
22:13:43 2024-12-16..2024-12-31: +360  (total 36914)
22:13:50 2025-01-01..2025-01-15: +443  (total 37357)
22:14:00 2025-01-16..2025-01-31: +617  (total 37974)
22:14:11 2025-02-01..2025-02-15: +643  (total 38617)
22:14:20 2025-02-16..2025-02-28: +517  (total 39134)
22:14:27 search limit hit, sleeping 17s
22:14:47 2025-03-01..2025-03-15: +514  (total 39648)
22:14:57 2025-03-16..2025-03-31: +621  (total 40269)
22:15:08 2025-04-01..2025-04-15: +592  (total 40861)
22:15:17 2025-04-16..2025-04-30: +518  (total 41379)
22:15:27 2025-05-01..2025-05-15: +547  (total 41926)
22:15:33 search limit hit, sleeping 15s
22:15:54 2025-05-16..2025-05-31: +617  (total 42543)
22:16:03 2025-06-01..2025-06-15: +597  (total 43140)
22:16:14 2025-06-16..2025-06-30: +624  (total 43764)
22:16:24 2025-07-01..2025-07-15: +532  (total 44296)
22:16:35 2025-07-16..2025-07-31: +645  (total 44941)
22:16:35 search limit hit, sleeping 15s
22:16:59 2025-08-01..2025-08-15: +477  (total 45418)
22:17:09 2025-08-16..2025-08-31: +532  (total 45950)
22:17:20 2025-09-01..2025-09-15: +647  (total 46597)
22:17:32 2025-09-16..2025-09-30: +666  (total 47263)
22:17:41 search limit hit, sleeping 13s
22:17:57 2025-10-01..2025-10-15: +685  (total 47948)
22:18:11 2025-10-16..2025-10-31: +822  (total 48770)
22:18:22 2025-11-01..2025-11-15: +559  (total 49329)
22:18:32 2025-11-16..2025-11-30: +587  (total 49916)
22:18:44 2025-12-01..2025-12-15: +682  (total 50598)
22:18:44 search limit hit, sleeping 13s
22:19:05 2025-12-16..2025-12-31: +482  (total 51080)
22:19:05 51080 PRs to fetch for 2021-09-20 to 2026-09-20, list cached
22:19:08 PR 31369  (1 of 51080)
22:19:10 PR 31368  (2 of 51080)
22:19:12 PR 31367  (3 of 51080)
22:19:13 PR 31366  (4 of 51080)
22:19:15 PR 31365  (5 of 51080)
22:19:17 PR 31364  (6 of 51080)
22:19:19 PR 31363  (7 of 51080)
22:19:21 PR 31361  (8 of 51080)
22:19:23 PR 31360  (9 of 51080)
22:19:25 PR 31359  (10 of 51080)
22:19:26 PR 31357  (11 of 51080)
22:19:29 PR 31356  (12 of 51080)
22:19:31 PR 31355  (13 of 51080)
22:19:33 PR 31354  (14 of 51080)
22:19:35 PR 31353  (15 of 51080)
22:19:37 PR 31352  (16 of 51080)
22:19:39 PR 31351  (17 of 51080)
22:19:40 PR 31350  (18 of 51080)
22:19:43 PR 31349  (19 of 51080)
22:19:44 PR 31347  (20 of 51080)
22:19:47 PR 31346  (21 of 51080)
22:19:49 PR 31345  (22 of 51080)
22:19:50 PR 31337  (23 of 51080)
22:19:53 PR 31336  (24 of 51080)
22:19:55 PR 31335  (25 of 51080)
22:19:57 PR 31334  (26 of 51080)
22:19:59 PR 31332  (27 of 51080)
22:20:01 PR 31331  (28 of 51080)
22:20:03 PR 31329  (29 of 51080)
22:20:05 PR 31328  (30 of 51080)
22:20:07 PR 31326  (31 of 51080)
22:20:10 PR 31325  (32 of 51080)
22:20:12 PR 31324  (33 of 51080)
22:20:13 PR 31322  (34 of 51080)
22:20:15 PR 31321  (35 of 51080)
22:20:17 PR 31320  (36 of 51080)
22:20:19 PR 31319  (37 of 51080)
22:20:21 PR 31318  (38 of 51080)
22:20:23 PR 31317  (39 of 51080)
22:20:25 PR 31315  (40 of 51080)
22:20:27 PR 31314  (41 of 51080)
22:20:29 PR 31313  (42 of 51080)
22:20:31 PR 31312  (43 of 51080)
22:20:33 PR 31311  (44 of 51080)
22:20:35 PR 31310  (45 of 51080)
22:20:37 PR 31309  (46 of 51080)
22:20:40 PR 31307  (47 of 51080)
22:20:43 PR 31305  (48 of 51080)
22:20:44 PR 31304  (49 of 51080)
22:20:46 PR 31303  (50 of 51080)
22:20:49 PR 31302  (51 of 51080)
22:20:51 PR 31300  (52 of 51080)
22:20:53 PR 31297  (53 of 51080)
22:20:55 PR 31296  (54 of 51080)
22:20:57 PR 31295  (55 of 51080)
22:20:59 PR 31294  (56 of 51080)
22:21:01 PR 31293  (57 of 51080)
22:21:03 PR 31292  (58 of 51080)
22:21:05 PR 31291  (59 of 51080)
22:21:07 PR 31288  (60 of 51080)
22:21:09 PR 31287  (61 of 51080)
22:21:11 PR 31286  (62 of 51080)
22:21:14 PR 31283  (63 of 51080)
22:21:15 PR 31279  (64 of 51080)
22:21:18 PR 31278  (65 of 51080)
22:21:19 PR 31277  (66 of 51080)
22:21:21 PR 31276  (67 of 51080)
22:21:23 PR 31275  (68 of 51080)
22:21:25 PR 31274  (69 of 51080)
22:21:28 PR 31273  (70 of 51080)
22:21:30 PR 31271  (71 of 51080)
22:21:32 PR 31270  (72 of 51080)
22:21:33 PR 31269  (73 of 51080)
22:21:35 PR 31268  (74 of 51080)
22:21:37 PR 31267  (75 of 51080)
22:21:39 PR 31266  (76 of 51080)
22:21:40 PR 31265  (77 of 51080)
22:21:42 PR 31261  (78 of 51080)
22:21:44 PR 31260  (79 of 51080)
22:21:46 PR 31257  (80 of 51080)
22:21:48 PR 31256  (81 of 51080)
22:21:50 PR 31255  (82 of 51080)
22:21:53 PR 31252  (83 of 51080)
22:21:54 PR 31251  (84 of 51080)
22:21:56 PR 31250  (85 of 51080)
22:21:58 PR 31249  (86 of 51080)
22:22:00 PR 31247  (87 of 51080)
22:22:02 PR 31246  (88 of 51080)
22:22:04 PR 31245  (89 of 51080)
22:22:06 PR 31244  (90 of 51080)
22:22:08 PR 31243  (91 of 51080)
22:22:10 PR 31242  (92 of 51080)
22:22:14 PR 31241  (93 of 51080)
22:22:16 PR 31240  (94 of 51080)
22:22:18 PR 31239  (95 of 51080)
22:22:19 PR 31238  (96 of 51080)
22:22:21 PR 31237  (97 of 51080)
22:22:23 PR 31236  (98 of 51080)
22:22:24 PR 31233  (99 of 51080)
22:22:26 PR 31232  (100 of 51080)
22:22:28 PR 31231  (101 of 51080)
22:22:30 PR 31230  (102 of 51080)
22:22:32 PR 31228  (103 of 51080)
22:22:34 PR 31227  (104 of 51080)
22:22:36 PR 31225  (105 of 51080)
22:22:39 PR 31224  (106 of 51080)
22:22:40 PR 31223  (107 of 51080)
22:22:42 PR 31222  (108 of 51080)
22:22:44 PR 31218  (109 of 51080)
22:22:46 PR 31216  (110 of 51080)
22:22:48 PR 31215  (111 of 51080)
22:22:49 PR 31214  (112 of 51080)
22:22:51 PR 31213  (113 of 51080)
22:22:53 PR 31212  (114 of 51080)
22:22:55 PR 31211  (115 of 51080)
22:22:56 PR 31209  (116 of 51080)
22:22:58 PR 31205  (117 of 51080)
22:23:01 PR 31204  (118 of 51080)
22:23:02 PR 31202  (119 of 51080)
22:23:05 PR 31201  (120 of 51080)
22:23:07 PR 31200  (121 of 51080)
22:23:09 PR 31199  (122 of 51080)
22:23:11 PR 31198  (123 of 51080)
22:23:13 PR 31197  (124 of 51080)
22:23:16 PR 31196  (125 of 51080)
22:23:17 PR 31195  (126 of 51080)
22:23:19 PR 31192  (127 of 51080)
22:23:21 PR 31190  (128 of 51080)
22:23:23 PR 31188  (129 of 51080)
22:23:25 PR 31187  (130 of 51080)
22:23:26 PR 31185  (131 of 51080)
22:23:29 PR 31184  (132 of 51080)
22:23:31 PR 31183  (133 of 51080)
22:23:34 PR 31182  (134 of 51080)
22:23:36 PR 31181  (135 of 51080)
22:23:38 PR 31178  (136 of 51080)
22:23:40 PR 31177  (137 of 51080)
22:23:42 PR 31176  (138 of 51080)
22:23:44 PR 31174  (139 of 51080)
22:23:46 PR 31173  (140 of 51080)
22:23:48 PR 31172  (141 of 51080)
22:23:50 PR 31171  (142 of 51080)
22:23:52 PR 31170  (143 of 51080)
22:23:54 PR 31167  (144 of 51080)
22:23:56 PR 31165  (145 of 51080)
22:23:58 PR 31163  (146 of 51080)
22:24:00 PR 31161  (147 of 51080)
22:24:02 PR 31160  (148 of 51080)
22:24:04 PR 31159  (149 of 51080)
22:24:06 PR 31157  (150 of 51080)
22:24:09 PR 31156  (151 of 51080)
22:24:11 PR 31155  (152 of 51080)
22:24:13 PR 31152  (153 of 51080)
22:24:15 PR 31151  (154 of 51080)
22:24:17 PR 31148  (155 of 51080)
22:24:18 PR 31147  (156 of 51080)
22:24:20 PR 31146  (157 of 51080)
22:24:23 PR 31144  (158 of 51080)
22:24:26 PR 31142  (159 of 51080)
22:24:27 PR 31141  (160 of 51080)
22:24:29 PR 31140  (161 of 51080)
22:24:32 PR 31139  (162 of 51080)
22:24:33 PR 31138  (163 of 51080)
22:24:36 PR 31136  (164 of 51080)
22:24:38 PR 31135  (165 of 51080)
22:24:39 PR 31133  (166 of 51080)
22:24:41 PR 31132  (167 of 51080)
22:24:43 PR 31131  (168 of 51080)
22:24:44 PR 31130  (169 of 51080)
22:24:46 PR 31129  (170 of 51080)
22:24:48 PR 31128  (171 of 51080)
22:24:50 PR 31127  (172 of 51080)
22:24:52 PR 31126  (173 of 51080)
22:24:54 PR 31125  (174 of 51080)
22:24:56 PR 31124  (175 of 51080)
22:24:58 PR 31123  (176 of 51080)
22:25:00 PR 31122  (177 of 51080)
22:25:02 PR 31121  (178 of 51080)
22:25:04 PR 31120  (179 of 51080)
22:25:06 PR 31119  (180 of 51080)
22:25:09 PR 31118  (181 of 51080)
22:25:10 PR 31117  (182 of 51080)
22:25:12 PR 31116  (183 of 51080)
22:25:16 PR 31115  (184 of 51080)
22:25:17 PR 31113  (185 of 51080)
22:25:19 PR 31112  (186 of 51080)
22:25:21 PR 31111  (187 of 51080)
22:25:22 PR 31109  (188 of 51080)
22:25:24 PR 31108  (189 of 51080)
22:25:26 PR 31105  (190 of 51080)
22:25:28 PR 31104  (191 of 51080)
22:25:30 PR 31102  (192 of 51080)
22:25:32 PR 31101  (193 of 51080)
22:25:34 PR 31099  (194 of 51080)
22:25:36 PR 31098  (195 of 51080)
22:25:38 PR 31097  (196 of 51080)
22:25:40 PR 31096  (197 of 51080)
22:25:42 PR 31095  (198 of 51080)
22:25:44 PR 31094  (199 of 51080)
22:25:45 PR 31093  (200 of 51080)
22:25:47 PR 31092  (201 of 51080)
22:25:49 PR 31089  (202 of 51080)
22:25:51 PR 31088  (203 of 51080)
22:25:53 PR 31084  (204 of 51080)
22:25:56 PR 31083  (205 of 51080)
22:25:59 PR 31082  (206 of 51080)
22:26:00 PR 31081  (207 of 51080)
22:26:02 PR 31080  (208 of 51080)
22:26:04 PR 31078  (209 of 51080)
22:26:05 PR 31077  (210 of 51080)
22:26:07 PR 31076  (211 of 51080)
22:26:09 PR 31075  (212 of 51080)
22:26:11 PR 31072  (213 of 51080)
22:26:13 PR 31070  (214 of 51080)
22:26:15 PR 31068  (215 of 51080)
22:26:16 PR 31810  (216 of 51080)
22:26:18 PR 31809  (217 of 51080)
22:26:19 PR 31808  (218 of 51080)
22:26:21 PR 31806  (219 of 51080)
22:26:23 PR 31805  (220 of 51080)
22:26:25 PR 31804  (221 of 51080)
22:26:27 PR 31803  (222 of 51080)
22:26:30 PR 31802  (223 of 51080)
22:26:33 PR 31801  (224 of 51080)
22:26:35 PR 31798  (225 of 51080)
22:26:37 PR 31796  (226 of 51080)
22:26:38 PR 31795  (227 of 51080)
22:26:40 PR 31794  (228 of 51080)
22:26:42 PR 31793  (229 of 51080)
22:26:44 PR 31792  (230 of 51080)
22:26:46 PR 31790  (231 of 51080)
22:26:48 PR 31788  (232 of 51080)
22:26:50 PR 31787  (233 of 51080)
22:26:52 PR 31786  (234 of 51080)
22:26:53 PR 31785  (235 of 51080)
22:26:55 PR 31784  (236 of 51080)
22:26:57 PR 31783  (237 of 51080)
22:27:00 PR 31781  (238 of 51080)
22:27:02 PR 31780  (239 of 51080)
22:27:04 PR 31777  (240 of 51080)
22:27:06 PR 31776  (241 of 51080)
22:27:09 PR 31775  (242 of 51080)
22:27:12 PR 31773  (243 of 51080)
22:27:14 PR 31772  (244 of 51080)
22:27:16 PR 31771  (245 of 51080)
22:27:18 PR 31770  (246 of 51080)
22:27:20 PR 31768  (247 of 51080)
22:27:21 PR 31766  (248 of 51080)
22:27:23 PR 31765  (249 of 51080)
22:27:25 PR 31764  (250 of 51080)
22:27:27 PR 31763  (251 of 51080)
22:27:29 PR 31760  (252 of 51080)
22:27:31 PR 31759  (253 of 51080)
22:27:34 PR 31758  (254 of 51080)
22:27:36 PR 31756  (255 of 51080)
22:27:38 PR 31755  (256 of 51080)
22:27:40 PR 31754  (257 of 51080)
22:27:42 PR 31753  (258 of 51080)
22:27:44 PR 31752  (259 of 51080)
22:27:46 PR 31751  (260 of 51080)
22:27:48 PR 31750  (261 of 51080)
22:27:50 PR 31747  (262 of 51080)
22:27:52 PR 31746  (263 of 51080)
22:27:54 PR 31744  (264 of 51080)
22:27:55 PR 31743  (265 of 51080)
22:27:57 PR 31740  (266 of 51080)
22:27:59 PR 31738  (267 of 51080)
22:28:01 PR 31737  (268 of 51080)
22:28:03 PR 31736  (269 of 51080)
22:28:05 PR 31734  (270 of 51080)
22:28:07 PR 31732  (271 of 51080)
22:28:10 PR 31731  (272 of 51080)
22:28:11 PR 31730  (273 of 51080)
22:28:13 PR 31728  (274 of 51080)
22:28:15 PR 31725  (275 of 51080)
22:28:16 PR 31724  (276 of 51080)
22:28:18 PR 31723  (277 of 51080)
22:28:20 PR 31722  (278 of 51080)
22:28:21 PR 31720  (279 of 51080)
22:28:23 PR 31719  (280 of 51080)
22:28:25 PR 31718  (281 of 51080)
22:28:27 PR 31717  (282 of 51080)
22:28:29 PR 31716  (283 of 51080)
22:28:31 PR 31715  (284 of 51080)
22:28:33 PR 31714  (285 of 51080)
22:28:35 PR 31713  (286 of 51080)
22:28:37 PR 31712  (287 of 51080)
22:28:39 PR 31710  (288 of 51080)
22:28:41 PR 31709  (289 of 51080)
22:28:43 PR 31708  (290 of 51080)
22:28:45 PR 31707  (291 of 51080)
22:28:48 PR 31706  (292 of 51080)
22:28:50 PR 31705  (293 of 51080)
22:28:52 PR 31703  (294 of 51080)
22:28:54 PR 31702  (295 of 51080)
22:28:56 PR 31701  (296 of 51080)
22:28:58 PR 31700  (297 of 51080)
22:29:00 PR 31699  (298 of 51080)
22:29:02 PR 31698  (299 of 51080)
22:29:06 PR 31697  (300 of 51080)
22:29:08 PR 31695  (301 of 51080)
22:29:09 PR 31694  (302 of 51080)
22:29:11 PR 31692  (303 of 51080)
22:29:13 PR 31691  (304 of 51080)
22:29:15 PR 31690  (305 of 51080)
22:29:16 PR 31689  (306 of 51080)
22:29:18 PR 31688  (307 of 51080)
22:29:20 PR 31687  (308 of 51080)
22:29:22 PR 31686  (309 of 51080)
22:29:24 PR 31685  (310 of 51080)
22:29:25 PR 31682  (311 of 51080)
22:29:27 PR 31641  (312 of 51080)
22:29:29 PR 31639  (313 of 51080)
22:29:31 PR 31638  (314 of 51080)
22:29:33 PR 31637  (315 of 51080)
22:29:35 PR 31636  (316 of 51080)
22:29:37 PR 31635  (317 of 51080)
22:29:38 PR 31634  (318 of 51080)
22:29:40 PR 31633  (319 of 51080)
22:29:41 PR 31632  (320 of 51080)
22:29:43 PR 31628  (321 of 51080)
22:29:45 PR 31626  (322 of 51080)
22:29:46 PR 31625  (323 of 51080)
22:29:49 PR 31624  (324 of 51080)
22:29:50 PR 31623  (325 of 51080)
22:29:52 PR 31622  (326 of 51080)
22:29:54 PR 31621  (327 of 51080)
22:29:55 PR 31620  (328 of 51080)
22:29:57 PR 31619  (329 of 51080)
22:29:59 PR 31618  (330 of 51080)
22:30:01 PR 31617  (331 of 51080)
22:30:05 PR 31615  (332 of 51080)
22:30:06 PR 31612  (333 of 51080)
22:30:08 PR 31611  (334 of 51080)
22:30:10 PR 31610  (335 of 51080)
22:30:12 PR 31608  (336 of 51080)
22:30:14 PR 31606  (337 of 51080)
22:30:15 PR 31605  (338 of 51080)
22:30:17 PR 31604  (339 of 51080)
22:30:19 PR 31603  (340 of 51080)
22:30:20 PR 31602  (341 of 51080)
22:30:23 PR 31601  (342 of 51080)
22:30:24 PR 31600  (343 of 51080)
22:30:26 PR 31598  (344 of 51080)
22:30:28 PR 31597  (345 of 51080)
22:30:30 PR 31596  (346 of 51080)
22:30:32 PR 31595  (347 of 51080)
22:30:34 PR 31594  (348 of 51080)
22:30:36 PR 31592  (349 of 51080)
22:30:37 PR 31591  (350 of 51080)
22:30:39 PR 31587  (351 of 51080)
22:30:41 PR 31586  (352 of 51080)
22:30:45 PR 31583  (353 of 51080)
22:30:46 PR 31581  (354 of 51080)
22:30:48 PR 31580  (355 of 51080)
22:30:50 PR 31578  (356 of 51080)
22:30:52 PR 31577  (357 of 51080)
22:30:54 PR 31576  (358 of 51080)
22:30:56 PR 31575  (359 of 51080)
22:30:58 PR 31574  (360 of 51080)
22:31:01 PR 31572  (361 of 51080)
22:31:02 PR 31571  (362 of 51080)
22:31:04 PR 31570  (363 of 51080)
22:31:06 PR 31568  (364 of 51080)
22:31:08 PR 31565  (365 of 51080)
22:31:10 PR 31564  (366 of 51080)
22:31:12 PR 31563  (367 of 51080)
22:31:14 PR 31561  (368 of 51080)
22:31:16 PR 31558  (369 of 51080)
22:31:18 PR 31557  (370 of 51080)
22:31:20 PR 31556  (371 of 51080)
22:31:23 PR 31554  (372 of 51080)
22:31:26 PR 31553  (373 of 51080)
22:31:27 PR 31552  (374 of 51080)
22:31:29 PR 31550  (375 of 51080)
22:31:31 PR 31548  (376 of 51080)
22:31:33 PR 31547  (377 of 51080)
22:31:34 PR 31545  (378 of 51080)
22:31:37 PR 31544  (379 of 51080)
22:31:38 PR 31541  (380 of 51080)
22:31:40 PR 31540  (381 of 51080)
22:31:42 PR 31539  (382 of 51080)
22:31:44 PR 31538  (383 of 51080)
22:31:45 PR 31537  (384 of 51080)
22:31:48 PR 31536  (385 of 51080)
22:31:50 PR 31535  (386 of 51080)
22:31:52 PR 31534  (387 of 51080)
22:31:53 PR 31533  (388 of 51080)
22:31:55 PR 31532  (389 of 51080)
22:31:57 PR 31530  (390 of 51080)
22:31:58 PR 31529  (391 of 51080)
22:32:00 PR 31527  (392 of 51080)
22:32:02 PR 31526  (393 of 51080)
22:32:04 PR 31525  (394 of 51080)
22:32:07 PR 31523  (395 of 51080)
22:32:08 PR 31521  (396 of 51080)
22:32:11 PR 31520  (397 of 51080)
22:32:13 PR 31519  (398 of 51080)
22:32:14 PR 31516  (399 of 51080)
22:32:16 PR 31515  (400 of 51080)
22:32:18 PR 31514  (401 of 51080)
22:32:20 PR 31513  (402 of 51080)
22:32:22 PR 31512  (403 of 51080)
22:32:23 PR 31509  (404 of 51080)
22:32:25 PR 31507  (405 of 51080)
22:32:27 PR 31506  (406 of 51080)
22:32:28 PR 31501  (407 of 51080)
22:32:30 PR 31500  (408 of 51080)
22:32:32 PR 31498  (409 of 51080)
22:32:33 PR 31497  (410 of 51080)
22:32:35 PR 31496  (411 of 51080)
22:32:36 PR 31495  (412 of 51080)
22:32:39 PR 31494  (413 of 51080)
22:32:41 PR 31493  (414 of 51080)
22:32:43 PR 31492  (415 of 51080)
22:32:45 PR 31491  (416 of 51080)
22:32:47 PR 31490  (417 of 51080)
22:32:49 PR 31489  (418 of 51080)
22:32:51 PR 31484  (419 of 51080)
22:32:53 PR 31483  (420 of 51080)
22:32:55 PR 31482  (421 of 51080)
22:32:58 PR 31481  (422 of 51080)
22:33:00 PR 31480  (423 of 51080)
22:33:01 PR 31479  (424 of 51080)
22:33:03 PR 31478  (425 of 51080)
22:33:05 PR 31477  (426 of 51080)
22:33:07 PR 31476  (427 of 51080)
22:33:09 PR 31474  (428 of 51080)
22:33:11 PR 31471  (429 of 51080)
22:33:13 PR 31470  (430 of 51080)
22:33:15 PR 31469  (431 of 51080)
22:33:18 PR 31468  (432 of 51080)
22:33:20 PR 31466  (433 of 51080)
22:33:21 PR 31465  (434 of 51080)
22:33:23 PR 31464  (435 of 51080)
22:33:25 PR 31463  (436 of 51080)
22:33:27 PR 31461  (437 of 51080)
22:33:28 PR 31459  (438 of 51080)
22:33:30 PR 31458  (439 of 51080)
22:33:32 PR 31457  (440 of 51080)
22:33:34 PR 31456  (441 of 51080)
22:33:38 PR 31455  (442 of 51080)
22:33:39 PR 31454  (443 of 51080)
22:33:41 PR 31452  (444 of 51080)
22:33:43 PR 31451  (445 of 51080)
22:33:46 PR 31450  (446 of 51080)
22:33:47 PR 31449  (447 of 51080)
22:33:49 PR 31448  (448 of 51080)
22:33:51 PR 31446  (449 of 51080)
22:33:53 PR 31445  (450 of 51080)
22:33:55 PR 31440  (451 of 51080)
22:33:58 PR 31438  (452 of 51080)
22:33:59 PR 31437  (453 of 51080)
22:34:01 PR 31434  (454 of 51080)
22:34:03 PR 31432  (455 of 51080)
22:34:06 PR 31431  (456 of 51080)
22:34:08 PR 31430  (457 of 51080)
22:34:10 PR 31429  (458 of 51080)
22:34:12 PR 31428  (459 of 51080)
22:34:14 PR 31427  (460 of 51080)
22:34:16 PR 31426  (461 of 51080)
22:34:18 PR 31425  (462 of 51080)
22:34:20 PR 31424  (463 of 51080)
22:34:22 PR 31423  (464 of 51080)
22:34:24 PR 31422  (465 of 51080)
22:34:25 PR 31421  (466 of 51080)
22:34:27 PR 31420  (467 of 51080)
22:34:29 PR 31418  (468 of 51080)
22:34:32 PR 31417  (469 of 51080)
22:34:33 PR 31413  (470 of 51080)
22:34:35 PR 31412  (471 of 51080)
22:34:37 PR 31411  (472 of 51080)
22:34:38 PR 31410  (473 of 51080)
22:34:41 PR 31409  (474 of 51080)
22:34:42 PR 31407  (475 of 51080)
22:34:44 PR 31406  (476 of 51080)
22:34:45 PR 31405  (477 of 51080)
22:34:47 PR 31404  (478 of 51080)
22:34:49 PR 31403  (479 of 51080)
22:34:51 PR 31402  (480 of 51080)
22:34:53 PR 31401  (481 of 51080)
22:34:54 PR 31399  (482 of 51080)
22:34:56 PR 31398  (483 of 51080)
22:34:58 PR 31397  (484 of 51080)
22:35:00 PR 31396  (485 of 51080)
22:35:02 PR 31395  (486 of 51080)
22:35:03 PR 31394  (487 of 51080)
22:35:05 PR 31391  (488 of 51080)
22:35:07 PR 31390  (489 of 51080)
22:35:09 PR 31389  (490 of 51080)
22:35:11 PR 31388  (491 of 51080)
22:35:13 PR 31387  (492 of 51080)
22:35:15 PR 31384  (493 of 51080)
22:35:17 PR 31383  (494 of 51080)
22:35:19 PR 31382  (495 of 51080)
22:35:21 PR 31381  (496 of 51080)
22:35:23 PR 31380  (497 of 51080)
22:35:25 PR 31378  (498 of 51080)
22:35:27 PR 31375  (499 of 51080)
22:35:28 PR 31374  (500 of 51080)
22:35:30 PR 31373  (501 of 51080)
22:35:32 PR 31372  (502 of 51080)
22:35:34 PR 31371  (503 of 51080)
22:35:36 PR 32355  (504 of 51080)
22:35:38 PR 32352  (505 of 51080)
22:35:39 PR 32351  (506 of 51080)
22:35:42 PR 32350  (507 of 51080)
22:35:43 PR 32349  (508 of 51080)
22:35:45 PR 32348  (509 of 51080)
22:35:47 PR 32347  (510 of 51080)
22:35:49 PR 32346  (511 of 51080)
22:35:51 PR 32345  (512 of 51080)
22:35:54 PR 32341  (513 of 51080)
22:35:56 PR 32340  (514 of 51080)
22:35:58 PR 32338  (515 of 51080)
22:36:00 PR 32337  (516 of 51080)
22:36:01 PR 32336  (517 of 51080)
22:36:03 PR 32335  (518 of 51080)
22:36:05 PR 32334  (519 of 51080)
22:36:07 PR 32333  (520 of 51080)
22:36:09 PR 32332  (521 of 51080)
22:36:11 PR 32330  (522 of 51080)
22:36:13 PR 32329  (523 of 51080)
22:36:15 PR 32328  (524 of 51080)
22:36:16 PR 32327  (525 of 51080)
22:36:18 PR 32326  (526 of 51080)
22:36:20 PR 32325  (527 of 51080)
22:36:23 PR 32324  (528 of 51080)
22:36:24 PR 32323  (529 of 51080)
22:36:26 PR 32322  (530 of 51080)
22:36:28 PR 32319  (531 of 51080)
22:36:30 PR 32318  (532 of 51080)
22:36:32 PR 32317  (533 of 51080)
22:36:35 PR 32316  (534 of 51080)
22:36:36 PR 32315  (535 of 51080)
22:36:38 PR 32313  (536 of 51080)
22:36:40 PR 32312  (537 of 51080)
22:36:42 PR 32311  (538 of 51080)
22:36:43 PR 32310  (539 of 51080)
22:36:45 PR 32309  (540 of 51080)
22:36:47 PR 32308  (541 of 51080)
22:36:49 PR 32307  (542 of 51080)
22:36:51 PR 32306  (543 of 51080)
22:36:53 PR 32305  (544 of 51080)
22:36:55 PR 32304  (545 of 51080)
22:36:56 PR 32303  (546 of 51080)
22:36:58 PR 32302  (547 of 51080)
22:37:00 PR 32301  (548 of 51080)
22:37:01 PR 32300  (549 of 51080)
22:37:03 PR 32299  (550 of 51080)
22:37:05 PR 32298  (551 of 51080)
22:37:07 PR 32297  (552 of 51080)
22:37:09 PR 32296  (553 of 51080)
22:37:11 PR 32295  (554 of 51080)
22:37:13 PR 32294  (555 of 51080)
22:37:15 PR 32292  (556 of 51080)
22:37:16 PR 32290  (557 of 51080)
22:37:20 PR 32285  (558 of 51080)
22:37:22 PR 32284  (559 of 51080)
22:37:24 PR 32283  (560 of 51080)
22:37:26 PR 32281  (561 of 51080)
22:37:29 PR 32280  (562 of 51080)
22:37:31 PR 32278  (563 of 51080)
22:37:33 PR 32277  (564 of 51080)
22:37:35 PR 32276  (565 of 51080)
22:37:37 PR 32275  (566 of 51080)
22:37:39 PR 32274  (567 of 51080)
22:37:41 PR 32273  (568 of 51080)
22:37:43 PR 32272  (569 of 51080)
22:37:45 PR 32271  (570 of 51080)
22:37:47 PR 32268  (571 of 51080)
22:37:49 PR 32267  (572 of 51080)
22:37:52 PR 32266  (573 of 51080)
22:37:54 PR 32263  (574 of 51080)
22:37:55 PR 32262  (575 of 51080)
22:37:57 PR 32259  (576 of 51080)
22:37:59 PR 32255  (577 of 51080)
22:38:02 PR 32254  (578 of 51080)
22:38:03 PR 32253  (579 of 51080)
22:38:05 PR 32251  (580 of 51080)
22:38:08 PR 32250  (581 of 51080)
22:38:10 PR 32249  (582 of 51080)
22:38:11 PR 32248  (583 of 51080)
22:38:13 PR 32247  (584 of 51080)
22:38:15 PR 32246  (585 of 51080)
22:38:17 PR 32245  (586 of 51080)
22:38:19 PR 32244  (587 of 51080)
22:38:21 PR 32243  (588 of 51080)
22:38:23 PR 32242  (589 of 51080)
22:38:25 PR 32241  (590 of 51080)
22:38:28 PR 32240  (591 of 51080)
22:38:30 PR 32239  (592 of 51080)
22:38:32 PR 32236  (593 of 51080)
22:38:34 PR 32235  (594 of 51080)
22:38:36 PR 32231  (595 of 51080)
22:38:38 PR 32230  (596 of 51080)
22:38:40 PR 32229  (597 of 51080)
22:38:43 PR 32228  (598 of 51080)
22:38:45 PR 32227  (599 of 51080)
22:38:47 PR 32226  (600 of 51080)
22:38:50 PR 32223  (601 of 51080)
22:38:51 PR 32222  (602 of 51080)
22:38:54 PR 32219  (603 of 51080)
22:38:56 PR 32218  (604 of 51080)
22:38:58 PR 32217  (605 of 51080)
22:39:00 PR 32216  (606 of 51080)
22:39:02 PR 32215  (607 of 51080)
22:39:04 PR 32214  (608 of 51080)
22:39:06 PR 32211  (609 of 51080)
22:39:08 PR 32210  (610 of 51080)
22:39:10 PR 32209  (611 of 51080)
22:39:12 PR 32208  (612 of 51080)
22:39:14 PR 32207  (613 of 51080)
22:39:16 PR 32204  (614 of 51080)
22:39:18 PR 32202  (615 of 51080)
22:39:20 PR 32200  (616 of 51080)
22:39:22 PR 32199  (617 of 51080)
22:39:24 PR 32198  (618 of 51080)
22:39:26 PR 32196  (619 of 51080)
22:39:28 PR 32191  (620 of 51080)
22:39:30 PR 32190  (621 of 51080)
22:39:32 PR 32189  (622 of 51080)
22:39:35 PR 32188  (623 of 51080)
22:39:37 PR 32186  (624 of 51080)
22:39:39 PR 32185  (625 of 51080)
22:39:41 PR 32184  (626 of 51080)
22:39:43 PR 32183  (627 of 51080)
22:39:45 PR 32182  (628 of 51080)
22:39:48 PR 32180  (629 of 51080)
22:39:50 PR 32178  (630 of 51080)
22:39:52 PR 32177  (631 of 51080)
22:39:54 PR 32176  (632 of 51080)
22:39:56 PR 32175  (633 of 51080)
22:39:58 PR 32174  (634 of 51080)
22:40:00 PR 32173  (635 of 51080)
22:40:02 PR 32172  (636 of 51080)
22:40:04 PR 32171  (637 of 51080)
22:40:06 PR 32170  (638 of 51080)
22:40:10 PR 32169  (639 of 51080)
22:40:13 PR 32168  (640 of 51080)
22:40:15 PR 32166  (641 of 51080)
22:40:17 PR 32165  (642 of 51080)
22:40:19 PR 32164  (643 of 51080)
22:40:21 PR 32163  (644 of 51080)
22:40:23 PR 32162  (645 of 51080)
22:40:24 PR 32161  (646 of 51080)
22:40:26 PR 32160  (647 of 51080)
22:40:28 PR 32159  (648 of 51080)
22:40:30 PR 32156  (649 of 51080)
22:40:32 PR 32155  (650 of 51080)
22:40:34 PR 32154  (651 of 51080)
22:40:35 PR 32150  (652 of 51080)
22:40:37 PR 32149  (653 of 51080)
22:40:39 PR 32147  (654 of 51080)
22:40:41 PR 32146  (655 of 51080)
22:40:42 PR 32144  (656 of 51080)
22:40:44 PR 32141  (657 of 51080)
22:40:46 PR 32140  (658 of 51080)
22:40:48 PR 32138  (659 of 51080)
22:40:50 PR 32134  (660 of 51080)
22:40:53 PR 32132  (661 of 51080)
22:40:55 PR 32131  (662 of 51080)
22:40:56 PR 32130  (663 of 51080)
22:40:59 PR 32128  (664 of 51080)
22:41:02 PR 32127  (665 of 51080)
22:41:03 PR 32126  (666 of 51080)
22:41:05 PR 32125  (667 of 51080)
22:41:07 PR 32123  (668 of 51080)
22:41:08 PR 32122  (669 of 51080)
22:41:10 PR 32121  (670 of 51080)
22:41:12 PR 32120  (671 of 51080)
22:41:14 PR 32119  (672 of 51080)
22:41:16 PR 32117  (673 of 51080)
22:41:18 PR 32116  (674 of 51080)
22:41:19 PR 32115  (675 of 51080)
22:41:21 PR 32110  (676 of 51080)
22:41:23 PR 32109  (677 of 51080)
22:41:25 PR 32108  (678 of 51080)
22:41:27 PR 32107  (679 of 51080)
22:41:29 PR 32106  (680 of 51080)
22:41:31 PR 32105  (681 of 51080)
22:41:33 PR 32104  (682 of 51080)
22:41:35 PR 32102  (683 of 51080)
22:41:37 PR 32101  (684 of 51080)
22:41:39 PR 32099  (685 of 51080)
22:41:41 PR 32097  (686 of 51080)
22:41:43 PR 32096  (687 of 51080)
22:41:45 PR 32094  (688 of 51080)
22:41:47 PR 32093  (689 of 51080)
22:41:48 PR 32092  (690 of 51080)
22:41:50 PR 32091  (691 of 51080)
22:41:51 PR 32090  (692 of 51080)
22:41:54 PR 32089  (693 of 51080)
22:41:56 PR 32088  (694 of 51080)
22:41:58 PR 32087  (695 of 51080)
22:42:00 PR 32086  (696 of 51080)
22:42:01 PR 32085  (697 of 51080)
22:42:03 PR 32083  (698 of 51080)
22:42:05 PR 32082  (699 of 51080)
22:42:09 PR 32081  (700 of 51080)
22:42:11 PR 32080  (701 of 51080)
22:42:13 PR 32079  (702 of 51080)
22:42:15 PR 32077  (703 of 51080)
22:42:17 PR 32076  (704 of 51080)
22:42:19 PR 32074  (705 of 51080)
22:42:23 PR 32073  (706 of 51080)
22:42:24 PR 32069  (707 of 51080)
22:42:26 PR 32068  (708 of 51080)
22:42:27 PR 32066  (709 of 51080)
22:42:29 PR 32065  (710 of 51080)
22:42:31 PR 32063  (711 of 51080)
22:42:32 PR 32062  (712 of 51080)
22:42:34 PR 32061  (713 of 51080)
22:42:36 PR 32060  (714 of 51080)
22:42:39 PR 32058  (715 of 51080)
22:42:41 PR 32057  (716 of 51080)
22:42:43 PR 32056  (717 of 51080)
22:42:44 PR 32055  (718 of 51080)
22:42:49 PR 32054  (719 of 51080)
22:42:50 PR 32053  (720 of 51080)
22:42:52 PR 32051  (721 of 51080)
22:42:54 PR 32050  (722 of 51080)
22:42:56 PR 32049  (723 of 51080)
22:42:58 PR 32047  (724 of 51080)
22:43:00 PR 32044  (725 of 51080)
22:43:02 PR 32043  (726 of 51080)
22:43:05 PR 32042  (727 of 51080)
22:43:07 PR 32041  (728 of 51080)
22:43:09 PR 32039  (729 of 51080)
22:43:10 PR 32038  (730 of 51080)
22:43:12 PR 32036  (731 of 51080)
22:43:14 PR 32034  (732 of 51080)
22:43:15 PR 32032  (733 of 51080)
22:43:17 PR 32031  (734 of 51080)
22:43:20 PR 32029  (735 of 51080)
22:43:23 PR 32028  (736 of 51080)
22:43:25 PR 32027  (737 of 51080)
22:43:27 PR 32026  (738 of 51080)
22:43:29 PR 32025  (739 of 51080)
22:43:31 PR 32024  (740 of 51080)
22:43:34 PR 32022  (741 of 51080)
22:43:35 PR 32021  (742 of 51080)
22:43:37 PR 32020  (743 of 51080)
22:43:39 PR 32019  (744 of 51080)
22:43:42 PR 32017  (745 of 51080)
22:43:44 PR 32016  (746 of 51080)
22:43:46 PR 32013  (747 of 51080)
22:43:48 PR 32012  (748 of 51080)
22:43:50 PR 32011  (749 of 51080)
22:43:52 PR 32010  (750 of 51080)
22:43:55 PR 32009  (751 of 51080)
22:43:57 PR 32008  (752 of 51080)
22:43:58 PR 32006  (753 of 51080)
22:44:00 PR 32004  (754 of 51080)
22:44:02 PR 32003  (755 of 51080)
22:44:05 PR 32001  (756 of 51080)
22:44:07 PR 31999  (757 of 51080)
22:44:10 PR 31998  (758 of 51080)
22:44:12 PR 31997  (759 of 51080)
22:44:14 PR 31995  (760 of 51080)
22:44:16 PR 31992  (761 of 51080)
22:44:19 PR 31991  (762 of 51080)
22:44:21 PR 31990  (763 of 51080)
22:44:23 PR 31988  (764 of 51080)
22:44:25 PR 31987  (765 of 51080)
22:44:26 PR 31984  (766 of 51080)
22:44:28 PR 31983  (767 of 51080)
22:44:31 PR 31981  (768 of 51080)
22:44:33 PR 31979  (769 of 51080)
22:44:35 PR 31978  (770 of 51080)
22:44:37 PR 31977  (771 of 51080)
22:44:39 PR 31975  (772 of 51080)
22:44:41 PR 31974  (773 of 51080)
22:44:43 PR 31972  (774 of 51080)
22:44:45 PR 31971  (775 of 51080)
22:44:47 PR 31970  (776 of 51080)
22:44:49 PR 31968  (777 of 51080)
22:44:50 PR 31967  (778 of 51080)
22:44:52 PR 31966  (779 of 51080)
22:44:55 PR 31965  (780 of 51080)
22:44:57 PR 31963  (781 of 51080)
22:44:59 PR 31962  (782 of 51080)
22:45:01 PR 31960  (783 of 51080)
22:45:03 PR 31958  (784 of 51080)
22:45:05 PR 31957  (785 of 51080)
22:45:07 PR 31956  (786 of 51080)
22:45:09 PR 31955  (787 of 51080)
22:45:11 PR 31954  (788 of 51080)
22:45:13 PR 31953  (789 of 51080)
22:45:15 PR 31951  (790 of 51080)
22:45:18 PR 31950  (791 of 51080)
22:45:19 PR 31949  (792 of 51080)
22:45:21 PR 31945  (793 of 51080)
22:45:23 PR 31942  (794 of 51080)
22:45:25 PR 31941  (795 of 51080)
22:45:27 PR 31940  (796 of 51080)
22:45:29 PR 31939  (797 of 51080)
22:45:32 PR 31936  (798 of 51080)
22:45:34 PR 31935  (799 of 51080)
22:45:36 PR 31934  (800 of 51080)
22:45:38 PR 31933  (801 of 51080)
22:45:39 PR 31932  (802 of 51080)
22:45:42 PR 31931  (803 of 51080)
22:45:43 PR 31929  (804 of 51080)
22:45:45 PR 31927  (805 of 51080)
22:45:48 PR 31926  (806 of 51080)
22:45:50 PR 31925  (807 of 51080)
22:45:51 PR 31923  (808 of 51080)
22:45:54 PR 31919  (809 of 51080)
22:45:56 PR 31918  (810 of 51080)
22:45:58 PR 31917  (811 of 51080)
22:46:00 PR 31916  (812 of 51080)
22:46:02 PR 31915  (813 of 51080)
22:46:04 PR 31913  (814 of 51080)
22:46:08 PR 31910  (815 of 51080)
22:46:10 PR 31909  (816 of 51080)
22:46:12 PR 31908  (817 of 51080)
22:46:14 PR 31906  (818 of 51080)
22:46:16 PR 31904  (819 of 51080)
22:46:18 PR 31903  (820 of 51080)
22:46:21 PR 31902  (821 of 51080)
22:46:22 PR 31901  (822 of 51080)
22:46:24 PR 31899  (823 of 51080)
22:46:26 PR 31898  (824 of 51080)
22:46:28 PR 31897  (825 of 51080)
22:46:30 PR 31896  (826 of 51080)
22:46:32 PR 31895  (827 of 51080)
22:46:34 PR 31894  (828 of 51080)
22:46:37 PR 31893  (829 of 51080)
22:46:39 PR 31892  (830 of 51080)
22:46:41 PR 31891  (831 of 51080)
22:46:43 PR 31890  (832 of 51080)
22:46:44 PR 31889  (833 of 51080)
22:46:46 PR 31888  (834 of 51080)
22:46:48 PR 31887  (835 of 51080)
22:46:50 PR 31886  (836 of 51080)
22:46:52 PR 31885  (837 of 51080)
22:46:54 PR 31884  (838 of 51080)
22:46:56 PR 31883  (839 of 51080)
22:46:58 PR 31882  (840 of 51080)
22:47:00 PR 31881  (841 of 51080)
22:47:02 PR 31880  (842 of 51080)
22:47:05 PR 31879  (843 of 51080)
22:47:07 PR 31877  (844 of 51080)
22:47:11 PR 31875  (845 of 51080)
22:47:13 PR 31874  (846 of 51080)
22:47:16 PR 31873  (847 of 51080)
22:47:18 PR 31872  (848 of 51080)
22:47:19 PR 31871  (849 of 51080)
22:47:21 PR 31870  (850 of 51080)
22:47:23 PR 31869  (851 of 51080)
22:47:25 PR 31866  (852 of 51080)
22:47:27 PR 31865  (853 of 51080)
22:47:29 PR 31864  (854 of 51080)
22:47:32 PR 31863  (855 of 51080)
22:47:34 PR 31862  (856 of 51080)
22:47:36 PR 31861  (857 of 51080)
22:47:40 PR 31860  (858 of 51080)
22:47:42 PR 31859  (859 of 51080)
22:47:44 PR 31855  (860 of 51080)
22:47:46 PR 31852  (861 of 51080)
22:47:48 PR 31851  (862 of 51080)
22:47:51 PR 31850  (863 of 51080)
22:47:53 PR 31849  (864 of 51080)
22:47:55 PR 31848  (865 of 51080)
22:47:56 PR 31846  (866 of 51080)
22:47:58 PR 31845  (867 of 51080)
22:48:00 PR 31844  (868 of 51080)
22:48:02 PR 31843  (869 of 51080)
22:48:04 PR 31842  (870 of 51080)
22:48:06 PR 31841  (871 of 51080)
22:48:08 PR 31840  (872 of 51080)
22:48:10 PR 31839  (873 of 51080)
22:48:12 PR 31834  (874 of 51080)
22:48:14 PR 31833  (875 of 51080)
22:48:16 PR 31832  (876 of 51080)
22:48:18 PR 31831  (877 of 51080)
22:48:21 PR 31830  (878 of 51080)
22:48:22 PR 31828  (879 of 51080)
22:48:24 PR 31827  (880 of 51080)
22:48:27 PR 31826  (881 of 51080)
22:48:29 PR 31825  (882 of 51080)
22:48:32 PR 31823  (883 of 51080)
22:48:34 PR 31821  (884 of 51080)
22:48:36 PR 31820  (885 of 51080)
22:48:38 PR 31818  (886 of 51080)
22:48:40 PR 31816  (887 of 51080)
22:48:42 PR 31815  (888 of 51080)
22:48:44 PR 31814  (889 of 51080)
22:48:47 PR 31813  (890 of 51080)
22:48:50 PR 31812  (891 of 51080)
22:48:52 PR 32731  (892 of 51080)
22:48:54 PR 32730  (893 of 51080)
22:48:56 PR 32729  (894 of 51080)
22:48:59 PR 32728  (895 of 51080)
22:49:01 PR 32727  (896 of 51080)
22:49:03 PR 32725  (897 of 51080)
22:49:05 PR 32722  (898 of 51080)
22:49:08 PR 32717  (899 of 51080)
22:49:10 PR 32716  (900 of 51080)
22:49:12 PR 32714  (901 of 51080)
22:49:14 PR 32713  (902 of 51080)
22:49:17 PR 32712  (903 of 51080)
22:49:19 PR 32711  (904 of 51080)
22:49:22 PR 32710  (905 of 51080)
22:49:24 PR 32709  (906 of 51080)
22:49:26 PR 32707  (907 of 51080)
22:49:27 PR 32706  (908 of 51080)
22:49:29 PR 32704  (909 of 51080)
22:49:32 PR 32703  (910 of 51080)
22:49:34 PR 32701  (911 of 51080)
22:49:37 PR 32700  (912 of 51080)
22:49:39 PR 32698  (913 of 51080)
22:49:43 PR 32694  (914 of 51080)
22:49:45 PR 32693  (915 of 51080)
22:49:47 PR 32692  (916 of 51080)
22:49:50 PR 32690  (917 of 51080)
22:49:52 PR 32689  (918 of 51080)
22:49:54 PR 32687  (919 of 51080)
22:49:56 PR 32685  (920 of 51080)
22:49:58 PR 32684  (921 of 51080)
22:50:00 PR 32683  (922 of 51080)
22:50:03 PR 32682  (923 of 51080)
22:50:04 PR 32681  (924 of 51080)
22:50:06 PR 32680  (925 of 51080)
22:50:08 PR 32678  (926 of 51080)
22:50:11 PR 32676  (927 of 51080)
22:50:13 PR 32675  (928 of 51080)
22:50:15 PR 32674  (929 of 51080)
22:50:17 PR 32673  (930 of 51080)
22:50:20 PR 32672  (931 of 51080)
22:50:23 PR 32671  (932 of 51080)
22:50:25 PR 32670  (933 of 51080)
22:50:27 PR 32668  (934 of 51080)
22:50:32 PR 32667  (935 of 51080)
22:50:35 PR 32666  (936 of 51080)
22:50:37 PR 32664  (937 of 51080)
22:50:39 PR 32663  (938 of 51080)
22:50:41 PR 32662  (939 of 51080)
22:50:43 PR 32661  (940 of 51080)
22:50:46 PR 32659  (941 of 51080)
22:50:48 PR 32658  (942 of 51080)
22:50:50 PR 32654  (943 of 51080)
22:50:52 PR 32653  (944 of 51080)
22:50:54 PR 32652  (945 of 51080)
22:50:56 PR 32651  (946 of 51080)
22:50:58 PR 32650  (947 of 51080)
22:51:00 PR 32648  (948 of 51080)
22:51:02 PR 32647  (949 of 51080)
22:51:06 PR 32646  (950 of 51080)
22:51:07 PR 32645  (951 of 51080)
22:51:10 PR 32643  (952 of 51080)
22:51:12 PR 32642  (953 of 51080)
22:51:14 PR 32641  (954 of 51080)
22:51:16 PR 32640  (955 of 51080)
22:51:17 PR 32639  (956 of 51080)
22:51:19 PR 32638  (957 of 51080)
22:51:21 PR 32637  (958 of 51080)
22:51:23 PR 32636  (959 of 51080)
22:51:25 PR 32635  (960 of 51080)
22:51:27 PR 32634  (961 of 51080)
22:51:29 PR 32632  (962 of 51080)
22:51:31 PR 32631  (963 of 51080)
22:51:33 PR 32630  (964 of 51080)
22:51:36 PR 32629  (965 of 51080)
22:51:37 PR 32628  (966 of 51080)
22:51:40 PR 32627  (967 of 51080)
22:51:42 PR 32626  (968 of 51080)
22:51:44 PR 32625  (969 of 51080)
22:51:46 PR 32624  (970 of 51080)
22:51:48 PR 32623  (971 of 51080)
22:51:52 PR 32622  (972 of 51080)
22:51:54 PR 32620  (973 of 51080)
22:51:58 PR 32618  (974 of 51080)
22:52:00 PR 32617  (975 of 51080)
22:52:02 PR 32616  (976 of 51080)
22:52:04 PR 32615  (977 of 51080)
22:52:07 PR 32614  (978 of 51080)
22:52:09 PR 32613  (979 of 51080)
22:52:11 PR 32612  (980 of 51080)
22:52:13 PR 32611  (981 of 51080)
22:52:14 PR 32609  (982 of 51080)
22:52:16 PR 32607  (983 of 51080)
22:52:18 PR 32606  (984 of 51080)
22:52:21 PR 32605  (985 of 51080)
22:52:22 PR 32604  (986 of 51080)
22:52:24 PR 32602  (987 of 51080)
22:52:27 PR 32601  (988 of 51080)
22:52:29 PR 32600  (989 of 51080)
22:52:30 PR 32598  (990 of 51080)
22:52:32 PR 32597  (991 of 51080)
22:52:34 PR 32596  (992 of 51080)
22:52:36 PR 32595  (993 of 51080)
22:52:38 PR 32594  (994 of 51080)
22:52:41 PR 32593  (995 of 51080)
22:52:45 PR 32592  (996 of 51080)
22:52:47 PR 32591  (997 of 51080)
22:52:49 PR 32588  (998 of 51080)
22:52:51 PR 32587  (999 of 51080)
22:52:53 PR 32586  (1000 of 51080)
22:52:55 PR 32585  (1001 of 51080)
22:52:57 PR 32584  (1002 of 51080)
22:52:59 PR 32583  (1003 of 51080)
22:53:01 PR 32582  (1004 of 51080)
22:53:03 PR 32580  (1005 of 51080)
22:53:04 PR 32578  (1006 of 51080)
22:53:07 PR 32576  (1007 of 51080)
22:53:08 PR 32575  (1008 of 51080)
22:53:10 PR 32574  (1009 of 51080)
22:53:12 PR 32573  (1010 of 51080)
22:53:14 PR 32571  (1011 of 51080)
22:53:16 PR 32570  (1012 of 51080)
22:53:18 PR 32569  (1013 of 51080)
22:53:22 PR 32568  (1014 of 51080)
22:53:24 PR 32567  (1015 of 51080)
22:53:27 PR 32565  (1016 of 51080)
22:53:29 PR 32562  (1017 of 51080)
22:53:30 PR 32561  (1018 of 51080)
22:53:32 PR 32560  (1019 of 51080)
22:53:34 PR 32559  (1020 of 51080)
22:53:37 PR 32558  (1021 of 51080)
22:53:40 PR 32557  (1022 of 51080)
22:53:42 PR 32556  (1023 of 51080)
22:53:44 PR 32555  (1024 of 51080)
22:53:45 PR 32554  (1025 of 51080)
22:53:47 PR 32551  (1026 of 51080)
22:53:49 PR 32550  (1027 of 51080)
22:53:51 PR 32549  (1028 of 51080)
22:53:53 PR 32548  (1029 of 51080)
22:53:56 PR 32547  (1030 of 51080)
22:53:58 PR 32546  (1031 of 51080)
22:54:00 PR 32544  (1032 of 51080)
22:54:02 PR 32543  (1033 of 51080)
22:54:04 PR 32542  (1034 of 51080)
22:54:06 PR 32541  (1035 of 51080)
22:54:08 PR 32540  (1036 of 51080)
22:54:10 PR 32539  (1037 of 51080)
22:54:12 PR 32538  (1038 of 51080)
22:54:14 PR 32535  (1039 of 51080)
22:54:16 PR 32534  (1040 of 51080)
22:54:19 PR 32533  (1041 of 51080)
22:54:21 PR 32532  (1042 of 51080)
22:54:23 PR 32530  (1043 of 51080)
22:54:25 PR 32527  (1044 of 51080)
22:54:28 PR 32526  (1045 of 51080)
22:54:30 PR 32525  (1046 of 51080)
22:54:32 PR 32524  (1047 of 51080)
22:54:34 PR 32523  (1048 of 51080)
22:54:36 PR 32522  (1049 of 51080)
22:54:38 PR 32521  (1050 of 51080)
22:54:40 PR 32520  (1051 of 51080)
22:54:42 PR 32519  (1052 of 51080)
22:54:44 PR 32518  (1053 of 51080)
22:54:46 PR 32517  (1054 of 51080)
22:54:48 PR 32510  (1055 of 51080)
22:54:51 PR 32508  (1056 of 51080)
22:54:53 PR 32507  (1057 of 51080)
22:54:55 PR 32505  (1058 of 51080)
22:54:57 PR 32504  (1059 of 51080)
22:54:59 PR 32503  (1060 of 51080)
22:55:01 PR 32502  (1061 of 51080)
22:55:03 PR 32501  (1062 of 51080)
22:55:04 PR 32500  (1063 of 51080)
22:55:07 PR 32498  (1064 of 51080)
22:55:09 PR 32496  (1065 of 51080)
22:55:11 PR 32495  (1066 of 51080)
22:55:13 PR 32494  (1067 of 51080)
22:55:15 PR 32493  (1068 of 51080)
22:55:17 PR 32491  (1069 of 51080)
22:55:20 PR 32490  (1070 of 51080)
22:55:22 PR 32489  (1071 of 51080)
22:55:24 PR 32488  (1072 of 51080)
22:55:27 PR 32487  (1073 of 51080)
22:55:29 PR 32486  (1074 of 51080)
22:55:32 PR 32484  (1075 of 51080)
22:55:34 PR 32483  (1076 of 51080)
22:55:36 PR 32482  (1077 of 51080)
22:55:38 PR 32481  (1078 of 51080)
22:55:40 PR 32480  (1079 of 51080)
22:55:42 PR 32479  (1080 of 51080)
22:55:44 PR 32477  (1081 of 51080)
22:55:46 PR 32476  (1082 of 51080)
22:55:49 PR 32473  (1083 of 51080)
22:55:51 PR 32472  (1084 of 51080)
22:55:53 PR 32471  (1085 of 51080)
22:55:56 PR 32470  (1086 of 51080)
22:55:58 PR 32466  (1087 of 51080)
22:56:00 PR 32465  (1088 of 51080)
22:56:02 PR 32464  (1089 of 51080)
22:56:05 PR 32463  (1090 of 51080)
22:56:06 PR 32462  (1091 of 51080)
22:56:08 PR 32461  (1092 of 51080)
22:56:10 PR 32460  (1093 of 51080)
22:56:13 PR 32458  (1094 of 51080)
22:56:15 PR 32456  (1095 of 51080)
22:56:17 PR 32455  (1096 of 51080)
22:56:19 PR 32454  (1097 of 51080)
22:56:21 PR 32453  (1098 of 51080)
22:56:23 PR 32452  (1099 of 51080)
22:56:25 PR 32451  (1100 of 51080)
22:56:27 PR 32450  (1101 of 51080)
22:56:28 PR 32449  (1102 of 51080)
22:56:30 PR 32447  (1103 of 51080)
22:56:32 PR 32446  (1104 of 51080)
22:56:34 PR 32443  (1105 of 51080)
22:56:36 PR 32442  (1106 of 51080)
22:56:37 PR 32441  (1107 of 51080)
22:56:39 PR 32440  (1108 of 51080)
22:56:41 PR 32439  (1109 of 51080)
22:56:43 PR 32438  (1110 of 51080)
22:56:45 PR 32437  (1111 of 51080)
22:56:47 PR 32436  (1112 of 51080)
22:56:49 PR 32435  (1113 of 51080)
22:56:51 PR 32434  (1114 of 51080)
22:56:54 PR 32432  (1115 of 51080)
22:56:56 PR 32428  (1116 of 51080)
22:56:58 PR 32426  (1117 of 51080)
22:57:00 PR 32425  (1118 of 51080)
22:57:02 PR 32424  (1119 of 51080)
22:57:04 PR 32423  (1120 of 51080)
22:57:07 PR 32422  (1121 of 51080)
22:57:09 PR 32419  (1122 of 51080)
22:57:11 PR 32418  (1123 of 51080)
22:57:13 PR 32417  (1124 of 51080)
22:57:14 PR 32416  (1125 of 51080)
22:57:16 PR 32415  (1126 of 51080)
22:57:18 PR 32396  (1127 of 51080)
22:57:20 PR 32395  (1128 of 51080)
22:57:24 PR 32394  (1129 of 51080)
22:57:25 PR 32393  (1130 of 51080)
22:57:28 PR 32391  (1131 of 51080)
22:57:30 PR 32390  (1132 of 51080)
22:57:32 PR 32389  (1133 of 51080)
22:57:34 PR 32388  (1134 of 51080)
22:57:36 PR 32387  (1135 of 51080)
22:57:38 PR 32386  (1136 of 51080)
22:57:40 PR 32384  (1137 of 51080)
22:57:42 PR 32383  (1138 of 51080)
22:57:44 PR 32381  (1139 of 51080)
22:57:46 PR 32380  (1140 of 51080)
22:57:48 PR 32379  (1141 of 51080)
22:57:50 PR 32378  (1142 of 51080)
22:57:52 PR 32377  (1143 of 51080)
22:57:54 PR 32374  (1144 of 51080)
22:57:57 PR 32373  (1145 of 51080)
22:57:59 PR 32372  (1146 of 51080)
22:58:00 PR 32371  (1147 of 51080)
22:58:02 PR 32370  (1148 of 51080)
22:58:05 PR 32369  (1149 of 51080)
22:58:06 PR 32368  (1150 of 51080)
22:58:09 PR 32367  (1151 of 51080)
22:58:10 PR 32366  (1152 of 51080)
22:58:13 PR 32364  (1153 of 51080)
22:58:14 PR 32363  (1154 of 51080)
22:58:16 PR 32362  (1155 of 51080)
22:58:18 PR 32361  (1156 of 51080)
22:58:22 PR 32360  (1157 of 51080)
22:58:24 PR 32359  (1158 of 51080)
22:58:26 PR 32358  (1159 of 51080)
10:09:46 starting - 1159 PRs already saved, skipping those
10:09:46 reusing cached list of 51080 PR numbers
10:09:48 PR 32357  (1160 of 51080)
10:09:52 PR 32356  (1161 of 51080)
10:09:55 PR 33360  (1162 of 51080)
10:09:57 PR 33359  (1163 of 51080)
10:09:59 PR 33358  (1164 of 51080)
10:10:01 PR 33357  (1165 of 51080)
10:10:03 PR 33355  (1166 of 51080)
10:10:05 PR 33354  (1167 of 51080)
10:10:07 PR 33350  (1168 of 51080)
10:10:09 PR 33349  (1169 of 51080)
10:10:11 PR 33347  (1170 of 51080)
10:10:14 PR 33346  (1171 of 51080)
10:10:16 PR 33345  (1172 of 51080)
10:10:18 PR 33344  (1173 of 51080)
10:10:20 PR 33343  (1174 of 51080)
10:10:22 PR 33340  (1175 of 51080)
10:10:26 PR 33338  (1176 of 51080)
10:10:28 PR 33336  (1177 of 51080)
10:10:30 PR 33335  (1178 of 51080)
10:10:32 PR 33334  (1179 of 51080)
10:10:34 PR 33333  (1180 of 51080)
10:10:38 PR 33332  (1181 of 51080)
10:10:40 PR 33331  (1182 of 51080)
10:10:42 PR 33329  (1183 of 51080)
10:10:45 PR 33328  (1184 of 51080)
10:10:47 PR 33325  (1185 of 51080)
10:10:49 PR 33323  (1186 of 51080)
10:10:51 PR 33321  (1187 of 51080)
10:10:53 PR 33320  (1188 of 51080)
10:10:56 PR 33310  (1189 of 51080)
10:10:59 PR 33309  (1190 of 51080)
10:11:01 PR 33308  (1191 of 51080)
10:11:03 PR 33305  (1192 of 51080)
10:11:06 PR 33304  (1193 of 51080)
10:11:08 PR 33302  (1194 of 51080)
10:11:10 PR 33301  (1195 of 51080)
10:11:12 PR 33300  (1196 of 51080)
10:11:14 PR 33299  (1197 of 51080)
10:11:17 PR 33298  (1198 of 51080)
10:11:19 PR 33297  (1199 of 51080)
10:11:20 PR 33296  (1200 of 51080)
10:11:23 PR 33295  (1201 of 51080)
10:11:24 PR 33294  (1202 of 51080)
10:11:28 PR 33293  (1203 of 51080)
10:11:30 PR 33292  (1204 of 51080)
10:11:32 PR 33290  (1205 of 51080)
10:11:35 PR 33289  (1206 of 51080)
10:11:38 PR 33288  (1207 of 51080)
10:11:42 PR 33287  (1208 of 51080)
10:11:44 PR 33286  (1209 of 51080)
10:11:46 PR 33285  (1210 of 51080)
10:11:48 PR 33284  (1211 of 51080)
10:11:50 PR 33283  (1212 of 51080)
10:11:52 PR 33282  (1213 of 51080)
10:11:54 PR 33281  (1214 of 51080)
10:11:58 PR 33279  (1215 of 51080)
10:12:00 PR 33278  (1216 of 51080)
10:12:02 PR 33277  (1217 of 51080)
10:12:05 PR 33276  (1218 of 51080)
10:12:06 PR 33272  (1219 of 51080)
10:12:09 PR 33270  (1220 of 51080)
10:12:12 PR 33268  (1221 of 51080)
10:12:19 PR 33267  (1222 of 51080)
10:12:21 PR 33266  (1223 of 51080)
10:12:23 PR 33264  (1224 of 51080)
10:12:25 PR 33263  (1225 of 51080)
10:12:27 PR 33262  (1226 of 51080)
10:12:30 PR 33260  (1227 of 51080)
10:12:32 PR 33259  (1228 of 51080)
10:12:34 PR 33258  (1229 of 51080)
10:12:36 PR 33257  (1230 of 51080)
10:12:39 PR 33256  (1231 of 51080)
10:12:41 PR 33255  (1232 of 51080)
10:12:43 PR 33254  (1233 of 51080)
10:12:45 PR 33252  (1234 of 51080)
10:12:47 PR 33251  (1235 of 51080)
10:12:49 PR 33250  (1236 of 51080)
10:12:51 PR 33249  (1237 of 51080)
10:12:53 PR 33248  (1238 of 51080)
10:12:55 PR 33246  (1239 of 51080)
10:12:58 PR 33245  (1240 of 51080)
10:13:01 PR 33244  (1241 of 51080)
10:13:03 PR 33243  (1242 of 51080)
10:13:05 PR 33242  (1243 of 51080)
10:13:07 PR 33241  (1244 of 51080)
10:13:10 PR 33240  (1245 of 51080)
10:13:12 PR 33237  (1246 of 51080)
10:13:14 PR 33236  (1247 of 51080)
10:13:18 PR 33235  (1248 of 51080)
10:13:20 PR 33234  (1249 of 51080)
10:13:22 PR 33232  (1250 of 51080)
10:13:24 PR 33231  (1251 of 51080)
10:13:27 PR 33230  (1252 of 51080)
10:13:29 PR 33229  (1253 of 51080)
10:13:31 PR 33228  (1254 of 51080)
10:13:34 PR 33227  (1255 of 51080)
10:13:36 PR 33226  (1256 of 51080)
10:13:38 PR 33225  (1257 of 51080)
10:13:40 PR 33224  (1258 of 51080)
10:13:42 PR 33223  (1259 of 51080)
10:13:45 PR 33222  (1260 of 51080)
10:13:48 PR 33219  (1261 of 51080)
10:13:51 PR 33217  (1262 of 51080)
10:13:58 PR 33216  (1263 of 51080)
10:14:01 PR 33215  (1264 of 51080)
10:14:03 PR 33214  (1265 of 51080)
10:14:07 PR 33211  (1266 of 51080)
10:14:09 PR 33210  (1267 of 51080)
10:14:12 PR 33209  (1268 of 51080)
10:14:14 PR 33206  (1269 of 51080)
10:14:16 PR 33205  (1270 of 51080)
10:14:18 PR 33204  (1271 of 51080)
10:14:20 PR 33202  (1272 of 51080)
10:14:23 PR 33201  (1273 of 51080)
10:14:25 PR 33199  (1274 of 51080)
10:14:28 PR 33198  (1275 of 51080)
10:14:30 PR 33197  (1276 of 51080)
10:14:33 PR 33195  (1277 of 51080)
10:14:36 PR 33194  (1278 of 51080)
10:14:38 PR 33193  (1279 of 51080)
10:14:40 PR 33191  (1280 of 51080)
10:14:43 PR 33190  (1281 of 51080)
10:14:45 PR 33189  (1282 of 51080)
10:14:47 PR 33188  (1283 of 51080)
10:14:50 PR 33187  (1284 of 51080)
10:14:53 PR 33186  (1285 of 51080)
10:14:54 PR 33184  (1286 of 51080)
10:14:57 PR 33183  (1287 of 51080)
10:14:59 PR 33182  (1288 of 51080)
10:15:01 PR 33181  (1289 of 51080)
10:15:04 PR 33180  (1290 of 51080)
10:15:06 PR 33179  (1291 of 51080)
10:15:09 PR 33178  (1292 of 51080)
10:15:11 PR 33177  (1293 of 51080)
10:15:13 PR 33175  (1294 of 51080)
10:15:17 PR 33174  (1295 of 51080)
10:15:19 PR 33172  (1296 of 51080)
10:15:22 PR 33170  (1297 of 51080)
10:15:24 PR 33167  (1298 of 51080)
10:15:26 PR 33166  (1299 of 51080)
10:15:29 PR 33165  (1300 of 51080)
10:15:33 PR 33163  (1301 of 51080)
10:15:36 PR 33162  (1302 of 51080)
10:15:39 PR 33161  (1303 of 51080)
10:15:41 PR 33160  (1304 of 51080)
10:15:43 PR 33159  (1305 of 51080)
10:15:46 PR 33158  (1306 of 51080)
10:15:48 PR 33157  (1307 of 51080)
10:15:51 PR 33156  (1308 of 51080)
10:15:53 PR 33155  (1309 of 51080)
10:15:55 PR 33154  (1310 of 51080)
10:15:57 PR 33152  (1311 of 51080)
10:15:59 PR 33151  (1312 of 51080)
10:16:01 PR 33150  (1313 of 51080)
10:16:04 PR 33148  (1314 of 51080)
10:16:06 PR 33146  (1315 of 51080)
10:16:08 PR 33145  (1316 of 51080)
10:16:11 PR 33144  (1317 of 51080)
10:16:14 PR 33143  (1318 of 51080)
10:16:16 PR 33141  (1319 of 51080)
10:16:19 PR 33136  (1320 of 51080)
10:16:21 PR 33135  (1321 of 51080)
10:16:23 PR 33134  (1322 of 51080)
10:16:26 PR 33133  (1323 of 51080)
10:16:28 PR 33132  (1324 of 51080)
10:16:31 PR 33131  (1325 of 51080)
10:16:34 PR 33130  (1326 of 51080)
10:16:36 PR 33129  (1327 of 51080)
10:16:38 PR 33128  (1328 of 51080)
10:16:40 PR 33126  (1329 of 51080)
10:16:42 PR 33125  (1330 of 51080)
10:16:44 PR 33124  (1331 of 51080)
10:16:46 PR 33121  (1332 of 51080)
10:16:48 PR 33119  (1333 of 51080)
10:16:51 PR 33118  (1334 of 51080)
10:16:53 PR 33117  (1335 of 51080)
10:16:57 PR 33116  (1336 of 51080)
10:17:00 PR 33115  (1337 of 51080)
10:17:03 PR 33112  (1338 of 51080)
10:17:05 PR 33111  (1339 of 51080)
10:17:07 PR 33110  (1340 of 51080)
10:17:10 PR 33109  (1341 of 51080)
10:17:12 PR 33107  (1342 of 51080)
10:17:15 PR 33106  (1343 of 51080)
10:17:17 PR 33105  (1344 of 51080)
10:17:19 PR 33098  (1345 of 51080)
10:17:21 PR 33017  (1346 of 51080)
10:17:23 PR 33014  (1347 of 51080)
10:17:26 PR 33013  (1348 of 51080)
10:17:29 PR 33011  (1349 of 51080)
10:17:31 PR 33010  (1350 of 51080)
10:17:34 PR 33006  (1351 of 51080)
10:17:36 PR 33004  (1352 of 51080)
10:17:39 PR 33003  (1353 of 51080)
10:17:41 PR 33002  (1354 of 51080)
10:17:43 PR 32999  (1355 of 51080)
10:17:45 PR 32998  (1356 of 51080)
10:17:48 PR 32995  (1357 of 51080)
10:17:50 PR 32993  (1358 of 51080)
10:17:52 PR 32992  (1359 of 51080)
10:17:55 PR 32991  (1360 of 51080)
10:17:57 PR 32989  (1361 of 51080)
10:18:00 PR 32988  (1362 of 51080)
10:18:03 PR 32987  (1363 of 51080)
10:18:06 PR 32986  (1364 of 51080)
10:18:08 PR 32985  (1365 of 51080)
10:18:10 PR 32983  (1366 of 51080)
10:18:12 PR 32982  (1367 of 51080)
10:18:14 PR 32981  (1368 of 51080)
10:18:16 PR 32980  (1369 of 51080)
10:18:18 PR 32979  (1370 of 51080)
10:18:20 PR 32978  (1371 of 51080)
10:18:22 PR 32977  (1372 of 51080)
10:18:24 PR 32976  (1373 of 51080)
10:18:26 PR 32974  (1374 of 51080)
10:18:28 PR 32973  (1375 of 51080)
10:18:31 PR 32972  (1376 of 51080)
10:18:33 PR 32971  (1377 of 51080)
10:18:35 PR 32970  (1378 of 51080)
10:18:37 PR 32968  (1379 of 51080)
10:18:39 PR 32967  (1380 of 51080)
10:18:42 PR 32965  (1381 of 51080)
10:18:44 PR 32962  (1382 of 51080)
10:18:47 PR 32901  (1383 of 51080)
10:18:49 PR 32900  (1384 of 51080)
10:18:51 PR 32899  (1385 of 51080)
10:18:54 PR 32896  (1386 of 51080)
10:18:56 PR 32895  (1387 of 51080)
10:18:58 PR 32894  (1388 of 51080)
10:19:01 PR 32893  (1389 of 51080)
10:19:03 PR 32892  (1390 of 51080)
10:19:05 PR 32891  (1391 of 51080)
10:19:07 PR 32890  (1392 of 51080)
10:19:11 PR 32889  (1393 of 51080)
10:19:13 PR 32888  (1394 of 51080)
10:19:15 PR 32887  (1395 of 51080)
10:19:17 PR 32886  (1396 of 51080)
10:19:20 PR 32884  (1397 of 51080)
10:19:22 PR 32883  (1398 of 51080)
10:19:24 PR 32882  (1399 of 51080)
10:19:26 PR 32881  (1400 of 51080)
10:19:29 PR 32880  (1401 of 51080)
10:19:31 PR 32879  (1402 of 51080)
10:19:34 PR 32878  (1403 of 51080)
10:19:37 PR 32876  (1404 of 51080)
10:19:39 PR 32874  (1405 of 51080)
10:19:42 PR 32873  (1406 of 51080)
10:19:44 PR 32872  (1407 of 51080)
10:19:46 PR 32871  (1408 of 51080)
10:19:48 PR 32868  (1409 of 51080)
10:19:51 PR 32865  (1410 of 51080)
10:19:53 PR 32864  (1411 of 51080)
10:19:55 PR 32863  (1412 of 51080)
10:19:59 PR 32861  (1413 of 51080)
10:20:01 PR 32859  (1414 of 51080)
10:20:04 PR 32858  (1415 of 51080)
10:20:07 PR 32857  (1416 of 51080)
10:20:09 PR 32856  (1417 of 51080)
10:20:12 PR 32855  (1418 of 51080)
10:20:15 PR 32854  (1419 of 51080)
10:20:16 PR 32852  (1420 of 51080)
10:20:19 PR 32851  (1421 of 51080)
10:20:21 PR 32850  (1422 of 51080)
10:20:23 PR 32849  (1423 of 51080)
10:20:25 PR 32848  (1424 of 51080)
10:20:27 PR 32847  (1425 of 51080)
10:20:29 PR 32846  (1426 of 51080)
10:20:32 PR 32845  (1427 of 51080)
10:20:34 PR 32844  (1428 of 51080)
10:20:36 PR 32843  (1429 of 51080)
10:20:38 PR 32842  (1430 of 51080)
10:20:41 PR 32841  (1431 of 51080)
10:20:44 PR 32840  (1432 of 51080)
10:20:46 PR 32838  (1433 of 51080)
10:20:49 PR 32837  (1434 of 51080)
10:20:51 PR 32834  (1435 of 51080)
10:20:53 PR 32833  (1436 of 51080)
10:20:56 PR 32832  (1437 of 51080)
10:20:58 PR 32831  (1438 of 51080)
10:21:00 PR 32830  (1439 of 51080)
10:21:03 PR 32829  (1440 of 51080)
10:21:06 PR 32826  (1441 of 51080)
10:21:08 PR 32825  (1442 of 51080)
10:21:10 PR 32824  (1443 of 51080)
10:21:12 PR 32823  (1444 of 51080)
10:21:14 PR 32821  (1445 of 51080)
10:21:16 PR 32820  (1446 of 51080)
10:21:18 PR 32819  (1447 of 51080)
10:21:21 PR 32815  (1448 of 51080)
10:21:23 PR 32814  (1449 of 51080)
10:21:25 PR 32813  (1450 of 51080)
10:21:27 PR 32812  (1451 of 51080)
10:21:29 PR 32811  (1452 of 51080)
10:21:31 PR 32810  (1453 of 51080)
10:21:33 PR 32808  (1454 of 51080)
10:21:36 PR 32807  (1455 of 51080)
10:21:38 PR 32806  (1456 of 51080)
10:21:41 PR 32805  (1457 of 51080)
10:21:44 PR 32804  (1458 of 51080)
10:21:47 PR 32802  (1459 of 51080)
10:21:49 PR 32801  (1460 of 51080)
10:21:53 PR 32799  (1461 of 51080)
10:21:54 PR 32797  (1462 of 51080)
10:21:57 PR 32796  (1463 of 51080)
10:22:00 PR 32795  (1464 of 51080)
10:22:03 PR 32794  (1465 of 51080)
10:22:05 PR 32793  (1466 of 51080)
10:22:07 PR 32792  (1467 of 51080)
10:22:10 PR 32791  (1468 of 51080)
10:22:12 PR 32790  (1469 of 51080)
10:22:15 PR 32788  (1470 of 51080)
10:22:17 PR 32787  (1471 of 51080)
10:22:19 PR 32786  (1472 of 51080)
10:22:23 PR 32785  (1473 of 51080)
10:22:25 PR 32784  (1474 of 51080)
10:22:28 PR 32783  (1475 of 51080)
10:22:29 PR 32782  (1476 of 51080)
10:22:31 PR 32781  (1477 of 51080)
10:22:34 PR 32780  (1478 of 51080)
10:22:36 PR 32779  (1479 of 51080)
10:22:39 PR 32777  (1480 of 51080)
10:22:42 PR 32776  (1481 of 51080)
10:22:45 PR 32775  (1482 of 51080)
10:22:47 PR 32773  (1483 of 51080)
10:22:49 PR 32772  (1484 of 51080)
10:22:52 PR 32770  (1485 of 51080)
10:22:54 PR 32769  (1486 of 51080)
10:22:57 PR 32768  (1487 of 51080)
10:22:59 PR 32767  (1488 of 51080)
10:23:02 PR 32766  (1489 of 51080)
10:23:04 PR 32765  (1490 of 51080)
10:23:06 PR 32764  (1491 of 51080)
10:23:08 PR 32763  (1492 of 51080)
10:23:10 PR 32762  (1493 of 51080)
10:23:13 PR 32761  (1494 of 51080)
10:23:15 PR 32760  (1495 of 51080)
10:23:17 PR 32759  (1496 of 51080)
10:23:19 PR 32758  (1497 of 51080)
12:29:03 starting - 1497 PRs already saved, skipping those
12:29:03 reusing cached list of 51080 PR numbers
12:29:06 PR 32754  (1498 of 51080)
12:29:09 PR 32753  (1499 of 51080)
12:29:12 PR 32752  (1500 of 51080)
12:29:14 PR 32751  (1501 of 51080)
12:29:17 PR 32750  (1502 of 51080)
12:29:20 PR 32748  (1503 of 51080)
12:29:22 PR 32747  (1504 of 51080)
12:29:24 PR 32746  (1505 of 51080)
12:29:27 PR 32744  (1506 of 51080)
12:29:29 PR 32743  (1507 of 51080)
12:29:31 PR 32740  (1508 of 51080)
12:29:34 PR 32739  (1509 of 51080)
12:29:35 PR 32738  (1510 of 51080)
12:29:38 PR 32737  (1511 of 51080)
12:29:40 PR 32736  (1512 of 51080)
12:29:42 PR 32734  (1513 of 51080)
12:29:45 PR 32732  (1514 of 51080)
12:29:48 PR 33936  (1515 of 51080)
12:29:50 PR 33934  (1516 of 51080)
12:29:52 PR 33933  (1517 of 51080)
12:29:55 PR 33930  (1518 of 51080)
12:29:56 PR 33928  (1519 of 51080)
12:29:58 PR 33927  (1520 of 51080)
12:30:02 PR 33926  (1521 of 51080)
12:30:04 PR 33924  (1522 of 51080)
12:30:07 PR 33922  (1523 of 51080)
12:30:09 PR 33920  (1524 of 51080)
12:30:12 PR 33919  (1525 of 51080)
12:30:14 PR 33918  (1526 of 51080)
12:30:17 PR 33917  (1527 of 51080)
12:30:19 PR 33916  (1528 of 51080)
12:30:22 PR 33915  (1529 of 51080)
12:30:24 PR 33914  (1530 of 51080)
12:30:27 PR 33913  (1531 of 51080)
12:30:29 PR 33912  (1532 of 51080)
12:30:32 PR 33909  (1533 of 51080)
12:30:34 PR 33908  (1534 of 51080)
12:30:37 PR 33907  (1535 of 51080)
12:30:39 PR 33906  (1536 of 51080)
12:30:43 PR 33905  (1537 of 51080)
12:30:45 PR 33903  (1538 of 51080)
12:30:48 PR 33902  (1539 of 51080)
12:30:50 PR 33900  (1540 of 51080)
12:30:52 PR 33899  (1541 of 51080)
12:30:54 PR 33894  (1542 of 51080)
12:30:56 PR 33893  (1543 of 51080)
12:30:59 PR 33892  (1544 of 51080)
12:31:01 PR 33891  (1545 of 51080)
12:31:05 PR 33889  (1546 of 51080)
12:31:07 PR 33888  (1547 of 51080)
12:31:10 PR 33887  (1548 of 51080)
12:31:13 PR 33886  (1549 of 51080)
12:31:15 PR 33885  (1550 of 51080)
12:31:16 PR 33881  (1551 of 51080)
12:31:18 PR 33880  (1552 of 51080)
12:31:21 PR 33879  (1553 of 51080)
12:31:23 PR 33878  (1554 of 51080)
12:31:25 PR 33877  (1555 of 51080)
12:31:28 PR 33875  (1556 of 51080)
12:31:31 PR 33872  (1557 of 51080)
12:31:33 PR 33869  (1558 of 51080)
12:31:36 PR 33867  (1559 of 51080)
12:31:37 PR 33864  (1560 of 51080)
12:31:40 PR 33863  (1561 of 51080)
12:31:42 PR 33861  (1562 of 51080)
12:31:45 PR 33859  (1563 of 51080)
12:31:47 PR 33856  (1564 of 51080)
12:31:50 PR 33855  (1565 of 51080)
12:31:52 PR 33853  (1566 of 51080)
12:31:54 PR 33852  (1567 of 51080)
12:31:58 PR 33851  (1568 of 51080)
12:32:00 PR 33849  (1569 of 51080)
12:32:03 PR 33848  (1570 of 51080)
12:32:05 PR 33847  (1571 of 51080)
12:32:07 PR 33846  (1572 of 51080)
12:32:09 PR 33845  (1573 of 51080)
12:32:13 PR 33844  (1574 of 51080)
12:32:15 PR 33842  (1575 of 51080)
12:32:18 PR 33841  (1576 of 51080)
12:32:20 PR 33782  (1577 of 51080)
12:32:22 PR 33781  (1578 of 51080)
12:32:25 PR 33780  (1579 of 51080)
12:32:28 PR 33778  (1580 of 51080)
12:32:30 PR 33776  (1581 of 51080)
12:32:32 PR 33775  (1582 of 51080)
12:32:34 PR 33774  (1583 of 51080)
12:32:37 PR 33772  (1584 of 51080)
12:32:38 PR 33771  (1585 of 51080)
12:32:41 PR 33770  (1586 of 51080)
12:32:43 PR 33769  (1587 of 51080)
12:32:46 PR 33767  (1588 of 51080)
12:32:50 PR 33766  (1589 of 51080)
12:32:53 PR 33764  (1590 of 51080)
12:32:56 PR 33763  (1591 of 51080)
12:32:59 PR 33762  (1592 of 51080)
12:33:01 PR 33760  (1593 of 51080)
12:33:03 PR 33759  (1594 of 51080)
12:33:04 PR 33758  (1595 of 51080)
12:33:06 PR 33757  (1596 of 51080)
12:33:09 PR 33756  (1597 of 51080)
12:33:12 PR 33755  (1598 of 51080)
12:33:14 PR 33752  (1599 of 51080)
12:33:16 PR 33751  (1600 of 51080)
12:33:18 PR 33750  (1601 of 51080)
12:33:20 PR 33749  (1602 of 51080)
12:33:22 PR 33748  (1603 of 51080)
12:33:24 PR 33746  (1604 of 51080)
12:33:26 PR 33744  (1605 of 51080)
12:33:28 PR 33743  (1606 of 51080)
12:33:30 PR 33742  (1607 of 51080)
12:33:33 PR 33741  (1608 of 51080)
12:33:35 PR 33740  (1609 of 51080)
12:33:37 PR 33739  (1610 of 51080)
12:33:39 PR 33738  (1611 of 51080)
12:33:42 PR 33737  (1612 of 51080)
12:33:44 PR 33736  (1613 of 51080)
12:33:46 PR 33735  (1614 of 51080)
12:33:48 PR 33734  (1615 of 51080)
12:33:50 PR 33733  (1616 of 51080)
12:33:52 PR 33732  (1617 of 51080)
12:33:54 PR 33731  (1618 of 51080)
12:33:57 PR 33730  (1619 of 51080)
12:33:59 PR 33728  (1620 of 51080)
12:34:02 PR 33724  (1621 of 51080)
12:34:04 PR 33722  (1622 of 51080)
12:34:06 PR 33720  (1623 of 51080)
12:34:08 PR 33719  (1624 of 51080)
12:34:10 PR 33718  (1625 of 51080)
12:34:12 PR 33717  (1626 of 51080)
12:34:15 PR 33716  (1627 of 51080)
12:34:17 PR 33715  (1628 of 51080)
12:34:20 PR 33714  (1629 of 51080)
12:34:23 PR 33713  (1630 of 51080)
12:34:25 PR 33711  (1631 of 51080)
12:34:29 PR 33710  (1632 of 51080)
12:34:31 PR 33709  (1633 of 51080)
12:34:33 PR 33708  (1634 of 51080)
12:34:35 PR 33707  (1635 of 51080)
12:34:38 PR 33706  (1636 of 51080)
12:34:40 PR 33705  (1637 of 51080)
12:34:42 PR 33703  (1638 of 51080)
12:34:45 PR 33701  (1639 of 51080)
12:34:48 PR 33700  (1640 of 51080)
12:34:50 PR 33699  (1641 of 51080)
12:34:52 PR 33698  (1642 of 51080)
12:34:54 PR 33696  (1643 of 51080)
12:34:56 PR 33695  (1644 of 51080)
12:34:58 PR 33694  (1645 of 51080)
12:35:00 PR 33692  (1646 of 51080)
12:35:02 PR 33690  (1647 of 51080)
12:35:04 PR 33689  (1648 of 51080)
12:35:06 PR 33687  (1649 of 51080)
12:35:09 PR 33686  (1650 of 51080)
12:35:12 PR 33685  (1651 of 51080)
12:35:14 PR 33684  (1652 of 51080)
12:35:16 PR 33683  (1653 of 51080)
12:35:18 PR 33682  (1654 of 51080)
12:35:20 PR 33681  (1655 of 51080)
12:35:22 PR 33680  (1656 of 51080)
12:35:25 PR 33679  (1657 of 51080)
12:35:27 PR 33678  (1658 of 51080)
12:35:29 PR 33677  (1659 of 51080)
12:35:31 PR 33676  (1660 of 51080)
12:35:34 PR 33675  (1661 of 51080)
12:35:36 PR 33674  (1662 of 51080)
12:35:38 PR 33673  (1663 of 51080)
12:35:39 PR 33672  (1664 of 51080)
12:35:41 PR 33671  (1665 of 51080)
12:35:43 PR 33670  (1666 of 51080)
12:35:45 PR 33669  (1667 of 51080)
12:35:47 PR 33668  (1668 of 51080)
12:35:49 PR 33666  (1669 of 51080)
12:35:51 PR 33664  (1670 of 51080)
12:35:53 PR 33663  (1671 of 51080)
12:35:54 PR 33661  (1672 of 51080)
12:35:57 PR 33660  (1673 of 51080)
12:35:59 PR 33659  (1674 of 51080)
12:36:02 PR 33657  (1675 of 51080)
12:36:04 PR 33656  (1676 of 51080)
12:36:06 PR 33654  (1677 of 51080)
12:36:08 PR 33653  (1678 of 51080)
12:36:10 PR 33651  (1679 of 51080)
12:36:12 PR 33650  (1680 of 51080)
12:36:14 PR 33648  (1681 of 51080)
12:36:16 PR 33647  (1682 of 51080)
12:36:18 PR 33644  (1683 of 51080)
12:36:21 PR 33643  (1684 of 51080)
12:36:23 PR 33642  (1685 of 51080)
12:36:24 PR 33640  (1686 of 51080)
12:36:26 PR 33639  (1687 of 51080)
12:36:28 PR 33638  (1688 of 51080)
12:36:30 PR 33637  (1689 of 51080)
12:36:33 PR 33636  (1690 of 51080)
12:36:35 PR 33634  (1691 of 51080)
12:36:37 PR 33632  (1692 of 51080)
12:36:39 PR 33631  (1693 of 51080)
12:36:41 PR 33630  (1694 of 51080)
12:36:43 PR 33628  (1695 of 51080)
12:36:45 PR 33626  (1696 of 51080)
12:36:47 PR 33624  (1697 of 51080)
12:36:49 PR 33623  (1698 of 51080)
12:36:51 PR 33622  (1699 of 51080)
12:36:53 PR 33621  (1700 of 51080)
12:36:55 PR 33620  (1701 of 51080)
12:36:57 PR 33619  (1702 of 51080)
12:36:59 PR 33618  (1703 of 51080)
12:37:01 PR 33617  (1704 of 51080)
12:37:03 PR 33616  (1705 of 51080)
12:37:05 PR 33615  (1706 of 51080)
12:37:07 PR 33614  (1707 of 51080)
12:37:09 PR 33613  (1708 of 51080)
12:37:12 PR 33611  (1709 of 51080)
12:37:14 PR 33608  (1710 of 51080)
12:37:16 PR 33607  (1711 of 51080)
12:37:18 PR 33605  (1712 of 51080)
12:37:20 PR 33604  (1713 of 51080)
12:37:23 PR 33603  (1714 of 51080)
12:37:26 PR 33602  (1715 of 51080)
12:37:28 PR 33601  (1716 of 51080)
12:37:30 PR 33599  (1717 of 51080)
12:37:32 PR 33598  (1718 of 51080)
12:37:33 PR 33597  (1719 of 51080)
12:37:35 PR 33596  (1720 of 51080)
12:37:37 PR 33595  (1721 of 51080)
12:37:40 PR 33594  (1722 of 51080)
12:37:41 PR 33588  (1723 of 51080)
12:37:44 PR 33587  (1724 of 51080)
12:37:46 PR 33586  (1725 of 51080)
12:37:48 PR 33582  (1726 of 51080)
12:37:50 PR 33581  (1727 of 51080)
12:37:52 PR 33580  (1728 of 51080)
12:37:54 PR 33579  (1729 of 51080)
12:37:56 PR 33578  (1730 of 51080)
12:37:57 PR 33577  (1731 of 51080)
12:37:59 PR 33576  (1732 of 51080)
12:38:01 PR 33575  (1733 of 51080)
12:38:03 PR 33574  (1734 of 51080)
12:38:05 PR 33571  (1735 of 51080)
12:38:08 PR 33570  (1736 of 51080)
12:38:10 PR 33569  (1737 of 51080)
12:38:13 PR 33566  (1738 of 51080)
12:38:15 PR 33565  (1739 of 51080)
12:38:16 PR 33564  (1740 of 51080)
12:38:18 PR 33563  (1741 of 51080)
12:38:20 PR 33562  (1742 of 51080)
12:38:22 PR 33561  (1743 of 51080)
12:38:24 PR 33560  (1744 of 51080)
12:38:26 PR 33556  (1745 of 51080)
12:38:28 PR 33555  (1746 of 51080)
12:38:30 PR 33553  (1747 of 51080)
12:38:32 PR 33552  (1748 of 51080)
12:38:34 PR 33550  (1749 of 51080)
12:38:36 PR 33547  (1750 of 51080)
12:38:38 PR 33546  (1751 of 51080)
12:38:41 PR 33541  (1752 of 51080)
12:38:43 PR 33540  (1753 of 51080)
12:38:46 PR 33538  (1754 of 51080)
12:38:48 PR 33537  (1755 of 51080)
12:38:51 PR 33534  (1756 of 51080)
12:38:53 PR 33533  (1757 of 51080)
12:38:55 PR 33532  (1758 of 51080)
12:38:57 PR 33531  (1759 of 51080)
12:38:59 PR 33530  (1760 of 51080)
12:39:01 PR 33528  (1761 of 51080)
12:39:03 PR 33527  (1762 of 51080)
12:39:06 PR 33522  (1763 of 51080)
12:39:09 PR 33519  (1764 of 51080)
12:39:11 PR 33518  (1765 of 51080)
12:39:13 PR 33517  (1766 of 51080)
12:39:15 PR 33514  (1767 of 51080)
12:39:17 PR 33513  (1768 of 51080)
12:39:20 PR 33511  (1769 of 51080)
12:39:22 PR 33510  (1770 of 51080)
12:39:24 PR 33507  (1771 of 51080)
12:39:27 PR 33506  (1772 of 51080)
12:39:29 PR 33504  (1773 of 51080)
12:39:31 PR 33503  (1774 of 51080)
12:39:33 PR 33502  (1775 of 51080)
12:39:36 PR 33501  (1776 of 51080)
12:39:39 PR 33500  (1777 of 51080)
12:39:42 PR 33499  (1778 of 51080)
12:39:44 PR 33497  (1779 of 51080)
12:39:46 PR 33496  (1780 of 51080)
12:39:48 PR 33495  (1781 of 51080)
12:39:50 PR 33494  (1782 of 51080)
12:39:53 PR 33493  (1783 of 51080)
12:39:55 PR 33492  (1784 of 51080)
12:39:57 PR 33490  (1785 of 51080)
12:39:59 PR 33489  (1786 of 51080)
12:40:01 PR 33487  (1787 of 51080)
12:40:04 PR 33486  (1788 of 51080)
12:40:07 PR 33484  (1789 of 51080)
12:40:09 PR 33482  (1790 of 51080)
12:40:12 PR 33481  (1791 of 51080)
12:40:14 PR 33480  (1792 of 51080)
12:40:16 PR 33478  (1793 of 51080)
12:40:19 PR 33477  (1794 of 51080)
12:40:21 PR 33476  (1795 of 51080)
12:40:23 PR 33474  (1796 of 51080)
12:40:25 PR 33473  (1797 of 51080)
12:40:27 PR 33472  (1798 of 51080)
12:40:29 PR 33471  (1799 of 51080)
12:40:31 PR 33470  (1800 of 51080)
12:40:33 PR 33469  (1801 of 51080)
12:40:36 PR 33468  (1802 of 51080)
12:40:38 PR 33467  (1803 of 51080)
12:40:41 PR 33466  (1804 of 51080)
12:40:43 PR 33465  (1805 of 51080)
12:40:45 PR 33463  (1806 of 51080)
12:40:48 PR 33462  (1807 of 51080)
12:40:51 PR 33461  (1808 of 51080)
12:40:53 PR 33460  (1809 of 51080)
12:40:55 PR 33458  (1810 of 51080)
12:40:57 PR 33455  (1811 of 51080)
12:40:59 PR 33454  (1812 of 51080)
12:41:01 PR 33453  (1813 of 51080)
12:41:03 PR 33452  (1814 of 51080)
12:41:05 PR 33451  (1815 of 51080)
12:41:07 PR 33450  (1816 of 51080)
12:41:09 PR 33448  (1817 of 51080)
12:41:11 PR 33447  (1818 of 51080)
12:41:13 PR 33446  (1819 of 51080)
12:41:16 PR 33445  (1820 of 51080)
12:41:18 PR 33444  (1821 of 51080)
12:41:20 PR 33443  (1822 of 51080)
12:41:22 PR 33442  (1823 of 51080)
12:41:24 PR 33441  (1824 of 51080)
12:41:26 PR 33439  (1825 of 51080)
12:41:29 PR 33438  (1826 of 51080)
12:41:31 PR 33437  (1827 of 51080)
12:41:33 PR 33436  (1828 of 51080)
12:41:34 PR 33434  (1829 of 51080)
12:41:36 PR 33433  (1830 of 51080)
12:41:38 PR 33432  (1831 of 51080)
12:41:40 PR 33431  (1832 of 51080)
12:41:42 PR 33430  (1833 of 51080)
12:41:44 PR 33429  (1834 of 51080)
12:41:46 PR 33428  (1835 of 51080)
12:41:48 PR 33427  (1836 of 51080)
12:41:50 PR 33425  (1837 of 51080)
12:41:52 PR 33420  (1838 of 51080)
12:41:54 PR 33419  (1839 of 51080)
12:41:56 PR 33418  (1840 of 51080)
12:41:58 PR 33417  (1841 of 51080)
12:42:00 PR 33416  (1842 of 51080)
12:42:03 PR 33415  (1843 of 51080)
12:42:04 PR 33414  (1844 of 51080)
12:42:06 PR 33413  (1845 of 51080)
12:42:09 PR 33412  (1846 of 51080)
12:42:10 PR 33411  (1847 of 51080)
12:42:12 PR 33410  (1848 of 51080)
12:42:14 PR 33409  (1849 of 51080)
12:42:16 PR 33408  (1850 of 51080)
12:42:18 PR 33407  (1851 of 51080)
12:42:20 PR 33406  (1852 of 51080)
12:42:22 PR 33405  (1853 of 51080)
12:42:24 PR 33404  (1854 of 51080)
12:42:26 PR 33402  (1855 of 51080)
12:42:28 PR 33401  (1856 of 51080)
12:42:30 PR 33400  (1857 of 51080)
12:42:32 PR 33399  (1858 of 51080)
12:42:34 PR 33398  (1859 of 51080)
12:42:36 PR 33397  (1860 of 51080)
12:42:40 PR 33396  (1861 of 51080)
12:42:42 PR 33395  (1862 of 51080)
12:42:44 PR 33394  (1863 of 51080)
12:42:46 PR 33393  (1864 of 51080)
12:42:48 PR 33392  (1865 of 51080)
12:42:50 PR 33391  (1866 of 51080)
12:42:52 PR 33390  (1867 of 51080)
12:42:54 PR 33389  (1868 of 51080)
12:42:56 PR 33388  (1869 of 51080)
12:42:58 PR 33387  (1870 of 51080)
12:43:00 PR 33386  (1871 of 51080)
12:43:03 PR 33385  (1872 of 51080)
12:43:05 PR 33384  (1873 of 51080)
12:43:08 PR 33383  (1874 of 51080)
12:43:10 PR 33382  (1875 of 51080)
12:43:12 PR 33380  (1876 of 51080)
12:43:14 PR 33379  (1877 of 51080)
12:43:16 PR 33377  (1878 of 51080)
12:43:18 PR 33376  (1879 of 51080)
12:43:20 PR 33375  (1880 of 51080)
12:43:23 PR 33373  (1881 of 51080)
12:43:25 PR 33372  (1882 of 51080)
12:43:27 PR 33370  (1883 of 51080)
12:43:29 PR 33369  (1884 of 51080)
12:43:31 PR 33368  (1885 of 51080)
12:43:33 PR 33367  (1886 of 51080)
12:43:35 PR 33366  (1887 of 51080)
12:43:37 PR 33364  (1888 of 51080)
12:43:39 PR 33362  (1889 of 51080)
12:43:41 PR 33361  (1890 of 51080)
12:43:43 PR 34323  (1891 of 51080)
12:43:45 PR 34322  (1892 of 51080)
12:43:48 PR 34321  (1893 of 51080)
12:43:50 PR 34320  (1894 of 51080)
12:43:52 PR 34319  (1895 of 51080)
12:43:53 PR 34318  (1896 of 51080)
12:43:55 PR 34317  (1897 of 51080)
12:43:58 PR 34316  (1898 of 51080)
12:44:01 PR 34314  (1899 of 51080)
12:44:03 PR 34313  (1900 of 51080)
12:44:06 PR 34312  (1901 of 51080)
12:44:08 PR 34311  (1902 of 51080)
12:44:10 PR 34310  (1903 of 51080)
12:44:12 PR 34307  (1904 of 51080)
12:44:15 PR 34306  (1905 of 51080)
12:44:17 PR 34300  (1906 of 51080)
12:44:19 PR 34299  (1907 of 51080)
12:44:20 PR 34298  (1908 of 51080)
12:44:23 PR 34297  (1909 of 51080)
12:44:25 PR 34296  (1910 of 51080)
12:44:27 PR 34294  (1911 of 51080)
12:44:29 PR 34293  (1912 of 51080)
12:44:31 PR 34292  (1913 of 51080)
12:44:33 PR 34291  (1914 of 51080)
12:44:36 PR 34290  (1915 of 51080)
12:44:38 PR 34289  (1916 of 51080)
12:44:40 PR 34288  (1917 of 51080)
12:44:42 PR 34287  (1918 of 51080)
12:44:44 PR 34286  (1919 of 51080)
12:44:46 PR 34285  (1920 of 51080)
12:44:49 PR 34284  (1921 of 51080)
12:44:51 PR 34283  (1922 of 51080)
12:44:54 PR 34281  (1923 of 51080)
12:44:56 PR 34279  (1924 of 51080)
12:44:58 PR 34278  (1925 of 51080)
12:45:00 PR 34277  (1926 of 51080)
12:45:02 PR 34276  (1927 of 51080)
12:45:04 PR 34274  (1928 of 51080)
12:45:06 PR 34271  (1929 of 51080)
12:45:08 PR 34267  (1930 of 51080)
12:45:12 PR 34266  (1931 of 51080)
12:45:15 PR 34263  (1932 of 51080)
12:45:17 PR 34261  (1933 of 51080)
12:45:19 PR 34260  (1934 of 51080)
12:45:22 PR 34258  (1935 of 51080)
12:45:24 PR 34257  (1936 of 51080)
12:45:26 PR 34255  (1937 of 51080)
12:45:28 PR 34254  (1938 of 51080)
12:45:30 PR 34253  (1939 of 51080)
12:45:32 PR 34252  (1940 of 51080)
12:45:36 PR 34251  (1941 of 51080)
12:45:38 PR 34250  (1942 of 51080)
12:45:40 PR 34248  (1943 of 51080)
12:45:42 PR 34247  (1944 of 51080)
12:45:44 PR 34245  (1945 of 51080)
12:45:46 PR 34244  (1946 of 51080)
12:45:49 PR 34243  (1947 of 51080)
12:45:51 PR 34242  (1948 of 51080)
12:45:53 PR 34241  (1949 of 51080)
12:45:55 PR 34240  (1950 of 51080)
12:45:57 PR 34238  (1951 of 51080)
12:45:59 PR 34237  (1952 of 51080)
12:46:00 PR 34235  (1953 of 51080)
12:46:03 PR 34232  (1954 of 51080)
12:46:05 PR 34230  (1955 of 51080)
12:46:07 PR 34228  (1956 of 51080)
13:35:40 starting - 1956 PRs already saved, skipping those
13:35:41 reusing cached list of 51080 PR numbers
13:35:43 PR 34224  (1957 of 51080)
13:35:45 PR 34223  (1958 of 51080)
13:35:47 PR 34221  (1959 of 51080)
13:35:49 PR 34220  (1960 of 51080)
13:35:53 PR 34219  (1961 of 51080)
13:35:56 PR 34217  (1962 of 51080)
13:35:58 PR 34215  (1963 of 51080)
13:36:00 PR 34213  (1964 of 51080)
13:36:03 PR 34212  (1965 of 51080)
13:36:06 PR 34211  (1966 of 51080)
13:36:08 PR 34210  (1967 of 51080)
13:36:10 PR 34208  (1968 of 51080)
13:36:12 PR 34207  (1969 of 51080)
13:36:14 PR 34205  (1970 of 51080)
13:36:17 PR 34203  (1971 of 51080)
13:36:19 PR 34200  (1972 of 51080)
13:36:21 PR 34199  (1973 of 51080)
13:36:23 PR 34198  (1974 of 51080)
13:36:25 PR 34195  (1975 of 51080)
13:36:27 PR 34194  (1976 of 51080)
13:36:29 PR 34193  (1977 of 51080)
13:36:33 PR 34191  (1978 of 51080)
13:36:36 PR 34189  (1979 of 51080)
13:36:40 PR 34188  (1980 of 51080)
13:36:43 PR 34187  (1981 of 51080)
13:36:45 PR 34186  (1982 of 51080)
13:36:47 PR 34185  (1983 of 51080)
13:36:49 PR 34183  (1984 of 51080)
13:36:51 PR 34182  (1985 of 51080)
13:36:53 PR 34181  (1986 of 51080)
13:36:55 PR 34180  (1987 of 51080)
13:36:57 PR 34179  (1988 of 51080)
13:36:58 PR 34177  (1989 of 51080)
13:37:00 PR 34176  (1990 of 51080)
13:37:02 PR 34175  (1991 of 51080)
13:37:05 PR 34173  (1992 of 51080)
13:37:07 PR 34172  (1993 of 51080)
13:37:10 PR 34171  (1994 of 51080)
13:37:12 PR 34170  (1995 of 51080)
13:37:14 PR 34169  (1996 of 51080)
13:37:16 PR 34168  (1997 of 51080)
13:37:18 PR 34166  (1998 of 51080)
13:37:20 PR 34164  (1999 of 51080)
13:37:22 PR 34163  (2000 of 51080)
13:37:24 PR 34162  (2001 of 51080)
13:37:26 PR 34161  (2002 of 51080)
13:37:29 PR 34160  (2003 of 51080)
13:37:31 PR 34158  (2004 of 51080)
13:37:33 PR 34157  (2005 of 51080)
13:37:35 PR 34156  (2006 of 51080)
13:37:37 PR 34155  (2007 of 51080)
13:37:39 PR 34153  (2008 of 51080)
13:37:41 PR 34151  (2009 of 51080)
13:37:44 PR 34148  (2010 of 51080)
13:37:46 PR 34147  (2011 of 51080)
13:37:48 PR 34146  (2012 of 51080)
13:37:51 PR 34144  (2013 of 51080)
13:37:53 PR 34143  (2014 of 51080)
13:37:55 PR 34142  (2015 of 51080)
13:37:58 PR 34141  (2016 of 51080)
13:37:59 PR 34140  (2017 of 51080)
13:38:02 PR 34139  (2018 of 51080)
13:38:04 PR 34138  (2019 of 51080)
13:38:07 PR 34137  (2020 of 51080)
13:38:09 PR 34136  (2021 of 51080)
13:38:11 PR 34135  (2022 of 51080)
13:38:13 PR 34133  (2023 of 51080)
13:38:15 PR 34130  (2024 of 51080)
13:38:18 PR 34128  (2025 of 51080)
13:38:21 PR 34127  (2026 of 51080)
13:38:22 PR 34126  (2027 of 51080)
13:38:25 PR 34123  (2028 of 51080)
13:38:27 PR 34122  (2029 of 51080)
13:38:31 PR 34120  (2030 of 51080)
13:38:33 PR 34119  (2031 of 51080)
13:38:35 PR 34118  (2032 of 51080)
13:38:37 PR 34115  (2033 of 51080)
13:38:39 PR 34114  (2034 of 51080)
13:38:42 PR 34113  (2035 of 51080)
13:38:43 PR 34112  (2036 of 51080)
13:38:46 PR 34111  (2037 of 51080)
13:38:48 PR 34110  (2038 of 51080)
13:38:50 PR 34109  (2039 of 51080)
13:38:52 PR 34108  (2040 of 51080)
13:38:54 PR 34089  (2041 of 51080)
13:38:56 PR 34088  (2042 of 51080)
13:38:58 PR 34087  (2043 of 51080)
13:39:01 PR 34086  (2044 of 51080)
13:39:03 PR 34085  (2045 of 51080)
13:39:05 PR 34084  (2046 of 51080)
13:39:07 PR 34083  (2047 of 51080)
13:39:09 PR 34081  (2048 of 51080)
13:39:11 PR 34080  (2049 of 51080)
13:39:14 PR 34079  (2050 of 51080)
13:39:18 PR 34078  (2051 of 51080)
13:39:21 PR 34077  (2052 of 51080)
13:39:23 PR 34075  (2053 of 51080)
13:39:25 PR 34074  (2054 of 51080)
13:39:26 PR 34073  (2055 of 51080)
13:39:30 PR 34072  (2056 of 51080)
13:39:31 PR 34071  (2057 of 51080)
13:39:33 PR 34070  (2058 of 51080)
13:39:36 PR 34069  (2059 of 51080)
13:39:38 PR 34067  (2060 of 51080)
13:39:40 PR 34066  (2061 of 51080)
13:39:42 PR 34065  (2062 of 51080)
13:39:44 PR 34064  (2063 of 51080)
13:39:47 PR 34063  (2064 of 51080)
13:39:51 PR 34062  (2065 of 51080)
13:39:53 PR 34061  (2066 of 51080)
13:39:55 PR 34060  (2067 of 51080)
13:39:57 PR 34059  (2068 of 51080)
13:39:59 PR 34058  (2069 of 51080)
13:40:01 PR 34057  (2070 of 51080)
13:40:03 PR 34056  (2071 of 51080)
13:40:06 PR 34055  (2072 of 51080)
13:40:08 PR 34053  (2073 of 51080)
13:40:10 PR 34052  (2074 of 51080)
13:40:14 PR 34051  (2075 of 51080)
13:40:16 PR 34050  (2076 of 51080)
13:40:18 PR 34048  (2077 of 51080)
13:40:20 PR 34047  (2078 of 51080)
13:40:22 PR 34043  (2079 of 51080)
13:40:25 PR 34042  (2080 of 51080)
13:40:27 PR 34041  (2081 of 51080)
13:40:29 PR 34040  (2082 of 51080)
13:40:31 PR 34039  (2083 of 51080)
13:40:33 PR 34038  (2084 of 51080)
13:40:35 PR 34037  (2085 of 51080)
13:40:39 PR 34036  (2086 of 51080)
13:40:40 PR 34035  (2087 of 51080)
13:40:42 PR 34034  (2088 of 51080)
13:40:44 PR 34033  (2089 of 51080)
13:40:46 PR 34032  (2090 of 51080)
13:40:48 PR 34031  (2091 of 51080)
13:40:51 PR 34030  (2092 of 51080)
13:40:52 PR 34029  (2093 of 51080)
13:40:54 PR 34028  (2094 of 51080)
13:40:57 PR 34027  (2095 of 51080)
13:40:59 PR 34025  (2096 of 51080)
13:41:01 PR 34024  (2097 of 51080)
13:41:03 PR 34022  (2098 of 51080)
13:41:05 PR 34021  (2099 of 51080)
13:41:07 PR 34020  (2100 of 51080)
13:41:10 PR 34019  (2101 of 51080)
13:41:12 PR 34018  (2102 of 51080)
13:41:15 PR 34017  (2103 of 51080)
13:41:18 PR 34016  (2104 of 51080)
13:41:20 PR 34013  (2105 of 51080)
13:41:22 PR 34012  (2106 of 51080)
13:41:24 PR 33997  (2107 of 51080)
13:41:26 PR 33996  (2108 of 51080)
13:41:28 PR 33995  (2109 of 51080)
13:41:30 PR 33992  (2110 of 51080)
13:41:32 PR 33991  (2111 of 51080)
13:41:34 PR 33990  (2112 of 51080)
13:41:37 PR 33984  (2113 of 51080)
13:41:38 PR 33982  (2114 of 51080)
13:41:40 PR 33980  (2115 of 51080)
13:41:43 PR 33979  (2116 of 51080)
13:41:45 PR 33976  (2117 of 51080)
13:41:49 PR 33975  (2118 of 51080)
13:41:51 PR 33973  (2119 of 51080)
13:41:54 PR 33972  (2120 of 51080)
13:41:57 PR 33971  (2121 of 51080)
13:42:00 PR 33970  (2122 of 51080)
13:42:02 PR 33964  (2123 of 51080)
13:42:06 PR 33963  (2124 of 51080)
13:42:08 PR 33959  (2125 of 51080)
13:42:10 PR 33958  (2126 of 51080)
13:42:12 PR 33957  (2127 of 51080)
13:42:14 PR 33955  (2128 of 51080)
13:42:16 PR 33953  (2129 of 51080)
13:42:18 PR 33952  (2130 of 51080)
13:42:20 PR 33949  (2131 of 51080)
13:42:24 PR 33948  (2132 of 51080)
13:42:26 PR 33947  (2133 of 51080)
13:42:28 PR 33946  (2134 of 51080)
13:42:30 PR 33945  (2135 of 51080)
13:42:33 PR 33944  (2136 of 51080)
13:42:36 PR 33943  (2137 of 51080)
13:42:43 PR 33942  (2138 of 51080)
13:42:46 PR 33941  (2139 of 51080)
13:42:48 PR 33940  (2140 of 51080)
13:42:50 PR 33939  (2141 of 51080)
13:42:52 PR 33938  (2142 of 51080)
13:42:54 PR 34746  (2143 of 51080)
13:42:56 PR 34745  (2144 of 51080)
13:42:58 PR 34744  (2145 of 51080)
13:43:00 PR 34743  (2146 of 51080)
13:43:02 PR 34742  (2147 of 51080)
13:43:04 PR 34741  (2148 of 51080)
13:43:06 PR 34740  (2149 of 51080)
13:43:08 PR 34738  (2150 of 51080)
13:43:10 PR 34736  (2151 of 51080)
13:43:12 PR 34735  (2152 of 51080)
13:43:13 PR 34733  (2153 of 51080)
13:43:15 PR 34731  (2154 of 51080)
13:43:17 PR 34730  (2155 of 51080)
13:43:19 PR 34729  (2156 of 51080)
13:43:21 PR 34728  (2157 of 51080)
13:43:23 PR 34727  (2158 of 51080)
13:43:25 PR 34726  (2159 of 51080)
13:43:27 PR 34725  (2160 of 51080)
13:43:29 PR 34724  (2161 of 51080)
13:43:31 PR 34723  (2162 of 51080)
13:43:33 PR 34721  (2163 of 51080)
13:43:35 PR 34720  (2164 of 51080)
13:43:38 PR 34719  (2165 of 51080)
13:43:43 PR 34718  (2166 of 51080)
13:43:45 PR 34717  (2167 of 51080)
13:43:47 PR 34715  (2168 of 51080)
13:43:48 PR 34714  (2169 of 51080)
13:43:50 PR 34712  (2170 of 51080)
13:43:53 PR 34711  (2171 of 51080)
13:43:55 PR 34710  (2172 of 51080)
13:43:57 PR 34709  (2173 of 51080)
13:44:00 PR 34708  (2174 of 51080)
13:44:02 PR 34705  (2175 of 51080)
13:44:04 PR 34704  (2176 of 51080)
13:44:07 PR 34703  (2177 of 51080)
13:44:09 PR 34702  (2178 of 51080)
13:44:12 PR 34701  (2179 of 51080)
13:44:15 PR 34700  (2180 of 51080)
13:44:18 PR 34699  (2181 of 51080)
13:44:21 PR 34698  (2182 of 51080)
13:44:23 PR 34697  (2183 of 51080)
13:44:26 PR 34695  (2184 of 51080)
13:44:27 PR 34694  (2185 of 51080)
13:44:31 PR 34693  (2186 of 51080)
13:44:33 PR 34692  (2187 of 51080)
13:44:35 PR 34691  (2188 of 51080)
13:44:38 PR 34689  (2189 of 51080)
13:44:41 PR 34688  (2190 of 51080)
13:44:44 PR 34686  (2191 of 51080)
13:44:46 PR 34685  (2192 of 51080)
13:44:48 PR 34684  (2193 of 51080)
13:44:50 PR 34682  (2194 of 51080)
13:44:52 PR 34681  (2195 of 51080)
13:44:54 PR 34680  (2196 of 51080)
13:44:56 PR 34679  (2197 of 51080)
13:44:58 PR 34678  (2198 of 51080)
13:45:00 PR 34677  (2199 of 51080)
13:45:03 PR 34676  (2200 of 51080)
13:45:07 PR 34675  (2201 of 51080)
13:45:11 PR 34674  (2202 of 51080)
13:45:15 PR 34673  (2203 of 51080)
13:45:18 PR 34671  (2204 of 51080)
13:45:25 PR 34666  (2205 of 51080)
13:45:27 PR 34665  (2206 of 51080)
13:45:30 PR 34664  (2207 of 51080)
13:45:32 PR 34663  (2208 of 51080)
13:45:35 PR 34661  (2209 of 51080)
13:45:40 PR 34660  (2210 of 51080)
13:45:42 PR 34657  (2211 of 51080)
13:45:44 PR 34655  (2212 of 51080)
13:45:46 PR 34654  (2213 of 51080)
13:45:48 PR 34653  (2214 of 51080)
13:45:50 PR 34651  (2215 of 51080)
13:45:53 PR 34650  (2216 of 51080)
13:45:56 PR 34648  (2217 of 51080)
13:45:58 PR 34647  (2218 of 51080)
13:46:00 PR 34646  (2219 of 51080)
13:46:02 PR 34645  (2220 of 51080)
13:46:04 PR 34643  (2221 of 51080)
13:46:06 PR 34642  (2222 of 51080)
13:46:08 PR 34641  (2223 of 51080)
13:46:13 PR 34640  (2224 of 51080)
13:46:15 PR 34639  (2225 of 51080)
13:46:17 PR 34638  (2226 of 51080)
13:46:20 PR 34637  (2227 of 51080)
13:46:22 PR 34636  (2228 of 51080)
13:46:24 PR 34634  (2229 of 51080)
13:46:26 PR 34630  (2230 of 51080)
13:46:28 PR 34629  (2231 of 51080)
13:46:30 PR 34626  (2232 of 51080)
13:46:33 PR 34625  (2233 of 51080)
13:46:35 PR 34622  (2234 of 51080)
13:46:37 PR 34621  (2235 of 51080)
13:46:41 PR 34620  (2236 of 51080)
13:46:43 PR 34619  (2237 of 51080)
13:46:45 PR 34618  (2238 of 51080)
13:46:47 PR 34617  (2239 of 51080)
13:46:49 PR 34616  (2240 of 51080)
13:46:52 PR 34615  (2241 of 51080)
13:46:54 PR 34614  (2242 of 51080)
13:46:56 PR 34613  (2243 of 51080)
13:46:59 PR 34612  (2244 of 51080)
13:47:01 PR 34611  (2245 of 51080)
13:47:03 PR 34610  (2246 of 51080)
13:47:08 PR 34609  (2247 of 51080)
13:47:10 PR 34608  (2248 of 51080)
13:47:13 PR 34607  (2249 of 51080)
13:47:16 PR 34606  (2250 of 51080)
13:47:18 PR 34604  (2251 of 51080)
13:47:21 PR 34603  (2252 of 51080)
13:47:24 PR 34602  (2253 of 51080)
13:47:29 PR 34599  (2254 of 51080)
13:47:31 PR 34598  (2255 of 51080)
13:47:33 PR 34596  (2256 of 51080)
13:47:36 PR 34594  (2257 of 51080)
13:47:38 PR 34592  (2258 of 51080)
13:47:40 PR 34591  (2259 of 51080)
13:47:45 PR 34589  (2260 of 51080)
13:47:47 PR 34588  (2261 of 51080)
13:47:50 PR 34587  (2262 of 51080)
13:47:52 PR 34586  (2263 of 51080)
13:47:55 PR 34582  (2264 of 51080)
13:47:57 PR 34580  (2265 of 51080)
13:48:00 PR 34579  (2266 of 51080)
13:48:03 PR 34578  (2267 of 51080)
13:48:06 PR 34577  (2268 of 51080)
13:48:08 PR 34576  (2269 of 51080)
13:48:10 PR 34575  (2270 of 51080)
13:48:13 PR 34574  (2271 of 51080)
13:48:16 PR 34573  (2272 of 51080)
13:48:18 PR 34572  (2273 of 51080)
13:48:20 PR 34569  (2274 of 51080)
13:48:23 PR 34567  (2275 of 51080)
13:48:25 PR 34566  (2276 of 51080)
13:48:27 PR 34565  (2277 of 51080)
13:48:29 PR 34564  (2278 of 51080)
13:48:32 PR 34562  (2279 of 51080)
13:48:34 PR 34561  (2280 of 51080)
13:48:37 PR 34560  (2281 of 51080)
13:48:39 PR 34559  (2282 of 51080)
13:48:41 PR 34556  (2283 of 51080)
13:48:43 PR 34555  (2284 of 51080)
13:48:45 PR 34553  (2285 of 51080)
13:48:47 PR 34552  (2286 of 51080)
13:48:50 PR 34551  (2287 of 51080)
13:48:52 PR 34550  (2288 of 51080)
13:48:54 PR 34549  (2289 of 51080)
13:48:58 PR 34548  (2290 of 51080)
13:49:00 PR 34545  (2291 of 51080)
13:49:03 PR 34542  (2292 of 51080)
13:49:05 PR 34540  (2293 of 51080)
13:49:09 PR 34539  (2294 of 51080)
13:49:11 PR 34537  (2295 of 51080)
13:49:13 PR 34535  (2296 of 51080)
13:49:15 PR 34533  (2297 of 51080)
13:49:18 PR 34532  (2298 of 51080)
13:49:20 PR 34531  (2299 of 51080)
13:49:23 PR 34530  (2300 of 51080)
13:49:26 PR 34529  (2301 of 51080)
13:49:28 PR 34528  (2302 of 51080)
13:49:30 PR 34525  (2303 of 51080)
13:49:32 PR 34524  (2304 of 51080)
13:49:34 PR 34523  (2305 of 51080)
13:49:38 PR 34522  (2306 of 51080)
13:49:40 PR 34521  (2307 of 51080)
13:49:42 PR 34520  (2308 of 51080)
13:49:44 PR 34519  (2309 of 51080)
13:49:46 PR 34517  (2310 of 51080)
13:49:49 PR 34516  (2311 of 51080)
13:49:51 PR 34514  (2312 of 51080)
13:49:53 PR 34513  (2313 of 51080)
13:49:55 PR 34512  (2314 of 51080)
13:49:57 PR 34511  (2315 of 51080)
13:49:59 PR 34510  (2316 of 51080)
13:50:01 PR 34509  (2317 of 51080)
13:50:04 PR 34508  (2318 of 51080)
13:50:06 PR 34506  (2319 of 51080)
13:50:10 PR 34502  (2320 of 51080)
13:50:12 PR 34501  (2321 of 51080)
13:50:14 PR 34499  (2322 of 51080)
13:50:17 PR 34498  (2323 of 51080)
13:50:19 PR 34497  (2324 of 51080)
13:50:21 PR 34496  (2325 of 51080)
13:50:24 PR 34494  (2326 of 51080)
13:50:26 PR 34493  (2327 of 51080)
13:50:28 PR 34490  (2328 of 51080)
13:50:31 PR 34489  (2329 of 51080)
13:50:34 PR 34488  (2330 of 51080)
13:50:36 PR 34487  (2331 of 51080)
13:50:39 PR 34486  (2332 of 51080)
13:50:41 PR 34485  (2333 of 51080)
13:50:44 PR 34484  (2334 of 51080)
13:50:46 PR 34481  (2335 of 51080)
13:50:48 PR 34480  (2336 of 51080)
13:50:50 PR 34479  (2337 of 51080)
13:50:53 PR 34475  (2338 of 51080)
13:50:55 PR 34472  (2339 of 51080)
13:50:57 PR 34471  (2340 of 51080)
13:50:59 PR 34470  (2341 of 51080)
13:51:03 PR 34468  (2342 of 51080)
13:51:05 PR 34467  (2343 of 51080)
13:51:07 PR 34466  (2344 of 51080)
13:51:11 PR 34465  (2345 of 51080)
13:51:13 PR 34464  (2346 of 51080)
13:52:14 starting - 2346 PRs already saved, skipping those
13:52:14 reusing cached list of 51080 PR numbers
13:52:16 PR 34460  (2347 of 51080)
13:52:19 PR 34458  (2348 of 51080)
13:52:21 PR 34456  (2349 of 51080)
13:52:23 PR 34455  (2350 of 51080)
13:52:26 PR 34454  (2351 of 51080)
13:52:29 PR 34453  (2352 of 51080)
13:52:31 PR 34452  (2353 of 51080)
13:52:33 PR 34451  (2354 of 51080)
13:52:35 PR 34450  (2355 of 51080)
13:52:37 PR 34449  (2356 of 51080)
13:52:40 PR 34448  (2357 of 51080)
13:52:41 PR 34447  (2358 of 51080)
13:52:43 PR 34446  (2359 of 51080)
13:52:45 PR 34445  (2360 of 51080)
13:52:48 PR 34444  (2361 of 51080)
13:52:50 PR 34442  (2362 of 51080)
13:52:51 PR 34441  (2363 of 51080)
13:52:54 PR 34440  (2364 of 51080)
13:52:56 PR 34437  (2365 of 51080)
13:52:58 PR 34436  (2366 of 51080)
13:53:01 PR 34435  (2367 of 51080)
13:53:03 PR 34433  (2368 of 51080)
13:53:05 PR 34432  (2369 of 51080)
13:53:07 PR 34431  (2370 of 51080)
13:53:09 PR 34430  (2371 of 51080)
13:53:11 PR 34428  (2372 of 51080)
13:53:13 PR 34427  (2373 of 51080)
13:53:14 PR 34425  (2374 of 51080)
13:53:16 PR 34424  (2375 of 51080)
13:53:17 PR 34422  (2376 of 51080)
13:53:20 PR 34420  (2377 of 51080)
13:53:22 PR 34418  (2378 of 51080)
13:53:28 PR 34417  (2379 of 51080)
13:53:30 PR 34415  (2380 of 51080)
13:53:32 PR 34414  (2381 of 51080)
13:53:34 PR 34412  (2382 of 51080)
13:53:36 PR 34411  (2383 of 51080)
13:53:38 PR 34410  (2384 of 51080)
13:53:41 PR 34408  (2385 of 51080)
13:53:43 PR 34407  (2386 of 51080)
13:53:45 PR 34406  (2387 of 51080)
13:53:47 PR 34405  (2388 of 51080)
13:53:49 PR 34404  (2389 of 51080)
13:53:51 PR 34401  (2390 of 51080)
13:53:53 PR 34400  (2391 of 51080)
13:53:54 PR 34399  (2392 of 51080)
13:53:56 PR 34398  (2393 of 51080)
13:53:58 PR 34396  (2394 of 51080)
13:54:00 PR 34395  (2395 of 51080)
13:54:03 PR 34394  (2396 of 51080)
13:54:07 PR 34393  (2397 of 51080)
13:54:10 PR 34389  (2398 of 51080)
13:54:12 PR 34388  (2399 of 51080)
13:54:14 PR 34386  (2400 of 51080)
13:54:17 PR 34385  (2401 of 51080)
13:54:19 PR 34384  (2402 of 51080)
13:54:21 PR 34383  (2403 of 51080)
13:54:23 PR 34381  (2404 of 51080)
13:54:25 PR 34380  (2405 of 51080)
13:54:27 PR 34379  (2406 of 51080)
13:54:29 PR 34378  (2407 of 51080)
13:54:31 PR 34377  (2408 of 51080)
13:54:33 PR 34376  (2409 of 51080)
13:54:35 PR 34374  (2410 of 51080)
13:54:37 PR 34373  (2411 of 51080)
13:54:39 PR 34371  (2412 of 51080)
13:54:41 PR 34370  (2413 of 51080)
13:54:45 PR 34367  (2414 of 51080)
13:54:47 PR 34366  (2415 of 51080)
13:54:48 PR 34365  (2416 of 51080)
13:54:51 PR 34364  (2417 of 51080)
13:54:53 PR 34362  (2418 of 51080)
13:54:56 PR 34361  (2419 of 51080)
13:54:58 PR 34360  (2420 of 51080)
13:55:00 PR 34359  (2421 of 51080)
13:55:02 PR 34358  (2422 of 51080)
13:55:04 PR 34357  (2423 of 51080)
13:55:06 PR 34356  (2424 of 51080)
13:55:09 PR 34353  (2425 of 51080)
13:55:11 PR 34352  (2426 of 51080)
13:55:13 PR 34351  (2427 of 51080)
13:55:15 PR 34350  (2428 of 51080)
13:55:17 PR 34349  (2429 of 51080)
13:55:18 PR 34348  (2430 of 51080)
13:55:21 PR 34347  (2431 of 51080)
13:55:23 PR 34346  (2432 of 51080)
13:55:25 PR 34344  (2433 of 51080)
13:55:27 PR 34343  (2434 of 51080)
13:55:29 PR 34340  (2435 of 51080)
13:55:32 PR 34339  (2436 of 51080)
13:55:34 PR 34338  (2437 of 51080)
13:55:36 PR 34337  (2438 of 51080)
13:55:38 PR 34336  (2439 of 51080)
13:55:40 PR 34335  (2440 of 51080)
13:55:43 PR 34334  (2441 of 51080)
13:55:45 PR 34333  (2442 of 51080)
13:55:47 PR 34332  (2443 of 51080)
13:55:49 PR 34331  (2444 of 51080)
13:55:51 PR 34330  (2445 of 51080)
13:55:54 PR 34328  (2446 of 51080)
13:55:56 PR 34327  (2447 of 51080)
13:55:58 PR 34326  (2448 of 51080)
13:56:01 PR 35315  (2449 of 51080)
13:56:03 PR 35314  (2450 of 51080)
13:56:05 PR 35313  (2451 of 51080)
13:56:07 PR 35312  (2452 of 51080)
13:56:09 PR 35311  (2453 of 51080)
13:56:11 PR 35310  (2454 of 51080)
13:56:13 PR 35309  (2455 of 51080)
13:56:15 PR 35308  (2456 of 51080)
13:56:17 PR 35306  (2457 of 51080)
13:56:19 PR 35304  (2458 of 51080)
13:56:21 PR 35303  (2459 of 51080)
13:56:25 PR 35302  (2460 of 51080)
13:56:27 PR 35301  (2461 of 51080)
13:56:29 PR 35300  (2462 of 51080)
13:56:32 PR 35298  (2463 of 51080)
13:56:33 PR 35296  (2464 of 51080)
13:56:36 PR 35295  (2465 of 51080)
13:56:38 PR 35294  (2466 of 51080)
13:56:41 PR 35292  (2467 of 51080)
13:56:44 PR 35291  (2468 of 51080)
13:56:47 PR 35290  (2469 of 51080)
13:56:49 PR 35289  (2470 of 51080)
13:56:51 PR 35288  (2471 of 51080)
13:56:54 PR 35287  (2472 of 51080)
13:56:57 PR 35285  (2473 of 51080)
13:56:59 PR 35284  (2474 of 51080)
13:57:01 PR 35283  (2475 of 51080)
13:57:03 PR 35281  (2476 of 51080)
13:57:05 PR 35280  (2477 of 51080)
13:57:07 PR 35279  (2478 of 51080)
13:57:09 PR 35277  (2479 of 51080)
13:57:11 PR 35276  (2480 of 51080)
13:57:13 PR 35275  (2481 of 51080)
13:57:15 PR 35274  (2482 of 51080)
13:57:18 PR 35273  (2483 of 51080)
13:57:20 PR 35272  (2484 of 51080)
13:57:22 PR 35271  (2485 of 51080)
13:57:24 PR 35270  (2486 of 51080)
13:57:26 PR 35269  (2487 of 51080)
13:57:29 PR 35268  (2488 of 51080)
13:57:32 PR 35267  (2489 of 51080)
13:57:34 PR 35266  (2490 of 51080)
13:57:35 PR 35265  (2491 of 51080)
13:57:38 PR 35264  (2492 of 51080)
13:57:40 PR 35262  (2493 of 51080)
13:57:43 PR 35261  (2494 of 51080)
13:57:46 PR 35260  (2495 of 51080)
13:57:48 PR 35259  (2496 of 51080)
13:57:53 PR 35258  (2497 of 51080)
13:57:55 PR 35257  (2498 of 51080)
13:57:57 PR 35254  (2499 of 51080)
13:57:58 PR 35252  (2500 of 51080)
13:58:00 PR 35251  (2501 of 51080)
13:58:02 PR 35249  (2502 of 51080)
13:58:04 PR 35248  (2503 of 51080)
13:58:05 PR 35247  (2504 of 51080)
13:58:07 PR 35246  (2505 of 51080)
13:58:09 PR 35245  (2506 of 51080)
13:58:11 PR 35243  (2507 of 51080)
13:58:13 PR 35240  (2508 of 51080)
13:58:15 PR 35239  (2509 of 51080)
13:58:17 PR 35235  (2510 of 51080)
13:58:19 PR 35234  (2511 of 51080)
13:58:21 PR 35233  (2512 of 51080)
13:58:24 PR 35232  (2513 of 51080)
13:58:26 PR 35231  (2514 of 51080)
13:58:28 PR 35228  (2515 of 51080)
13:58:30 PR 35227  (2516 of 51080)
13:58:33 PR 35226  (2517 of 51080)
13:58:35 PR 35225  (2518 of 51080)
13:58:36 PR 35224  (2519 of 51080)
13:58:39 PR 35222  (2520 of 51080)
13:58:41 PR 35221  (2521 of 51080)
13:58:43 PR 35218  (2522 of 51080)
13:58:46 PR 35217  (2523 of 51080)
13:58:48 PR 35216  (2524 of 51080)
13:58:49 PR 35213  (2525 of 51080)
13:58:51 PR 35210  (2526 of 51080)
13:58:53 PR 35208  (2527 of 51080)
13:58:55 PR 35207  (2528 of 51080)
13:58:57 PR 35206  (2529 of 51080)
13:58:59 PR 35205  (2530 of 51080)
13:59:01 PR 35201  (2531 of 51080)
13:59:03 PR 35196  (2532 of 51080)
13:59:04 PR 35194  (2533 of 51080)
13:59:06 PR 35193  (2534 of 51080)
13:59:08 PR 35192  (2535 of 51080)
13:59:10 PR 35188  (2536 of 51080)
13:59:12 PR 35186  (2537 of 51080)
13:59:13 PR 35185  (2538 of 51080)
13:59:15 PR 35184  (2539 of 51080)
13:59:17 PR 35183  (2540 of 51080)
13:59:19 PR 35182  (2541 of 51080)
13:59:21 PR 35181  (2542 of 51080)
13:59:24 PR 35180  (2543 of 51080)
13:59:27 PR 35179  (2544 of 51080)
13:59:30 PR 35178  (2545 of 51080)
13:59:32 PR 35174  (2546 of 51080)
13:59:34 PR 35173  (2547 of 51080)
13:59:37 PR 35172  (2548 of 51080)
13:59:38 PR 35171  (2549 of 51080)
13:59:41 PR 35170  (2550 of 51080)
13:59:43 PR 35168  (2551 of 51080)
13:59:45 PR 35167  (2552 of 51080)
13:59:47 PR 35166  (2553 of 51080)
13:59:49 PR 35165  (2554 of 51080)
13:59:51 PR 35164  (2555 of 51080)
13:59:57 PR 35109  (2556 of 51080)
13:59:59 PR 35106  (2557 of 51080)
14:00:01 PR 35105  (2558 of 51080)
14:00:03 PR 35103  (2559 of 51080)
14:00:05 PR 35101  (2560 of 51080)
14:00:07 PR 35098  (2561 of 51080)
14:00:09 PR 35096  (2562 of 51080)
14:00:11 PR 35095  (2563 of 51080)
14:00:13 PR 35094  (2564 of 51080)
14:00:15 PR 35093  (2565 of 51080)
14:00:17 PR 35092  (2566 of 51080)
14:00:19 PR 35090  (2567 of 51080)
14:00:23 PR 35087  (2568 of 51080)
14:00:26 PR 35086  (2569 of 51080)
14:00:28 PR 35085  (2570 of 51080)
14:00:30 PR 35084  (2571 of 51080)
14:00:32 PR 35081  (2572 of 51080)
14:00:34 PR 35080  (2573 of 51080)
14:00:38 PR 35078  (2574 of 51080)
14:00:40 PR 35074  (2575 of 51080)
14:00:43 PR 35072  (2576 of 51080)
14:00:45 PR 35071  (2577 of 51080)
14:00:48 PR 35070  (2578 of 51080)
14:00:50 PR 35067  (2579 of 51080)
14:00:52 PR 35066  (2580 of 51080)
14:00:54 PR 35065  (2581 of 51080)
14:00:56 PR 35064  (2582 of 51080)
14:00:58 PR 35063  (2583 of 51080)
14:01:01 PR 35062  (2584 of 51080)
14:01:03 PR 35061  (2585 of 51080)
14:01:05 PR 35059  (2586 of 51080)
14:01:07 PR 35057  (2587 of 51080)
14:01:09 PR 35054  (2588 of 51080)
14:01:12 PR 35053  (2589 of 51080)
14:01:15 PR 35052  (2590 of 51080)
14:01:17 PR 35050  (2591 of 51080)
14:01:20 PR 35049  (2592 of 51080)
14:01:22 PR 35047  (2593 of 51080)
14:01:25 PR 35045  (2594 of 51080)
14:01:27 PR 35044  (2595 of 51080)
14:01:29 PR 35042  (2596 of 51080)
14:01:31 PR 35040  (2597 of 51080)
14:01:33 PR 35039  (2598 of 51080)
14:01:36 PR 35038  (2599 of 51080)
14:01:39 PR 35037  (2600 of 51080)
14:01:42 PR 35035  (2601 of 51080)
14:01:43 PR 35034  (2602 of 51080)
14:01:46 PR 35032  (2603 of 51080)
14:01:48 PR 35031  (2604 of 51080)
14:01:50 PR 35030  (2605 of 51080)
14:01:52 PR 35029  (2606 of 51080)
14:01:55 PR 35025  (2607 of 51080)
14:01:56 PR 35024  (2608 of 51080)
14:01:58 PR 35023  (2609 of 51080)
14:02:00 PR 35022  (2610 of 51080)
14:02:03 PR 35021  (2611 of 51080)
14:02:04 PR 35020  (2612 of 51080)
14:02:06 PR 35019  (2613 of 51080)
14:02:08 PR 35018  (2614 of 51080)
14:02:11 PR 35017  (2615 of 51080)
14:02:14 PR 35016  (2616 of 51080)
14:02:15 PR 35015  (2617 of 51080)
14:02:17 PR 35014  (2618 of 51080)
14:02:19 PR 35012  (2619 of 51080)
14:02:21 PR 35011  (2620 of 51080)
14:02:23 PR 35010  (2621 of 51080)
14:02:25 PR 35009  (2622 of 51080)
14:02:28 PR 35008  (2623 of 51080)
14:02:30 PR 35007  (2624 of 51080)
14:02:32 PR 35006  (2625 of 51080)
14:02:34 PR 35005  (2626 of 51080)
14:02:35 PR 35004  (2627 of 51080)
14:02:37 PR 35003  (2628 of 51080)
14:02:39 PR 35002  (2629 of 51080)
14:02:42 PR 35001  (2630 of 51080)
14:02:43 PR 35000  (2631 of 51080)
14:02:46 PR 34998  (2632 of 51080)
14:02:48 PR 34996  (2633 of 51080)
14:02:50 PR 34995  (2634 of 51080)
14:02:53 PR 34994  (2635 of 51080)
14:02:54 PR 34993  (2636 of 51080)
14:02:56 PR 34992  (2637 of 51080)
14:02:58 PR 34991  (2638 of 51080)
14:03:00 PR 34990  (2639 of 51080)
14:03:02 PR 34988  (2640 of 51080)
14:13:21 starting - 2640 PRs already saved, skipping those
14:13:21 reusing cached list of 51080 PR numbers
14:13:25 PR 34987  (2641 of 51080)
14:13:26 PR 34986  (2642 of 51080)
14:13:29 PR 34985  (2643 of 51080)
14:13:31 PR 34984  (2644 of 51080)
14:13:33 PR 34983  (2645 of 51080)
14:13:34 PR 34982  (2646 of 51080)
14:13:37 PR 34981  (2647 of 51080)
14:13:39 PR 34980  (2648 of 51080)
14:13:41 PR 34977  (2649 of 51080)
14:13:43 PR 34976  (2650 of 51080)
14:13:46 PR 34975  (2651 of 51080)
14:13:47 PR 34974  (2652 of 51080)
14:13:49 PR 34973  (2653 of 51080)
14:13:52 PR 34972  (2654 of 51080)
14:13:57 PR 34970  (2655 of 51080)
14:13:59 PR 34968  (2656 of 51080)
14:14:00 PR 34967  (2657 of 51080)
14:14:02 PR 34966  (2658 of 51080)
14:14:05 PR 34965  (2659 of 51080)
14:14:08 PR 34963  (2660 of 51080)
14:14:10 PR 34961  (2661 of 51080)
14:14:12 PR 34957  (2662 of 51080)
14:14:14 PR 34956  (2663 of 51080)
14:14:17 PR 34955  (2664 of 51080)
14:14:18 PR 34954  (2665 of 51080)
14:14:20 PR 34953  (2666 of 51080)
14:14:22 PR 34952  (2667 of 51080)
14:14:24 PR 34951  (2668 of 51080)
14:14:26 PR 34947  (2669 of 51080)
14:14:28 PR 34946  (2670 of 51080)
14:14:30 PR 34945  (2671 of 51080)
14:14:32 PR 34944  (2672 of 51080)
14:14:33 PR 34943  (2673 of 51080)
14:14:36 PR 34942  (2674 of 51080)
14:14:38 PR 34941  (2675 of 51080)
14:14:40 PR 34940  (2676 of 51080)
14:14:42 PR 34939  (2677 of 51080)
14:14:45 PR 34938  (2678 of 51080)
14:14:46 PR 34937  (2679 of 51080)
14:14:48 PR 34936  (2680 of 51080)
14:14:51 PR 34934  (2681 of 51080)
14:14:53 PR 34933  (2682 of 51080)
14:14:55 PR 34930  (2683 of 51080)
14:14:56 PR 34929  (2684 of 51080)
14:14:58 PR 34926  (2685 of 51080)
14:15:01 PR 34924  (2686 of 51080)
14:15:02 PR 34922  (2687 of 51080)
14:15:05 PR 34921  (2688 of 51080)
14:15:06 PR 34920  (2689 of 51080)
14:15:08 PR 34919  (2690 of 51080)
14:15:10 PR 34918  (2691 of 51080)
14:15:12 PR 34916  (2692 of 51080)
14:15:14 PR 34914  (2693 of 51080)
14:15:16 PR 34912  (2694 of 51080)
14:15:17 PR 34910  (2695 of 51080)
14:15:19 PR 34908  (2696 of 51080)
14:15:21 PR 34907  (2697 of 51080)
14:15:23 PR 34906  (2698 of 51080)
14:15:25 PR 34905  (2699 of 51080)
14:15:27 PR 34902  (2700 of 51080)
14:15:30 PR 34901  (2701 of 51080)
14:15:32 PR 34900  (2702 of 51080)
14:15:34 PR 34899  (2703 of 51080)
14:15:37 PR 34898  (2704 of 51080)
14:15:39 PR 34897  (2705 of 51080)
14:15:41 PR 34896  (2706 of 51080)
14:15:43 PR 34895  (2707 of 51080)
14:15:45 PR 34894  (2708 of 51080)
14:15:47 PR 34893  (2709 of 51080)
14:15:50 PR 34892  (2710 of 51080)
14:15:53 PR 34890  (2711 of 51080)
14:15:55 PR 34889  (2712 of 51080)
14:15:57 PR 34888  (2713 of 51080)
14:15:58 PR 34887  (2714 of 51080)
14:16:00 PR 34886  (2715 of 51080)
14:16:02 PR 34885  (2716 of 51080)
14:16:04 PR 34884  (2717 of 51080)
14:16:06 PR 34883  (2718 of 51080)
14:16:08 PR 34882  (2719 of 51080)
14:16:10 PR 34881  (2720 of 51080)
14:16:12 PR 34878  (2721 of 51080)
14:16:15 PR 34877  (2722 of 51080)
14:16:16 PR 34876  (2723 of 51080)
14:16:19 PR 34875  (2724 of 51080)
14:16:21 PR 34874  (2725 of 51080)
14:16:24 PR 34873  (2726 of 51080)
14:16:25 PR 34871  (2727 of 51080)
14:16:27 PR 34870  (2728 of 51080)
14:16:29 PR 34869  (2729 of 51080)
14:16:32 PR 34868  (2730 of 51080)
14:16:35 PR 34867  (2731 of 51080)
14:16:38 PR 34866  (2732 of 51080)
14:16:40 PR 34864  (2733 of 51080)
14:16:42 PR 34863  (2734 of 51080)
14:16:47 PR 34861  (2735 of 51080)
14:16:49 PR 34860  (2736 of 51080)
14:16:50 PR 34859  (2737 of 51080)
14:16:52 PR 34858  (2738 of 51080)
14:16:54 PR 34857  (2739 of 51080)
14:16:56 PR 34856  (2740 of 51080)
14:16:57 PR 34854  (2741 of 51080)
14:17:00 PR 34853  (2742 of 51080)
14:17:02 PR 34851  (2743 of 51080)
14:17:04 PR 34850  (2744 of 51080)
14:17:06 PR 34849  (2745 of 51080)
14:17:09 PR 34848  (2746 of 51080)
14:17:11 PR 34847  (2747 of 51080)
14:17:13 PR 34846  (2748 of 51080)
14:17:15 PR 34845  (2749 of 51080)
14:17:17 PR 34843  (2750 of 51080)
14:17:19 PR 34842  (2751 of 51080)
14:17:22 PR 34841  (2752 of 51080)
14:17:24 PR 34839  (2753 of 51080)
14:17:26 PR 34836  (2754 of 51080)
14:17:34 PR 34835  (2755 of 51080)
14:17:38 PR 34834  (2756 of 51080)
14:17:40 PR 34833  (2757 of 51080)
14:17:42 PR 34831  (2758 of 51080)
14:17:44 PR 34830  (2759 of 51080)
14:17:47 PR 34828  (2760 of 51080)
14:17:49 PR 34826  (2761 of 51080)
14:17:51 PR 34825  (2762 of 51080)
14:17:52 PR 34824  (2763 of 51080)
14:17:54 PR 34822  (2764 of 51080)
14:17:57 PR 34821  (2765 of 51080)
14:17:59 PR 34820  (2766 of 51080)
14:18:02 PR 34819  (2767 of 51080)
14:18:05 PR 34818  (2768 of 51080)
14:18:07 PR 34817  (2769 of 51080)
14:18:10 PR 34816  (2770 of 51080)
14:18:11 PR 34815  (2771 of 51080)
14:18:13 PR 34814  (2772 of 51080)
14:18:15 PR 34813  (2773 of 51080)
14:18:16 PR 34812  (2774 of 51080)
14:18:19 PR 34811  (2775 of 51080)
14:18:21 PR 34810  (2776 of 51080)
14:18:23 PR 34809  (2777 of 51080)
14:18:25 PR 34808  (2778 of 51080)
14:18:27 PR 34807  (2779 of 51080)
14:18:30 PR 34806  (2780 of 51080)
14:18:32 PR 34805  (2781 of 51080)
14:18:34 PR 34804  (2782 of 51080)
14:18:36 PR 34803  (2783 of 51080)
14:18:38 PR 34802  (2784 of 51080)
14:18:41 PR 34801  (2785 of 51080)
14:18:43 PR 34800  (2786 of 51080)
14:18:46 PR 34799  (2787 of 51080)
14:18:48 PR 34798  (2788 of 51080)
14:18:50 PR 34797  (2789 of 51080)
14:18:52 PR 34795  (2790 of 51080)
14:18:54 PR 34793  (2791 of 51080)
14:18:56 PR 34792  (2792 of 51080)
14:18:58 PR 34791  (2793 of 51080)
14:19:00 PR 34790  (2794 of 51080)
14:19:02 PR 34789  (2795 of 51080)
14:19:04 PR 34787  (2796 of 51080)
14:19:07 PR 34786  (2797 of 51080)
14:19:09 PR 34785  (2798 of 51080)
14:19:10 PR 34784  (2799 of 51080)
14:19:13 PR 34783  (2800 of 51080)
14:19:15 PR 34782  (2801 of 51080)
14:19:18 PR 34781  (2802 of 51080)
14:19:20 PR 34780  (2803 of 51080)
14:19:22 PR 34779  (2804 of 51080)
14:19:24 PR 34778  (2805 of 51080)
14:19:26 PR 34776  (2806 of 51080)
14:19:30 PR 34775  (2807 of 51080)
14:19:32 PR 34774  (2808 of 51080)
14:19:34 PR 34773  (2809 of 51080)
14:19:38 PR 34771  (2810 of 51080)
14:19:40 PR 34770  (2811 of 51080)
14:19:43 PR 34769  (2812 of 51080)
14:19:45 PR 34768  (2813 of 51080)
14:19:47 PR 34766  (2814 of 51080)
14:19:49 PR 34765  (2815 of 51080)
14:19:51 PR 34764  (2816 of 51080)
14:19:53 PR 34762  (2817 of 51080)
14:19:55 PR 34761  (2818 of 51080)
14:19:58 PR 34759  (2819 of 51080)
14:20:00 PR 34758  (2820 of 51080)
14:20:03 PR 34756  (2821 of 51080)
14:20:05 PR 34755  (2822 of 51080)
14:20:07 PR 34754  (2823 of 51080)
14:20:10 PR 34751  (2824 of 51080)
14:20:12 PR 34750  (2825 of 51080)
14:20:14 PR 34749  (2826 of 51080)
14:20:16 PR 34747  (2827 of 51080)
14:20:18 PR 35834  (2828 of 51080)
14:20:20 PR 35833  (2829 of 51080)
14:20:22 PR 35832  (2830 of 51080)
14:20:24 PR 35831  (2831 of 51080)
14:20:26 PR 35830  (2832 of 51080)
14:20:29 PR 35828  (2833 of 51080)
14:20:32 PR 35827  (2834 of 51080)
14:20:34 PR 35825  (2835 of 51080)
14:20:37 PR 35823  (2836 of 51080)
14:20:39 PR 35822  (2837 of 51080)
14:20:41 PR 35820  (2838 of 51080)
14:20:43 PR 35819  (2839 of 51080)
14:20:45 PR 35818  (2840 of 51080)
14:20:48 PR 35817  (2841 of 51080)
14:20:50 PR 35815  (2842 of 51080)
14:20:52 PR 35814  (2843 of 51080)
14:20:55 PR 35811  (2844 of 51080)
14:20:58 PR 35810  (2845 of 51080)
14:21:00 PR 35808  (2846 of 51080)
14:21:03 PR 35805  (2847 of 51080)
14:21:05 PR 35800  (2848 of 51080)
14:21:07 PR 35799  (2849 of 51080)
14:21:09 PR 35798  (2850 of 51080)
14:21:11 PR 35797  (2851 of 51080)
14:21:13 PR 35796  (2852 of 51080)
14:21:15 PR 35795  (2853 of 51080)
14:21:17 PR 35794  (2854 of 51080)
14:21:19 PR 35792  (2855 of 51080)
14:21:21 PR 35791  (2856 of 51080)
14:21:23 PR 35790  (2857 of 51080)
14:21:25 PR 35788  (2858 of 51080)
14:21:28 PR 35787  (2859 of 51080)
14:21:30 PR 35786  (2860 of 51080)
14:21:32 PR 35785  (2861 of 51080)
14:21:35 PR 35784  (2862 of 51080)
14:21:37 PR 35783  (2863 of 51080)
14:21:39 PR 35782  (2864 of 51080)
14:21:41 PR 35780  (2865 of 51080)
14:21:43 PR 35779  (2866 of 51080)
14:21:46 PR 35777  (2867 of 51080)
14:21:48 PR 35776  (2868 of 51080)
14:21:50 PR 35775  (2869 of 51080)
14:21:54 PR 35774  (2870 of 51080)
14:21:56 PR 35773  (2871 of 51080)
14:21:58 PR 35771  (2872 of 51080)
14:22:02 PR 35770  (2873 of 51080)
14:22:04 PR 35769  (2874 of 51080)
14:22:06 PR 35768  (2875 of 51080)
14:22:08 PR 35767  (2876 of 51080)
14:22:10 PR 35766  (2877 of 51080)
14:22:13 PR 35765  (2878 of 51080)
14:22:15 PR 35761  (2879 of 51080)
14:22:17 PR 35759  (2880 of 51080)
14:22:21 PR 35757  (2881 of 51080)
14:22:22 PR 35755  (2882 of 51080)
14:22:24 PR 35754  (2883 of 51080)
14:22:28 PR 35753  (2884 of 51080)
14:22:31 PR 35752  (2885 of 51080)
14:22:32 PR 35751  (2886 of 51080)
14:22:34 PR 35750  (2887 of 51080)
14:22:36 PR 35749  (2888 of 51080)
14:22:38 PR 35748  (2889 of 51080)
14:22:40 PR 35747  (2890 of 51080)
14:22:42 PR 35746  (2891 of 51080)
14:22:44 PR 35745  (2892 of 51080)
14:22:46 PR 35744  (2893 of 51080)
14:22:48 PR 35743  (2894 of 51080)
14:22:50 PR 35742  (2895 of 51080)
14:22:53 PR 35741  (2896 of 51080)
14:22:55 PR 35740  (2897 of 51080)
14:22:57 PR 35739  (2898 of 51080)
14:22:59 PR 35738  (2899 of 51080)
14:23:01 PR 35736  (2900 of 51080)
14:23:04 PR 35735  (2901 of 51080)
14:23:06 PR 35734  (2902 of 51080)
14:23:09 PR 35732  (2903 of 51080)
14:23:13 PR 35731  (2904 of 51080)
14:23:15 PR 35730  (2905 of 51080)
14:23:17 PR 35729  (2906 of 51080)
14:23:20 PR 35728  (2907 of 51080)
14:23:22 PR 35726  (2908 of 51080)
14:23:24 PR 35727  (2909 of 51080)
14:23:26 PR 35725  (2910 of 51080)
14:23:28 PR 35724  (2911 of 51080)
14:23:31 PR 35723  (2912 of 51080)
14:23:33 PR 35722  (2913 of 51080)
14:23:35 PR 35717  (2914 of 51080)
14:23:39 PR 35716  (2915 of 51080)
14:23:41 PR 35715  (2916 of 51080)
14:23:43 PR 35712  (2917 of 51080)
14:23:45 PR 35710  (2918 of 51080)
14:23:47 PR 35709  (2919 of 51080)
14:23:49 PR 35708  (2920 of 51080)
14:23:52 PR 35706  (2921 of 51080)
14:23:54 PR 35705  (2922 of 51080)
14:23:56 PR 35704  (2923 of 51080)
14:24:01 PR 35702  (2924 of 51080)
14:24:03 PR 35701  (2925 of 51080)
14:24:05 PR 35700  (2926 of 51080)
14:24:07 PR 35699  (2927 of 51080)
14:24:09 PR 35698  (2928 of 51080)
14:24:11 PR 35697  (2929 of 51080)
14:24:13 PR 35696  (2930 of 51080)
14:24:15 PR 35695  (2931 of 51080)
14:24:17 PR 35692  (2932 of 51080)
14:24:19 PR 35691  (2933 of 51080)
14:24:21 PR 35690  (2934 of 51080)
14:24:22 PR 35689  (2935 of 51080)
14:24:24 PR 35688  (2936 of 51080)
14:24:26 PR 35687  (2937 of 51080)
14:24:28 PR 35685  (2938 of 51080)
14:24:31 PR 35684  (2939 of 51080)
14:24:32 PR 35683  (2940 of 51080)
14:24:35 PR 35682  (2941 of 51080)
14:24:36 PR 35680  (2942 of 51080)
14:24:38 PR 35679  (2943 of 51080)
14:24:41 PR 35678  (2944 of 51080)
14:24:43 PR 35676  (2945 of 51080)
14:24:45 PR 35675  (2946 of 51080)
14:24:47 PR 35674  (2947 of 51080)
14:24:49 PR 35673  (2948 of 51080)
14:24:52 PR 35672  (2949 of 51080)
14:24:54 PR 35670  (2950 of 51080)
14:24:56 PR 35669  (2951 of 51080)
14:24:58 PR 35667  (2952 of 51080)
14:25:00 PR 35666  (2953 of 51080)
14:25:02 PR 35665  (2954 of 51080)
14:39:51 starting - 2954 PRs already saved, skipping those
14:39:51 reusing cached list of 51080 PR numbers
14:39:55 PR 35664  (2955 of 51080)
14:39:57 PR 35662  (2956 of 51080)
14:39:59 PR 35661  (2957 of 51080)
14:40:01 PR 35660  (2958 of 51080)
14:40:02 PR 35659  (2959 of 51080)
14:40:04 PR 35657  (2960 of 51080)
14:40:06 PR 35654  (2961 of 51080)
14:40:08 PR 35652  (2962 of 51080)
14:40:10 PR 35651  (2963 of 51080)
14:40:12 PR 35650  (2964 of 51080)
14:40:14 PR 35649  (2965 of 51080)
14:40:16 PR 35648  (2966 of 51080)
14:40:19 PR 35647  (2967 of 51080)
14:40:22 PR 35646  (2968 of 51080)
14:40:24 PR 35643  (2969 of 51080)
14:40:27 PR 35642  (2970 of 51080)
14:40:29 PR 35641  (2971 of 51080)
14:40:31 PR 35640  (2972 of 51080)
14:40:32 PR 35639  (2973 of 51080)
14:40:34 PR 35638  (2974 of 51080)
14:40:36 PR 35637  (2975 of 51080)
14:40:39 PR 35636  (2976 of 51080)
14:40:41 PR 35635  (2977 of 51080)
14:40:43 PR 35634  (2978 of 51080)
14:40:45 PR 35632  (2979 of 51080)
14:40:47 PR 35602  (2980 of 51080)
14:40:49 PR 35601  (2981 of 51080)
14:40:52 PR 35600  (2982 of 51080)
14:40:54 PR 35599  (2983 of 51080)
14:40:56 PR 35598  (2984 of 51080)
14:40:58 PR 35597  (2985 of 51080)
14:41:00 PR 35595  (2986 of 51080)
14:41:02 PR 35594  (2987 of 51080)
14:41:05 PR 35593  (2988 of 51080)
14:41:08 PR 35592  (2989 of 51080)
14:41:10 PR 35591  (2990 of 51080)
14:41:12 PR 35590  (2991 of 51080)
14:41:15 PR 35589  (2992 of 51080)
14:41:17 PR 35588  (2993 of 51080)
14:41:18 PR 35587  (2994 of 51080)
14:41:21 PR 35585  (2995 of 51080)
14:41:22 PR 35584  (2996 of 51080)
14:41:24 PR 35583  (2997 of 51080)
14:41:26 PR 35582  (2998 of 51080)
14:41:28 PR 35579  (2999 of 51080)
14:41:31 PR 35578  (3000 of 51080)
14:41:33 PR 35577  (3001 of 51080)
14:41:36 PR 35576  (3002 of 51080)
14:41:38 PR 35575  (3003 of 51080)
14:41:40 PR 35574  (3004 of 51080)
14:41:42 PR 35573  (3005 of 51080)
14:41:44 PR 35572  (3006 of 51080)
14:41:46 PR 35571  (3007 of 51080)
14:41:48 PR 35570  (3008 of 51080)
14:41:50 PR 35568  (3009 of 51080)
14:41:52 PR 35566  (3010 of 51080)
14:41:56 PR 35565  (3011 of 51080)
14:41:57 PR 35564  (3012 of 51080)
14:42:00 PR 35563  (3013 of 51080)
14:42:02 PR 35562  (3014 of 51080)
14:42:09 PR 35560  (3015 of 51080)
14:42:11 PR 35559  (3016 of 51080)
14:42:13 PR 35558  (3017 of 51080)
14:42:14 PR 35557  (3018 of 51080)
14:42:17 PR 35556  (3019 of 51080)
14:42:18 PR 35555  (3020 of 51080)
14:42:20 PR 35554  (3021 of 51080)
14:42:22 PR 35551  (3022 of 51080)
14:42:25 PR 35549  (3023 of 51080)
14:42:27 PR 35548  (3024 of 51080)
14:42:29 PR 35547  (3025 of 51080)
14:42:31 PR 35545  (3026 of 51080)
14:42:34 PR 35544  (3027 of 51080)
14:42:35 PR 35542  (3028 of 51080)
14:42:40 PR 35538  (3029 of 51080)
14:42:43 PR 35537  (3030 of 51080)
14:42:45 PR 35536  (3031 of 51080)
14:42:47 PR 35535  (3032 of 51080)
14:42:49 PR 35534  (3033 of 51080)
14:42:55 PR 35533  (3034 of 51080)
14:42:57 PR 35531  (3035 of 51080)
14:42:59 PR 35530  (3036 of 51080)
14:43:01 PR 35528  (3037 of 51080)
14:43:04 PR 35527  (3038 of 51080)
14:43:06 PR 35526  (3039 of 51080)
14:43:08 PR 35525  (3040 of 51080)
14:43:11 PR 35523  (3041 of 51080)
14:43:12 PR 35521  (3042 of 51080)
14:43:14 PR 35520  (3043 of 51080)
14:43:16 PR 35519  (3044 of 51080)
14:43:18 PR 35518  (3045 of 51080)
14:43:20 PR 35517  (3046 of 51080)
14:43:22 PR 35514  (3047 of 51080)
14:43:24 PR 35513  (3048 of 51080)
14:43:26 PR 35511  (3049 of 51080)
14:43:29 PR 35510  (3050 of 51080)
14:43:31 PR 35508  (3051 of 51080)
14:43:33 PR 35507  (3052 of 51080)
14:43:35 PR 35506  (3053 of 51080)
14:43:37 PR 35505  (3054 of 51080)
14:43:39 PR 35504  (3055 of 51080)
14:43:41 PR 35503  (3056 of 51080)
14:43:43 PR 35502  (3057 of 51080)
14:43:45 PR 35501  (3058 of 51080)
14:43:48 PR 35500  (3059 of 51080)
14:43:50 PR 35499  (3060 of 51080)
14:43:53 PR 35498  (3061 of 51080)
14:43:55 PR 35497  (3062 of 51080)
14:43:58 PR 35496  (3063 of 51080)
14:43:59 PR 35495  (3064 of 51080)
14:44:01 PR 35494  (3065 of 51080)
14:44:04 PR 35493  (3066 of 51080)
14:44:05 PR 35492  (3067 of 51080)
14:44:07 PR 35491  (3068 of 51080)
14:44:10 PR 35490  (3069 of 51080)
14:44:12 PR 35488  (3070 of 51080)
14:44:14 PR 35487  (3071 of 51080)
14:44:17 PR 35485  (3072 of 51080)
14:44:18 PR 35484  (3073 of 51080)
14:44:20 PR 35483  (3074 of 51080)
14:44:23 PR 35482  (3075 of 51080)
14:44:26 PR 35481  (3076 of 51080)
14:44:28 PR 35478  (3077 of 51080)
14:44:30 PR 35477  (3078 of 51080)
14:44:31 PR 35475  (3079 of 51080)
14:44:34 PR 35473  (3080 of 51080)
14:44:35 PR 35472  (3081 of 51080)
14:44:38 PR 35471  (3082 of 51080)
14:44:40 PR 35470  (3083 of 51080)
14:44:43 PR 35469  (3084 of 51080)
14:44:44 PR 35468  (3085 of 51080)
14:44:47 PR 35467  (3086 of 51080)
14:44:50 PR 35466  (3087 of 51080)
14:44:52 PR 35465  (3088 of 51080)
14:44:54 PR 35464  (3089 of 51080)
14:44:56 PR 35461  (3090 of 51080)
14:45:01 PR 35460  (3091 of 51080)
14:45:03 PR 35459  (3092 of 51080)
14:45:05 PR 35458  (3093 of 51080)
14:45:07 PR 35457  (3094 of 51080)
14:45:10 PR 35456  (3095 of 51080)
14:45:14 PR 35455  (3096 of 51080)
14:45:16 PR 35454  (3097 of 51080)
14:45:19 PR 35453  (3098 of 51080)
14:45:21 PR 35452  (3099 of 51080)
14:45:23 PR 35451  (3100 of 51080)
14:45:25 PR 35450  (3101 of 51080)
14:45:27 PR 35449  (3102 of 51080)
14:45:30 PR 35448  (3103 of 51080)
14:45:31 PR 35447  (3104 of 51080)
14:45:33 PR 35446  (3105 of 51080)
14:45:35 PR 35445  (3106 of 51080)
14:45:37 PR 35443  (3107 of 51080)
14:45:41 PR 35440  (3108 of 51080)
14:45:44 PR 35439  (3109 of 51080)
14:45:47 PR 35438  (3110 of 51080)
14:45:49 PR 35436  (3111 of 51080)
14:45:51 PR 35435  (3112 of 51080)
14:45:52 PR 35434  (3113 of 51080)
14:45:55 PR 35433  (3114 of 51080)
14:45:57 PR 35432  (3115 of 51080)
14:45:58 PR 35431  (3116 of 51080)
14:46:00 PR 35430  (3117 of 51080)
14:46:03 PR 35428  (3118 of 51080)
14:46:05 PR 35427  (3119 of 51080)
14:46:08 PR 35426  (3120 of 51080)
14:46:10 PR 35425  (3121 of 51080)
14:46:12 PR 35424  (3122 of 51080)
14:46:15 PR 35423  (3123 of 51080)
14:46:17 PR 35422  (3124 of 51080)
14:46:19 PR 35421  (3125 of 51080)
14:46:22 PR 35420  (3126 of 51080)
14:46:24 PR 35419  (3127 of 51080)
14:46:26 PR 35418  (3128 of 51080)
14:46:29 PR 35417  (3129 of 51080)
14:46:31 PR 35416  (3130 of 51080)
14:46:33 PR 35415  (3131 of 51080)
14:46:35 PR 35414  (3132 of 51080)
14:46:37 PR 35413  (3133 of 51080)
14:46:38 PR 35412  (3134 of 51080)
14:46:41 PR 35411  (3135 of 51080)
14:46:44 PR 35410  (3136 of 51080)
14:46:46 PR 35408  (3137 of 51080)
14:46:48 PR 35406  (3138 of 51080)
14:46:50 PR 35405  (3139 of 51080)
14:46:52 PR 35404  (3140 of 51080)
14:46:56 PR 35403  (3141 of 51080)
14:46:58 PR 35402  (3142 of 51080)
14:47:02 PR 35400  (3143 of 51080)
14:47:04 PR 35399  (3144 of 51080)
14:47:06 PR 35398  (3145 of 51080)
14:47:08 PR 35397  (3146 of 51080)
14:47:10 PR 35396  (3147 of 51080)
14:47:12 PR 35394  (3148 of 51080)
14:47:14 PR 35393  (3149 of 51080)
14:47:16 PR 35392  (3150 of 51080)
14:47:18 PR 35391  (3151 of 51080)
14:47:20 PR 35389  (3152 of 51080)
14:47:22 PR 35388  (3153 of 51080)
14:47:25 PR 35387  (3154 of 51080)
14:47:27 PR 35385  (3155 of 51080)
14:47:30 PR 35384  (3156 of 51080)
14:47:32 PR 35382  (3157 of 51080)
14:47:35 PR 35381  (3158 of 51080)
14:47:38 PR 35379  (3159 of 51080)
14:47:39 PR 35378  (3160 of 51080)
14:47:42 PR 35376  (3161 of 51080)
14:47:45 PR 35375  (3162 of 51080)
14:47:46 PR 35374  (3163 of 51080)
14:47:48 PR 35373  (3164 of 51080)
14:47:50 PR 35372  (3165 of 51080)
14:47:52 PR 35371  (3166 of 51080)
14:47:54 PR 35370  (3167 of 51080)
14:47:56 PR 35369  (3168 of 51080)
14:47:58 PR 35368  (3169 of 51080)
14:48:00 PR 35367  (3170 of 51080)
14:48:02 PR 35366  (3171 of 51080)
14:48:05 PR 35365  (3172 of 51080)
14:48:08 PR 35364  (3173 of 51080)
14:48:10 PR 35362  (3174 of 51080)
14:48:15 PR 35361  (3175 of 51080)
14:48:17 PR 35359  (3176 of 51080)
14:48:19 PR 35358  (3177 of 51080)
14:48:22 PR 35357  (3178 of 51080)
14:48:24 PR 35356  (3179 of 51080)
14:48:26 PR 35355  (3180 of 51080)
14:48:29 PR 35353  (3181 of 51080)
14:48:31 PR 35340  (3182 of 51080)
14:48:33 PR 35339  (3183 of 51080)
14:48:35 PR 35337  (3184 of 51080)
14:48:37 PR 35335  (3185 of 51080)
14:48:40 PR 35334  (3186 of 51080)
14:48:43 PR 35332  (3187 of 51080)
14:48:45 PR 35331  (3188 of 51080)
14:48:46 PR 35330  (3189 of 51080)
14:48:49 PR 35328  (3190 of 51080)
14:48:51 PR 35326  (3191 of 51080)
14:48:52 PR 35324  (3192 of 51080)
14:48:54 PR 35323  (3193 of 51080)
14:48:55 PR 35322  (3194 of 51080)
14:48:58 PR 35318  (3195 of 51080)
14:49:01 PR 35317  (3196 of 51080)
14:49:03 PR 36279  (3197 of 51080)
14:49:05 PR 36277  (3198 of 51080)
14:49:06 PR 36275  (3199 of 51080)
14:49:08 PR 36273  (3200 of 51080)
14:49:11 PR 36271  (3201 of 51080)
14:49:13 PR 36269  (3202 of 51080)
14:49:15 PR 36268  (3203 of 51080)
14:49:16 PR 36265  (3204 of 51080)
14:49:18 PR 36264  (3205 of 51080)
14:49:20 PR 36262  (3206 of 51080)
14:49:23 PR 36261  (3207 of 51080)
14:49:26 PR 36260  (3208 of 51080)
14:49:27 PR 36259  (3209 of 51080)
14:49:29 PR 36258  (3210 of 51080)
14:49:31 PR 36257  (3211 of 51080)
14:49:33 PR 36253  (3212 of 51080)
14:49:35 PR 36252  (3213 of 51080)
14:49:37 PR 36249  (3214 of 51080)
14:49:39 PR 36248  (3215 of 51080)
14:49:41 PR 36246  (3216 of 51080)
14:49:42 PR 36245  (3217 of 51080)
14:49:45 PR 36244  (3218 of 51080)
14:49:47 PR 36243  (3219 of 51080)
14:49:49 PR 36241  (3220 of 51080)
14:49:51 PR 36240  (3221 of 51080)
14:49:53 PR 36239  (3222 of 51080)
14:49:55 PR 36236  (3223 of 51080)
14:49:58 PR 36235  (3224 of 51080)
14:50:00 PR 36234  (3225 of 51080)
14:50:02 PR 36233  (3226 of 51080)
14:50:03 PR 36231  (3227 of 51080)
14:50:06 PR 36225  (3228 of 51080)
14:50:08 PR 36223  (3229 of 51080)
14:50:11 PR 36222  (3230 of 51080)
14:50:13 PR 36221  (3231 of 51080)
14:50:16 PR 36220  (3232 of 51080)
14:50:17 PR 36219  (3233 of 51080)
14:50:20 PR 36218  (3234 of 51080)
14:50:22 PR 36217  (3235 of 51080)
14:50:24 PR 36216  (3236 of 51080)
14:50:26 PR 36213  (3237 of 51080)
14:50:28 PR 36212  (3238 of 51080)
14:50:30 PR 36210  (3239 of 51080)
14:50:32 PR 36209  (3240 of 51080)
14:50:35 PR 36208  (3241 of 51080)
14:50:36 PR 36207  (3242 of 51080)
14:50:40 PR 36206  (3243 of 51080)
14:50:43 PR 36205  (3244 of 51080)
14:50:49 PR 36204  (3245 of 51080)
14:50:52 PR 36203  (3246 of 51080)
14:50:54 PR 36202  (3247 of 51080)
14:50:56 PR 36201  (3248 of 51080)
14:50:58 PR 36200  (3249 of 51080)
14:51:00 PR 36198  (3250 of 51080)
14:51:02 PR 36196  (3251 of 51080)
14:51:05 PR 36195  (3252 of 51080)
14:51:07 PR 36192  (3253 of 51080)
14:51:09 PR 36191  (3254 of 51080)
14:51:11 PR 36190  (3255 of 51080)
14:51:14 PR 36189  (3256 of 51080)
14:51:16 PR 36188  (3257 of 51080)
14:51:18 PR 36187  (3258 of 51080)
14:51:20 PR 36186  (3259 of 51080)
14:51:21 PR 36183  (3260 of 51080)
14:51:23 PR 36182  (3261 of 51080)
14:51:26 PR 36181  (3262 of 51080)
14:51:29 PR 36180  (3263 of 51080)
14:51:32 PR 36179  (3264 of 51080)
14:51:34 PR 36178  (3265 of 51080)
14:51:35 PR 36177  (3266 of 51080)
14:51:37 PR 36176  (3267 of 51080)
14:51:39 PR 36175  (3268 of 51080)
14:51:41 PR 36174  (3269 of 51080)
14:51:43 PR 36173  (3270 of 51080)
14:51:45 PR 36169  (3271 of 51080)
14:51:46 PR 36168  (3272 of 51080)
14:51:48 PR 36167  (3273 of 51080)
14:51:51 PR 36166  (3274 of 51080)
14:51:53 PR 36165  (3275 of 51080)
14:51:55 PR 36164  (3276 of 51080)
14:51:57 PR 36162  (3277 of 51080)
14:52:00 PR 36161  (3278 of 51080)
14:52:04 PR 36160  (3279 of 51080)
14:52:05 PR 36159  (3280 of 51080)
14:52:08 PR 36158  (3281 of 51080)
14:52:11 PR 36157  (3282 of 51080)
14:52:13 PR 36156  (3283 of 51080)
14:52:15 PR 36155  (3284 of 51080)
14:52:17 PR 36154  (3285 of 51080)
14:52:19 PR 36153  (3286 of 51080)
14:52:21 PR 36152  (3287 of 51080)
14:52:23 PR 36150  (3288 of 51080)
14:52:25 PR 36149  (3289 of 51080)
14:52:27 PR 36148  (3290 of 51080)
14:52:29 PR 36147  (3291 of 51080)
14:52:31 PR 36146  (3292 of 51080)
14:52:33 PR 36145  (3293 of 51080)
14:52:36 PR 36144  (3294 of 51080)
14:52:38 PR 36143  (3295 of 51080)
14:52:40 PR 36142  (3296 of 51080)
14:52:42 PR 36141  (3297 of 51080)
14:52:46 PR 36140  (3298 of 51080)
14:52:48 PR 36139  (3299 of 51080)
14:52:50 PR 36138  (3300 of 51080)
14:52:52 PR 36137  (3301 of 51080)
14:52:54 PR 36136  (3302 of 51080)
14:52:57 PR 36135  (3303 of 51080)
14:52:59 PR 36134  (3304 of 51080)
14:53:01 PR 36133  (3305 of 51080)
14:53:03 PR 36132  (3306 of 51080)
14:53:05 PR 36130  (3307 of 51080)
14:53:07 PR 36129  (3308 of 51080)
14:53:09 PR 36126  (3309 of 51080)
14:53:12 PR 36125  (3310 of 51080)
14:53:14 PR 36124  (3311 of 51080)
14:53:16 PR 36123  (3312 of 51080)
14:53:19 PR 36122  (3313 of 51080)
14:53:21 PR 36121  (3314 of 51080)
14:53:27 PR 36120  (3315 of 51080)
14:53:29 PR 36119  (3316 of 51080)
14:53:32 PR 36118  (3317 of 51080)
14:53:33 PR 36116  (3318 of 51080)
14:53:35 PR 36115  (3319 of 51080)
14:53:38 PR 36114  (3320 of 51080)
14:53:40 PR 36113  (3321 of 51080)
14:53:42 PR 36112  (3322 of 51080)
14:53:44 PR 36111  (3323 of 51080)
14:53:46 PR 36110  (3324 of 51080)
14:53:49 PR 36109  (3325 of 51080)
14:53:53 PR 36108  (3326 of 51080)
14:53:55 PR 36106  (3327 of 51080)
14:53:57 PR 36105  (3328 of 51080)
14:54:00 PR 36104  (3329 of 51080)
14:54:02 PR 36099  (3330 of 51080)
14:54:04 PR 36098  (3331 of 51080)
14:54:07 PR 36092  (3332 of 51080)
14:54:10 PR 36091  (3333 of 51080)
14:54:12 PR 36090  (3334 of 51080)
14:54:14 PR 36087  (3335 of 51080)
14:54:16 PR 36086  (3336 of 51080)
14:54:19 PR 36085  (3337 of 51080)
14:54:20 PR 36083  (3338 of 51080)
14:54:23 PR 36082  (3339 of 51080)
14:54:25 PR 36081  (3340 of 51080)
14:54:28 PR 36080  (3341 of 51080)
14:54:30 PR 36079  (3342 of 51080)
14:54:32 PR 36076  (3343 of 51080)
14:54:34 PR 36073  (3344 of 51080)
14:54:36 PR 36068  (3345 of 51080)
14:54:37 PR 36067  (3346 of 51080)
14:54:39 PR 36066  (3347 of 51080)
14:54:41 PR 36065  (3348 of 51080)
14:54:43 PR 36064  (3349 of 51080)
14:54:45 PR 36063  (3350 of 51080)
14:54:46 PR 36062  (3351 of 51080)
14:54:48 PR 36060  (3352 of 51080)
14:54:51 PR 36059  (3353 of 51080)
14:54:53 PR 36058  (3354 of 51080)
14:54:55 PR 36056  (3355 of 51080)
14:54:57 PR 36055  (3356 of 51080)
14:54:59 PR 36053  (3357 of 51080)
14:55:01 PR 36052  (3358 of 51080)
14:55:03 PR 36051  (3359 of 51080)
14:55:07 PR 36050  (3360 of 51080)
14:55:09 PR 36049  (3361 of 51080)
14:55:11 PR 36047  (3362 of 51080)
14:55:13 PR 36046  (3363 of 51080)
14:55:15 PR 36045  (3364 of 51080)
14:55:17 PR 36044  (3365 of 51080)
14:55:20 PR 36043  (3366 of 51080)
14:55:22 PR 36041  (3367 of 51080)
14:55:24 PR 36040  (3368 of 51080)
14:55:26 PR 36039  (3369 of 51080)
14:55:28 PR 36036  (3370 of 51080)
14:55:30 PR 36034  (3371 of 51080)
14:55:32 PR 36032  (3372 of 51080)
14:55:35 PR 36031  (3373 of 51080)
14:55:38 PR 36027  (3374 of 51080)
14:55:40 PR 36025  (3375 of 51080)
14:55:42 PR 36024  (3376 of 51080)
14:55:44 PR 36023  (3377 of 51080)
14:55:47 PR 36021  (3378 of 51080)
14:55:48 PR 36020  (3379 of 51080)
14:55:51 PR 36019  (3380 of 51080)
14:55:53 PR 36018  (3381 of 51080)
14:55:55 PR 36016  (3382 of 51080)
14:55:57 PR 36015  (3383 of 51080)
14:55:59 PR 36012  (3384 of 51080)
14:56:01 PR 36011  (3385 of 51080)
14:56:04 PR 36010  (3386 of 51080)
14:56:06 PR 36008  (3387 of 51080)
14:56:08 PR 36007  (3388 of 51080)
14:56:11 PR 36006  (3389 of 51080)
14:56:14 PR 36004  (3390 of 51080)
14:56:17 PR 36003  (3391 of 51080)
14:56:19 PR 36002  (3392 of 51080)
14:56:21 PR 36001  (3393 of 51080)
14:56:23 PR 36000  (3394 of 51080)
14:56:25 PR 35998  (3395 of 51080)
14:56:29 PR 35997  (3396 of 51080)
14:56:32 PR 35996  (3397 of 51080)
14:56:34 PR 35995  (3398 of 51080)
14:56:36 PR 35994  (3399 of 51080)
14:56:39 PR 35993  (3400 of 51080)
14:56:41 PR 35991  (3401 of 51080)
14:56:43 PR 35990  (3402 of 51080)
14:56:44 PR 35989  (3403 of 51080)
14:56:47 PR 35988  (3404 of 51080)
14:56:49 PR 35987  (3405 of 51080)
14:56:51 PR 35984  (3406 of 51080)
14:56:53 PR 35985  (3407 of 51080)
14:56:55 PR 35982  (3408 of 51080)
14:56:56 PR 35975  (3409 of 51080)
14:56:58 PR 35974  (3410 of 51080)
14:57:00 PR 35973  (3411 of 51080)
14:57:02 PR 35969  (3412 of 51080)
14:57:04 PR 35968  (3413 of 51080)
14:57:06 PR 35967  (3414 of 51080)
14:57:08 PR 35965  (3415 of 51080)
14:57:12 PR 35963  (3416 of 51080)
14:57:17 PR 35961  (3417 of 51080)
14:57:19 PR 35960  (3418 of 51080)
14:57:23 PR 35959  (3419 of 51080)
14:57:25 PR 35958  (3420 of 51080)
14:57:28 PR 35957  (3421 of 51080)
14:57:32 PR 35956  (3422 of 51080)
14:57:35 PR 35954  (3423 of 51080)
14:57:37 PR 35953  (3424 of 51080)
14:57:39 PR 35952  (3425 of 51080)
14:57:41 PR 35951  (3426 of 51080)
14:57:43 PR 35950  (3427 of 51080)
14:57:45 PR 35948  (3428 of 51080)
14:57:47 PR 35947  (3429 of 51080)
14:57:49 PR 35946  (3430 of 51080)
14:57:51 PR 35944  (3431 of 51080)
14:57:53 PR 35942  (3432 of 51080)
14:57:55 PR 35940  (3433 of 51080)
14:57:57 PR 35938  (3434 of 51080)
14:58:00 PR 35937  (3435 of 51080)
14:58:02 PR 35936  (3436 of 51080)
14:58:04 PR 35935  (3437 of 51080)
14:58:09 PR 35934  (3438 of 51080)
14:58:11 PR 35933  (3439 of 51080)
14:58:12 PR 35929  (3440 of 51080)
14:58:15 PR 35928  (3441 of 51080)
14:58:17 PR 35927  (3442 of 51080)
14:58:19 PR 35925  (3443 of 51080)
14:58:20 PR 35923  (3444 of 51080)
14:58:22 PR 35922  (3445 of 51080)
14:58:24 PR 35921  (3446 of 51080)
14:58:26 PR 35920  (3447 of 51080)
14:58:28 PR 35918  (3448 of 51080)
14:58:30 PR 35917  (3449 of 51080)
14:58:32 PR 35915  (3450 of 51080)
14:58:34 PR 35914  (3451 of 51080)
14:58:36 PR 35913  (3452 of 51080)
14:58:38 PR 35912  (3453 of 51080)
14:58:41 PR 35909  (3454 of 51080)
14:58:43 PR 35907  (3455 of 51080)
14:58:45 PR 35906  (3456 of 51080)
14:58:48 PR 35903  (3457 of 51080)
14:58:50 PR 35902  (3458 of 51080)
14:58:52 PR 35901  (3459 of 51080)
14:58:54 PR 35900  (3460 of 51080)
14:58:56 PR 35899  (3461 of 51080)
14:58:58 PR 35898  (3462 of 51080)
14:59:01 PR 35893  (3463 of 51080)
14:59:04 PR 35892  (3464 of 51080)
14:59:05 PR 35891  (3465 of 51080)
14:59:07 PR 35889  (3466 of 51080)
14:59:09 PR 35888  (3467 of 51080)
14:59:11 PR 35887  (3468 of 51080)
14:59:13 PR 35886  (3469 of 51080)
14:59:15 PR 35885  (3470 of 51080)
14:59:17 PR 35884  (3471 of 51080)
14:59:19 PR 35883  (3472 of 51080)
14:59:20 PR 35881  (3473 of 51080)
14:59:23 PR 35879  (3474 of 51080)
14:59:25 PR 35878  (3475 of 51080)
14:59:27 PR 35877  (3476 of 51080)
14:59:29 PR 35875  (3477 of 51080)
14:59:31 PR 35874  (3478 of 51080)
14:59:33 PR 35869  (3479 of 51080)
14:59:36 PR 35867  (3480 of 51080)
14:59:38 PR 35865  (3481 of 51080)
14:59:40 PR 35864  (3482 of 51080)
14:59:42 PR 35863  (3483 of 51080)
14:59:45 PR 35862  (3484 of 51080)
14:59:46 PR 35861  (3485 of 51080)
14:59:49 PR 35860  (3486 of 51080)
14:59:51 PR 35859  (3487 of 51080)
14:59:53 PR 35858  (3488 of 51080)
14:59:55 PR 35855  (3489 of 51080)
14:59:57 PR 35854  (3490 of 51080)
15:00:00 PR 35853  (3491 of 51080)
15:00:03 PR 35852  (3492 of 51080)
15:00:05 PR 35851  (3493 of 51080)
15:00:07 PR 35849  (3494 of 51080)
15:00:09 PR 35847  (3495 of 51080)
15:00:12 PR 35846  (3496 of 51080)
15:00:14 PR 35842  (3497 of 51080)
15:00:18 PR 35841  (3498 of 51080)
15:00:20 PR 35839  (3499 of 51080)
15:00:22 PR 35837  (3500 of 51080)
15:00:24 PR 35836  (3501 of 51080)
15:00:26 PR 36654  (3502 of 51080)
15:00:29 PR 36653  (3503 of 51080)
15:00:31 PR 36650  (3504 of 51080)
15:00:34 PR 36648  (3505 of 51080)
15:00:36 PR 36647  (3506 of 51080)
15:00:39 PR 36643  (3507 of 51080)
15:00:41 PR 36642  (3508 of 51080)
15:00:43 PR 36641  (3509 of 51080)
15:00:45 PR 36640  (3510 of 51080)
15:00:47 PR 36639  (3511 of 51080)
15:00:49 PR 36638  (3512 of 51080)
15:05:10 starting - 3512 PRs already saved, skipping those
15:05:10 reusing cached list of 51080 PR numbers
15:05:12 PR 36637  (3513 of 51080)
15:05:14 PR 36635  (3514 of 51080)
15:05:16 PR 36634  (3515 of 51080)
15:05:20 PR 36633  (3516 of 51080)
15:05:21 PR 36632  (3517 of 51080)
15:05:24 PR 36630  (3518 of 51080)
15:05:26 PR 36629  (3519 of 51080)
15:05:28 PR 36628  (3520 of 51080)
15:05:30 PR 36627  (3521 of 51080)
15:05:32 PR 36626  (3522 of 51080)
15:05:35 PR 36624  (3523 of 51080)
15:05:37 PR 36623  (3524 of 51080)
15:05:39 PR 36622  (3525 of 51080)
15:05:42 PR 36621  (3526 of 51080)
15:05:44 PR 36620  (3527 of 51080)
15:05:47 PR 36619  (3528 of 51080)
15:05:50 PR 36618  (3529 of 51080)
15:05:52 PR 36617  (3530 of 51080)
15:05:54 PR 36616  (3531 of 51080)
15:05:56 PR 36615  (3532 of 51080)
15:05:58 PR 36614  (3533 of 51080)
15:06:00 PR 36612  (3534 of 51080)
15:06:01 PR 36611  (3535 of 51080)
15:06:04 PR 36610  (3536 of 51080)
15:06:06 PR 36607  (3537 of 51080)
15:06:08 PR 36605  (3538 of 51080)
15:06:10 PR 36604  (3539 of 51080)
15:06:13 PR 36603  (3540 of 51080)
15:06:15 PR 36602  (3541 of 51080)
15:06:17 PR 36599  (3542 of 51080)
15:06:20 PR 36597  (3543 of 51080)
15:06:22 PR 36596  (3544 of 51080)
15:06:25 PR 36595  (3545 of 51080)
15:06:28 PR 36592  (3546 of 51080)
15:06:30 PR 36591  (3547 of 51080)
15:06:33 PR 36589  (3548 of 51080)
15:06:37 PR 36588  (3549 of 51080)
15:06:39 PR 36587  (3550 of 51080)
15:06:42 PR 36586  (3551 of 51080)
15:06:47 PR 36585  (3552 of 51080)
15:06:50 PR 36584  (3553 of 51080)
15:06:52 PR 36583  (3554 of 51080)
15:06:54 PR 36582  (3555 of 51080)
15:06:56 PR 36581  (3556 of 51080)
15:06:58 PR 36579  (3557 of 51080)
15:07:00 PR 36577  (3558 of 51080)
15:07:03 PR 36576  (3559 of 51080)
15:07:06 PR 36574  (3560 of 51080)
15:07:09 PR 36573  (3561 of 51080)
15:07:12 PR 36567  (3562 of 51080)
15:07:14 PR 36566  (3563 of 51080)
15:07:16 PR 36564  (3564 of 51080)
15:07:18 PR 36563  (3565 of 51080)
15:07:20 PR 36562  (3566 of 51080)
15:07:22 PR 36561  (3567 of 51080)
15:07:25 PR 36560  (3568 of 51080)
15:07:27 PR 36559  (3569 of 51080)
15:07:29 PR 36557  (3570 of 51080)
15:07:31 PR 36555  (3571 of 51080)
15:07:34 PR 36554  (3572 of 51080)
15:07:36 PR 36551  (3573 of 51080)
15:07:38 PR 36550  (3574 of 51080)
15:07:40 PR 36549  (3575 of 51080)
15:07:42 PR 36548  (3576 of 51080)
15:07:44 PR 36547  (3577 of 51080)
15:07:46 PR 36546  (3578 of 51080)
15:07:48 PR 36545  (3579 of 51080)
15:07:50 PR 36542  (3580 of 51080)
15:07:52 PR 36539  (3581 of 51080)
15:07:54 PR 36538  (3582 of 51080)
15:07:56 PR 36537  (3583 of 51080)
15:07:58 PR 36536  (3584 of 51080)
15:08:01 PR 36535  (3585 of 51080)
15:08:03 PR 36534  (3586 of 51080)
15:08:05 PR 36533  (3587 of 51080)
15:08:07 PR 36532  (3588 of 51080)
15:08:09 PR 36530  (3589 of 51080)
15:08:11 PR 36529  (3590 of 51080)
15:08:14 PR 36528  (3591 of 51080)
15:08:16 PR 36527  (3592 of 51080)
15:08:18 PR 36526  (3593 of 51080)
15:08:20 PR 36525  (3594 of 51080)
15:08:22 PR 36523  (3595 of 51080)
15:08:24 PR 36522  (3596 of 51080)
15:08:26 PR 36521  (3597 of 51080)
15:08:28 PR 36519  (3598 of 51080)
15:08:29 PR 36518  (3599 of 51080)
15:08:32 PR 36516  (3600 of 51080)
15:08:34 PR 36515  (3601 of 51080)
15:08:36 PR 36514  (3602 of 51080)
15:08:38 PR 36513  (3603 of 51080)
15:08:41 PR 36511  (3604 of 51080)
15:08:44 PR 36510  (3605 of 51080)
15:08:46 PR 36509  (3606 of 51080)
15:08:49 PR 36508  (3607 of 51080)
15:08:51 PR 36506  (3608 of 51080)
15:08:54 PR 36505  (3609 of 51080)
15:08:56 PR 36502  (3610 of 51080)
15:08:57 PR 36501  (3611 of 51080)
15:08:59 PR 36499  (3612 of 51080)
15:09:01 PR 36498  (3613 of 51080)
15:09:04 PR 36497  (3614 of 51080)
15:09:08 PR 36494  (3615 of 51080)
15:09:10 PR 36493  (3616 of 51080)
15:09:12 PR 36492  (3617 of 51080)
15:09:14 PR 36491  (3618 of 51080)
15:09:17 PR 36490  (3619 of 51080)
15:09:19 PR 36489  (3620 of 51080)
15:09:22 PR 36488  (3621 of 51080)
15:09:24 PR 36487  (3622 of 51080)
15:09:27 PR 36484  (3623 of 51080)
15:09:29 PR 36483  (3624 of 51080)
15:09:31 PR 36482  (3625 of 51080)
15:09:33 PR 36481  (3626 of 51080)
15:09:36 PR 36480  (3627 of 51080)
15:09:38 PR 36479  (3628 of 51080)
15:09:40 PR 36478  (3629 of 51080)
15:09:43 PR 36477  (3630 of 51080)
15:09:45 PR 36475  (3631 of 51080)
15:09:48 PR 36474  (3632 of 51080)
15:09:50 PR 36473  (3633 of 51080)
15:09:53 PR 36472  (3634 of 51080)
15:09:54 PR 36470  (3635 of 51080)
15:09:57 PR 36469  (3636 of 51080)
15:09:59 PR 36468  (3637 of 51080)
15:10:01 PR 36464  (3638 of 51080)
15:10:03 PR 36463  (3639 of 51080)
15:10:05 PR 36461  (3640 of 51080)
15:10:08 PR 36460  (3641 of 51080)
15:10:10 PR 36459  (3642 of 51080)
15:10:13 PR 36458  (3643 of 51080)
15:10:15 PR 36457  (3644 of 51080)
15:10:18 PR 36456  (3645 of 51080)
15:10:21 PR 36455  (3646 of 51080)
15:10:23 PR 36454  (3647 of 51080)
15:10:25 PR 36453  (3648 of 51080)
15:10:27 PR 36452  (3649 of 51080)
15:10:29 PR 36449  (3650 of 51080)
15:10:32 PR 36446  (3651 of 51080)
15:10:35 PR 36445  (3652 of 51080)
15:10:38 PR 36444  (3653 of 51080)
15:10:41 PR 36443  (3654 of 51080)
15:10:44 PR 36442  (3655 of 51080)
15:10:46 PR 36441  (3656 of 51080)
15:10:48 PR 36440  (3657 of 51080)
15:10:50 PR 36439  (3658 of 51080)
15:10:52 PR 36438  (3659 of 51080)
15:10:54 PR 36437  (3660 of 51080)
15:10:56 PR 36436  (3661 of 51080)
15:10:59 PR 36434  (3662 of 51080)
15:11:01 PR 36433  (3663 of 51080)
15:11:04 PR 36432  (3664 of 51080)
15:11:06 PR 36431  (3665 of 51080)
15:11:09 PR 36430  (3666 of 51080)
15:11:11 PR 36429  (3667 of 51080)
15:11:14 PR 36426  (3668 of 51080)
15:11:17 PR 36425  (3669 of 51080)
15:11:20 PR 36424  (3670 of 51080)
15:11:22 PR 36423  (3671 of 51080)
15:11:24 PR 36422  (3672 of 51080)
15:11:27 PR 36421  (3673 of 51080)
15:11:29 PR 36420  (3674 of 51080)
15:11:31 PR 36413  (3675 of 51080)
15:11:34 PR 36411  (3676 of 51080)
15:11:37 PR 36409  (3677 of 51080)
15:11:39 PR 36407  (3678 of 51080)
15:11:42 PR 36406  (3679 of 51080)
15:11:44 PR 36405  (3680 of 51080)
15:11:47 PR 36404  (3681 of 51080)
15:11:49 PR 36403  (3682 of 51080)
15:11:53 PR 36402  (3683 of 51080)
15:11:55 PR 36401  (3684 of 51080)
15:11:58 PR 36400  (3685 of 51080)
15:12:00 PR 36399  (3686 of 51080)
15:12:02 PR 36397  (3687 of 51080)
15:12:04 PR 36396  (3688 of 51080)
15:12:06 PR 36395  (3689 of 51080)
15:12:09 PR 36394  (3690 of 51080)
15:12:11 PR 36393  (3691 of 51080)
15:12:14 PR 36392  (3692 of 51080)
15:12:15 PR 36391  (3693 of 51080)
15:12:17 PR 36389  (3694 of 51080)
15:12:20 PR 36387  (3695 of 51080)
15:12:22 PR 36386  (3696 of 51080)
15:12:24 PR 36385  (3697 of 51080)
15:12:27 PR 36384  (3698 of 51080)
15:12:29 PR 36383  (3699 of 51080)
15:12:32 PR 36379  (3700 of 51080)
15:12:35 PR 36378  (3701 of 51080)
15:12:38 PR 36377  (3702 of 51080)
15:12:40 PR 36376  (3703 of 51080)
15:12:42 PR 36373  (3704 of 51080)
15:12:44 PR 36372  (3705 of 51080)
15:12:47 PR 36371  (3706 of 51080)
15:12:50 PR 36370  (3707 of 51080)
15:12:53 PR 36369  (3708 of 51080)
15:12:56 PR 36368  (3709 of 51080)
15:12:59 PR 36367  (3710 of 51080)
15:13:01 PR 36366  (3711 of 51080)
15:13:04 PR 36365  (3712 of 51080)
15:13:07 PR 36364  (3713 of 51080)
15:13:09 PR 36363  (3714 of 51080)
15:13:11 PR 36362  (3715 of 51080)
15:13:13 PR 36361  (3716 of 51080)
15:13:15 PR 36360  (3717 of 51080)
15:13:17 PR 36359  (3718 of 51080)
15:13:19 PR 36355  (3719 of 51080)
15:13:21 PR 36354  (3720 of 51080)
15:13:24 PR 36353  (3721 of 51080)
15:13:26 PR 36352  (3722 of 51080)
15:13:28 PR 36350  (3723 of 51080)
15:13:31 PR 36348  (3724 of 51080)
15:13:33 PR 36346  (3725 of 51080)
15:13:35 PR 36345  (3726 of 51080)
15:13:38 PR 36342  (3727 of 51080)
15:13:40 PR 36341  (3728 of 51080)
15:13:43 PR 36340  (3729 of 51080)
15:13:46 PR 36338  (3730 of 51080)
15:13:48 PR 36337  (3731 of 51080)
15:13:50 PR 36336  (3732 of 51080)
15:13:52 PR 36335  (3733 of 51080)
15:13:56 PR 36334  (3734 of 51080)
15:13:58 PR 36333  (3735 of 51080)
15:14:00 PR 36332  (3736 of 51080)
15:14:03 PR 36331  (3737 of 51080)
15:14:05 PR 36330  (3738 of 51080)
15:14:07 PR 36328  (3739 of 51080)
15:14:09 PR 36325  (3740 of 51080)
15:14:11 PR 36322  (3741 of 51080)
15:14:13 PR 36321  (3742 of 51080)
15:14:16 PR 36320  (3743 of 51080)
15:14:18 PR 36302  (3744 of 51080)
15:14:20 PR 36300  (3745 of 51080)
15:14:23 PR 36299  (3746 of 51080)
15:14:25 PR 36296  (3747 of 51080)
15:14:27 PR 36293  (3748 of 51080)
15:14:30 PR 36292  (3749 of 51080)
15:14:32 PR 36290  (3750 of 51080)
15:14:34 PR 36288  (3751 of 51080)
15:14:36 PR 36287  (3752 of 51080)
15:14:39 PR 36286  (3753 of 51080)
15:14:42 PR 36285  (3754 of 51080)
15:14:47 PR 36284  (3755 of 51080)
15:14:49 PR 36283  (3756 of 51080)
15:14:52 PR 36281  (3757 of 51080)
15:14:55 PR 36280  (3758 of 51080)
15:14:57 PR 36995  (3759 of 51080)
15:14:59 PR 36993  (3760 of 51080)
15:15:02 PR 36992  (3761 of 51080)
15:15:05 PR 36991  (3762 of 51080)
15:15:06 PR 36989  (3763 of 51080)
15:15:09 PR 36988  (3764 of 51080)
15:15:11 PR 36987  (3765 of 51080)
15:15:13 PR 36985  (3766 of 51080)
15:15:16 PR 36984  (3767 of 51080)
15:15:21 PR 36983  (3768 of 51080)
15:15:23 PR 36982  (3769 of 51080)
15:15:25 PR 36981  (3770 of 51080)
15:15:27 PR 36980  (3771 of 51080)
15:15:30 PR 36979  (3772 of 51080)
15:15:33 PR 36978  (3773 of 51080)
15:15:35 PR 36977  (3774 of 51080)
15:15:38 PR 36976  (3775 of 51080)
15:15:40 PR 36975  (3776 of 51080)
15:15:43 PR 36974  (3777 of 51080)
15:15:45 PR 36973  (3778 of 51080)
15:15:48 PR 36972  (3779 of 51080)
15:15:49 PR 36970  (3780 of 51080)
15:15:52 PR 36969  (3781 of 51080)
15:15:56 PR 36968  (3782 of 51080)
15:15:58 PR 36965  (3783 of 51080)
15:16:00 PR 36964  (3784 of 51080)
15:16:02 PR 36961  (3785 of 51080)
15:16:04 PR 36960  (3786 of 51080)
15:16:06 PR 36958  (3787 of 51080)
15:16:08 PR 36957  (3788 of 51080)
15:16:10 PR 36956  (3789 of 51080)
15:16:12 PR 36954  (3790 of 51080)
15:16:15 PR 36952  (3791 of 51080)
15:16:17 PR 36950  (3792 of 51080)
15:16:20 PR 36949  (3793 of 51080)
15:16:22 PR 36946  (3794 of 51080)
15:16:24 PR 36945  (3795 of 51080)
15:16:25 PR 36944  (3796 of 51080)
15:16:27 PR 36942  (3797 of 51080)
15:16:29 PR 36941  (3798 of 51080)
15:16:32 PR 36940  (3799 of 51080)
15:16:34 PR 36939  (3800 of 51080)
15:16:36 PR 36938  (3801 of 51080)
15:16:39 PR 36937  (3802 of 51080)
15:16:41 PR 36936  (3803 of 51080)
15:16:43 PR 36935  (3804 of 51080)
15:16:44 PR 36934  (3805 of 51080)
15:16:47 PR 36933  (3806 of 51080)
15:16:49 PR 36932  (3807 of 51080)
15:16:51 PR 36930  (3808 of 51080)
15:16:53 PR 36922  (3809 of 51080)
15:16:56 PR 36921  (3810 of 51080)
15:16:59 PR 36920  (3811 of 51080)
15:17:01 PR 36919  (3812 of 51080)
15:17:03 PR 36918  (3813 of 51080)
15:17:06 PR 36916  (3814 of 51080)
15:17:08 PR 36915  (3815 of 51080)
15:17:11 PR 36914  (3816 of 51080)
15:17:13 PR 36913  (3817 of 51080)
15:17:15 PR 36912  (3818 of 51080)
15:17:19 PR 36911  (3819 of 51080)
15:17:21 PR 36910  (3820 of 51080)
15:17:24 PR 36908  (3821 of 51080)
15:17:26 PR 36907  (3822 of 51080)
15:17:28 PR 36906  (3823 of 51080)
15:17:31 PR 36903  (3824 of 51080)
15:17:34 PR 36902  (3825 of 51080)
15:17:35 PR 36901  (3826 of 51080)
15:17:38 PR 36900  (3827 of 51080)
15:17:40 PR 36899  (3828 of 51080)
15:17:42 PR 36898  (3829 of 51080)
15:17:44 PR 36897  (3830 of 51080)
15:17:46 PR 36895  (3831 of 51080)
15:17:48 PR 36894  (3832 of 51080)
15:17:50 PR 36893  (3833 of 51080)
15:17:52 PR 36892  (3834 of 51080)
15:17:55 PR 36890  (3835 of 51080)
15:17:57 PR 36888  (3836 of 51080)
15:17:59 PR 36887  (3837 of 51080)
15:18:02 PR 36886  (3838 of 51080)
15:18:04 PR 36884  (3839 of 51080)
15:18:07 PR 36883  (3840 of 51080)
15:18:10 PR 36881  (3841 of 51080)
15:18:12 PR 36880  (3842 of 51080)
15:18:14 PR 36879  (3843 of 51080)
15:18:16 PR 36878  (3844 of 51080)
15:18:21 PR 36877  (3845 of 51080)
15:18:23 PR 36876  (3846 of 51080)
15:18:28 PR 36875  (3847 of 51080)
15:18:30 PR 36874  (3848 of 51080)
15:18:35 PR 36871  (3849 of 51080)
15:18:38 PR 36870  (3850 of 51080)
15:18:40 PR 36864  (3851 of 51080)
15:18:42 PR 36863  (3852 of 51080)
15:18:44 PR 36862  (3853 of 51080)
15:18:46 PR 36861  (3854 of 51080)
15:18:48 PR 36860  (3855 of 51080)
15:18:50 PR 36856  (3856 of 51080)
15:18:52 PR 36855  (3857 of 51080)
15:18:54 PR 36854  (3858 of 51080)
15:18:56 PR 36853  (3859 of 51080)
15:18:58 PR 36850  (3860 of 51080)
15:19:00 PR 36848  (3861 of 51080)
15:19:03 PR 36847  (3862 of 51080)
15:19:05 PR 36846  (3863 of 51080)
15:19:08 PR 36845  (3864 of 51080)
15:19:10 PR 36844  (3865 of 51080)
15:19:12 PR 36843  (3866 of 51080)
15:19:15 PR 36842  (3867 of 51080)
15:19:19 PR 36841  (3868 of 51080)
15:19:22 PR 36840  (3869 of 51080)
15:19:24 PR 36839  (3870 of 51080)
15:19:26 PR 36838  (3871 of 51080)
15:19:28 PR 36837  (3872 of 51080)
15:19:29 PR 36836  (3873 of 51080)
15:19:31 PR 36835  (3874 of 51080)
15:19:33 PR 36834  (3875 of 51080)
15:19:37 PR 36833  (3876 of 51080)
15:19:40 PR 36832  (3877 of 51080)
15:19:42 PR 36831  (3878 of 51080)
15:19:45 PR 36830  (3879 of 51080)
15:19:47 PR 36829  (3880 of 51080)
15:19:49 PR 36828  (3881 of 51080)
15:19:51 PR 36822  (3882 of 51080)
15:19:54 PR 36821  (3883 of 51080)
15:19:55 PR 36820  (3884 of 51080)
15:19:58 PR 36818  (3885 of 51080)
15:20:00 PR 36817  (3886 of 51080)
15:20:01 PR 36816  (3887 of 51080)
15:20:03 PR 36815  (3888 of 51080)
15:20:05 PR 36813  (3889 of 51080)
15:20:07 PR 36812  (3890 of 51080)
15:20:10 PR 36810  (3891 of 51080)
15:20:12 PR 36809  (3892 of 51080)
15:20:13 PR 36805  (3893 of 51080)
15:20:15 PR 36804  (3894 of 51080)
15:20:17 PR 36803  (3895 of 51080)
15:20:18 PR 36801  (3896 of 51080)
15:20:20 PR 36799  (3897 of 51080)
15:20:22 PR 36798  (3898 of 51080)
15:20:24 PR 36797  (3899 of 51080)
15:20:26 PR 36795  (3900 of 51080)
15:20:29 PR 36793  (3901 of 51080)
15:20:31 PR 36792  (3902 of 51080)
15:20:33 PR 36791  (3903 of 51080)
15:20:34 PR 36788  (3904 of 51080)
15:20:37 PR 36787  (3905 of 51080)
15:20:40 PR 36786  (3906 of 51080)
15:20:41 PR 36785  (3907 of 51080)
15:20:43 PR 36784  (3908 of 51080)
15:20:45 PR 36780  (3909 of 51080)
15:20:47 PR 36779  (3910 of 51080)
15:20:49 PR 36777  (3911 of 51080)
15:20:52 PR 36776  (3912 of 51080)
15:20:54 PR 36773  (3913 of 51080)
15:20:57 PR 36772  (3914 of 51080)
15:20:59 PR 36771  (3915 of 51080)
15:21:02 PR 36763  (3916 of 51080)
15:21:03 PR 36762  (3917 of 51080)
15:21:05 PR 36761  (3918 of 51080)
15:21:08 PR 36760  (3919 of 51080)
15:21:11 PR 36759  (3920 of 51080)
15:21:13 PR 36758  (3921 of 51080)
15:21:16 PR 36757  (3922 of 51080)
15:21:19 PR 36756  (3923 of 51080)
15:21:21 PR 36754  (3924 of 51080)
15:21:23 PR 36753  (3925 of 51080)
15:21:27 PR 36752  (3926 of 51080)
15:21:29 PR 36751  (3927 of 51080)
15:21:31 PR 36750  (3928 of 51080)
15:21:34 PR 36749  (3929 of 51080)
15:21:36 PR 36746  (3930 of 51080)
15:21:37 PR 36744  (3931 of 51080)
15:21:39 PR 36743  (3932 of 51080)
15:21:41 PR 36742  (3933 of 51080)
15:21:43 PR 36741  (3934 of 51080)
15:21:45 PR 36740  (3935 of 51080)
15:21:47 PR 36738  (3936 of 51080)
15:21:50 PR 36735  (3937 of 51080)
15:21:53 PR 36733  (3938 of 51080)
15:21:56 PR 36732  (3939 of 51080)
15:21:58 PR 36731  (3940 of 51080)
15:22:00 PR 36730  (3941 of 51080)
15:22:02 PR 36729  (3942 of 51080)
15:22:04 PR 36728  (3943 of 51080)
15:22:06 PR 36726  (3944 of 51080)
15:22:08 PR 36725  (3945 of 51080)
15:22:10 PR 36723  (3946 of 51080)
15:22:12 PR 36722  (3947 of 51080)
15:22:15 PR 36721  (3948 of 51080)
15:22:17 PR 36719  (3949 of 51080)
15:22:20 PR 36717  (3950 of 51080)
15:22:22 PR 36715  (3951 of 51080)
15:22:24 PR 36714  (3952 of 51080)
15:22:26 PR 36712  (3953 of 51080)
15:30:05 starting - 3953 PRs already saved, skipping those
15:30:05 reusing cached list of 51080 PR numbers
15:30:11 starting - 3953 PRs already saved, skipping those
15:30:11 reusing cached list of 51080 PR numbers
15:31:07 starting - 3953 PRs already saved, skipping those
15:31:07 reusing cached list of 51080 PR numbers
15:45:33 starting - 3953 PRs already saved, skipping those
15:45:33 reusing cached list of 51080 PR numbers
15:45:35 PR 36708  (3954 of 51080)
15:45:37 PR 36707  (3955 of 51080)
15:45:39 PR 36705  (3956 of 51080)
15:45:40 PR 36704  (3957 of 51080)
15:45:42 PR 36703  (3958 of 51080)
15:45:44 PR 36702  (3959 of 51080)
15:45:46 PR 36701  (3960 of 51080)
15:45:48 PR 36700  (3961 of 51080)
15:45:50 PR 36699  (3962 of 51080)
15:45:52 PR 36698  (3963 of 51080)
15:45:54 PR 36697  (3964 of 51080)
15:45:57 PR 36694  (3965 of 51080)
15:45:59 PR 36693  (3966 of 51080)
15:46:02 PR 36691  (3967 of 51080)
15:46:04 PR 36690  (3968 of 51080)
15:46:06 PR 36689  (3969 of 51080)
15:46:08 PR 36688  (3970 of 51080)
15:46:10 PR 36687  (3971 of 51080)
15:46:13 PR 36686  (3972 of 51080)
15:46:15 PR 36685  (3973 of 51080)
15:46:17 PR 36684  (3974 of 51080)
15:46:19 PR 36683  (3975 of 51080)
15:46:22 PR 36682  (3976 of 51080)
15:46:24 PR 36681  (3977 of 51080)
15:46:26 PR 36680  (3978 of 51080)
15:46:27 PR 36677  (3979 of 51080)
15:46:29 PR 36676  (3980 of 51080)
15:46:32 PR 36675  (3981 of 51080)
15:46:35 PR 36674  (3982 of 51080)
15:46:40 PR 36673  (3983 of 51080)
15:46:42 PR 36672  (3984 of 51080)
15:46:44 PR 36671  (3985 of 51080)
15:46:46 PR 36670  (3986 of 51080)
15:46:48 PR 36669  (3987 of 51080)
15:46:50 PR 36666  (3988 of 51080)
15:46:52 PR 36664  (3989 of 51080)
15:46:54 PR 36663  (3990 of 51080)
15:46:58 PR 36662  (3991 of 51080)
15:47:00 PR 36660  (3992 of 51080)
15:47:02 PR 36658  (3993 of 51080)
15:47:04 PR 36657  (3994 of 51080)
15:47:06 PR 36656  (3995 of 51080)
15:47:08 PR 37356  (3996 of 51080)
15:47:11 PR 37355  (3997 of 51080)
15:47:13 PR 37353  (3998 of 51080)
15:47:15 PR 37351  (3999 of 51080)
15:47:18 PR 37345  (4000 of 51080)
15:47:20 PR 37344  (4001 of 51080)
15:47:22 PR 37343  (4002 of 51080)
15:47:24 PR 37342  (4003 of 51080)
15:47:26 PR 37341  (4004 of 51080)
15:47:27 PR 37340  (4005 of 51080)
15:47:29 PR 37337  (4006 of 51080)
15:47:31 PR 37336  (4007 of 51080)
15:47:36 PR 37335  (4008 of 51080)
15:47:39 PR 37334  (4009 of 51080)
15:47:41 PR 37333  (4010 of 51080)
15:47:43 PR 37331  (4011 of 51080)
15:47:46 PR 37330  (4012 of 51080)
15:47:47 PR 37326  (4013 of 51080)
15:47:51 PR 37325  (4014 of 51080)
15:47:53 PR 37323  (4015 of 51080)
15:47:55 PR 37322  (4016 of 51080)
15:47:57 PR 37321  (4017 of 51080)
15:48:01 PR 37320  (4018 of 51080)
15:48:04 PR 37318  (4019 of 51080)
15:48:05 PR 37317  (4020 of 51080)
15:48:08 PR 37316  (4021 of 51080)
15:48:09 PR 37315  (4022 of 51080)
15:48:11 PR 37314  (4023 of 51080)
15:48:13 PR 37313  (4024 of 51080)
15:48:15 PR 37312  (4025 of 51080)
15:48:18 PR 37311  (4026 of 51080)
15:48:20 PR 37310  (4027 of 51080)
15:48:22 PR 37308  (4028 of 51080)
15:48:24 PR 37302  (4029 of 51080)
15:48:26 PR 37301  (4030 of 51080)
15:48:29 PR 37300  (4031 of 51080)
15:48:32 PR 37297  (4032 of 51080)
15:48:33 PR 37296  (4033 of 51080)
15:48:35 PR 37295  (4034 of 51080)
15:48:38 PR 37292  (4035 of 51080)
15:48:39 PR 37291  (4036 of 51080)
15:48:41 PR 37290  (4037 of 51080)
15:48:43 PR 37289  (4038 of 51080)
15:48:45 PR 37288  (4039 of 51080)
15:48:48 PR 37287  (4040 of 51080)
15:48:50 PR 37286  (4041 of 51080)
15:48:52 PR 37285  (4042 of 51080)
15:48:55 PR 37284  (4043 of 51080)
15:48:58 PR 37283  (4044 of 51080)
15:49:00 PR 37282  (4045 of 51080)
15:49:02 PR 37281  (4046 of 51080)
15:49:04 PR 37280  (4047 of 51080)
15:49:08 PR 37279  (4048 of 51080)
15:49:10 PR 37278  (4049 of 51080)
15:49:12 PR 37277  (4050 of 51080)
15:49:14 PR 37276  (4051 of 51080)
15:49:15 PR 37275  (4052 of 51080)
15:49:17 PR 37274  (4053 of 51080)
15:49:19 PR 37273  (4054 of 51080)
15:49:21 PR 37271  (4055 of 51080)
15:49:23 PR 37257  (4056 of 51080)
15:49:26 PR 37256  (4057 of 51080)
15:49:28 PR 37252  (4058 of 51080)
15:49:30 PR 37251  (4059 of 51080)
15:49:33 PR 37250  (4060 of 51080)
15:49:35 PR 37249  (4061 of 51080)
15:49:37 PR 37248  (4062 of 51080)
15:49:38 PR 37247  (4063 of 51080)
15:49:40 PR 37246  (4064 of 51080)
15:49:43 PR 37245  (4065 of 51080)
15:49:44 PR 37244  (4066 of 51080)
15:49:47 PR 37243  (4067 of 51080)
15:49:49 PR 37242  (4068 of 51080)
15:49:51 PR 37240  (4069 of 51080)
15:49:53 PR 37238  (4070 of 51080)
15:49:55 PR 37237  (4071 of 51080)
15:49:57 PR 37235  (4072 of 51080)
15:49:59 PR 37234  (4073 of 51080)
15:50:01 PR 37233  (4074 of 51080)
15:50:03 PR 37232  (4075 of 51080)
15:50:05 PR 37230  (4076 of 51080)
15:50:09 PR 37229  (4077 of 51080)
15:50:11 PR 37227  (4078 of 51080)
15:50:16 PR 37224  (4079 of 51080)
15:50:17 PR 37220  (4080 of 51080)
15:50:19 PR 37219  (4081 of 51080)
15:50:21 PR 37218  (4082 of 51080)
15:50:23 PR 37217  (4083 of 51080)
15:50:26 PR 37216  (4084 of 51080)
15:50:28 PR 37215  (4085 of 51080)
15:50:30 PR 37214  (4086 of 51080)
15:50:32 PR 37211  (4087 of 51080)
15:50:33 PR 37209  (4088 of 51080)
15:50:35 PR 37208  (4089 of 51080)
15:50:38 PR 37204  (4090 of 51080)
15:50:40 PR 37201  (4091 of 51080)
15:50:42 PR 37200  (4092 of 51080)
15:50:44 PR 37199  (4093 of 51080)
15:50:46 PR 37198  (4094 of 51080)
15:50:48 PR 37197  (4095 of 51080)
15:50:50 PR 37196  (4096 of 51080)
15:50:52 PR 37195  (4097 of 51080)
15:50:53 PR 37194  (4098 of 51080)
15:50:59 PR 37192  (4099 of 51080)
15:51:01 PR 37190  (4100 of 51080)
15:51:03 PR 37187  (4101 of 51080)
15:51:05 PR 37185  (4102 of 51080)
15:51:10 PR 37184  (4103 of 51080)
15:51:12 PR 37183  (4104 of 51080)
15:51:14 PR 37181  (4105 of 51080)
15:51:16 PR 37179  (4106 of 51080)
15:51:18 PR 37178  (4107 of 51080)
15:51:20 PR 37177  (4108 of 51080)
15:51:22 PR 37176  (4109 of 51080)
15:51:24 PR 37172  (4110 of 51080)
15:51:27 PR 37171  (4111 of 51080)
15:51:29 PR 37169  (4112 of 51080)
15:51:31 PR 37168  (4113 of 51080)
15:51:33 PR 37167  (4114 of 51080)
15:51:35 PR 37166  (4115 of 51080)
15:51:37 PR 37165  (4116 of 51080)
15:51:38 PR 37164  (4117 of 51080)
15:51:42 PR 37163  (4118 of 51080)
15:51:44 PR 37162  (4119 of 51080)
15:51:46 PR 37161  (4120 of 51080)
15:51:49 PR 37158  (4121 of 51080)
15:51:50 PR 37157  (4122 of 51080)
15:51:52 PR 37156  (4123 of 51080)
15:51:54 PR 37155  (4124 of 51080)
15:51:56 PR 37154  (4125 of 51080)
15:51:58 PR 37152  (4126 of 51080)
15:51:59 PR 37151  (4127 of 51080)
15:52:01 PR 37150  (4128 of 51080)
15:52:04 PR 37149  (4129 of 51080)
15:52:07 PR 37148  (4130 of 51080)
15:52:09 PR 37147  (4131 of 51080)
15:52:12 PR 37146  (4132 of 51080)
15:52:13 PR 37144  (4133 of 51080)
15:52:15 PR 37143  (4134 of 51080)
15:52:17 PR 37142  (4135 of 51080)
15:52:19 PR 37141  (4136 of 51080)
15:52:22 PR 37139  (4137 of 51080)
15:52:24 PR 37138  (4138 of 51080)
15:52:26 PR 37137  (4139 of 51080)
15:52:29 PR 37136  (4140 of 51080)
15:52:31 PR 37133  (4141 of 51080)
15:52:33 PR 37131  (4142 of 51080)
15:52:35 PR 37129  (4143 of 51080)
15:52:37 PR 37128  (4144 of 51080)
15:52:39 PR 37126  (4145 of 51080)
15:52:41 PR 37125  (4146 of 51080)
15:52:43 PR 37124  (4147 of 51080)
15:52:45 PR 37123  (4148 of 51080)
15:52:47 PR 37122  (4149 of 51080)
15:52:49 PR 37118  (4150 of 51080)
15:52:51 PR 37117  (4151 of 51080)
15:52:52 PR 37116  (4152 of 51080)
15:52:54 PR 37114  (4153 of 51080)
15:52:56 PR 37112  (4154 of 51080)
15:52:58 PR 37111  (4155 of 51080)
15:52:59 PR 37110  (4156 of 51080)
15:53:02 PR 37108  (4157 of 51080)
15:53:04 PR 37107  (4158 of 51080)
15:53:06 PR 37106  (4159 of 51080)
15:53:08 PR 37102  (4160 of 51080)
15:53:10 PR 37100  (4161 of 51080)
15:53:12 PR 37099  (4162 of 51080)
15:53:15 PR 37098  (4163 of 51080)
15:53:17 PR 37097  (4164 of 51080)
15:53:18 PR 37096  (4165 of 51080)
15:53:20 PR 37095  (4166 of 51080)
15:53:22 PR 37094  (4167 of 51080)
15:53:24 PR 37093  (4168 of 51080)
15:53:26 PR 37091  (4169 of 51080)
15:53:28 PR 37090  (4170 of 51080)
15:53:30 PR 37088  (4171 of 51080)
15:53:35 PR 37085  (4172 of 51080)
15:53:38 PR 37084  (4173 of 51080)
15:53:40 PR 37083  (4174 of 51080)
15:53:43 PR 37082  (4175 of 51080)
15:53:45 PR 37081  (4176 of 51080)
15:53:47 PR 37080  (4177 of 51080)
15:53:49 PR 37079  (4178 of 51080)
15:53:51 PR 37078  (4179 of 51080)
15:53:53 PR 37077  (4180 of 51080)
15:53:55 PR 37076  (4181 of 51080)
15:53:57 PR 37074  (4182 of 51080)
15:53:58 PR 37073  (4183 of 51080)
15:54:00 PR 37072  (4184 of 51080)
15:54:02 PR 37071  (4185 of 51080)
15:54:04 PR 37069  (4186 of 51080)
15:54:06 PR 37068  (4187 of 51080)
15:54:07 PR 37067  (4188 of 51080)
15:54:09 PR 37066  (4189 of 51080)
15:54:11 PR 37065  (4190 of 51080)
15:54:13 PR 37064  (4191 of 51080)
15:54:15 PR 37063  (4192 of 51080)
15:54:16 PR 37062  (4193 of 51080)
15:54:18 PR 37061  (4194 of 51080)
15:54:20 PR 37060  (4195 of 51080)
15:54:23 PR 37059  (4196 of 51080)
15:54:25 PR 37058  (4197 of 51080)
15:54:28 PR 37055  (4198 of 51080)
15:54:30 PR 37054  (4199 of 51080)
15:54:32 PR 37052  (4200 of 51080)
15:54:34 PR 37051  (4201 of 51080)
15:54:37 PR 37050  (4202 of 51080)
15:54:39 PR 37049  (4203 of 51080)
15:54:41 PR 37048  (4204 of 51080)
15:54:43 PR 37045  (4205 of 51080)
15:54:46 PR 37044  (4206 of 51080)
15:54:48 PR 37043  (4207 of 51080)
15:54:50 PR 37042  (4208 of 51080)
15:54:52 PR 37041  (4209 of 51080)
15:54:54 PR 37040  (4210 of 51080)
15:54:56 PR 37039  (4211 of 51080)
15:54:58 PR 37037  (4212 of 51080)
15:55:00 PR 37036  (4213 of 51080)
15:55:01 PR 37035  (4214 of 51080)
15:55:04 PR 37034  (4215 of 51080)
15:55:06 PR 37033  (4216 of 51080)
15:55:08 PR 37031  (4217 of 51080)
15:55:10 PR 37030  (4218 of 51080)
15:55:12 PR 37027  (4219 of 51080)
15:55:14 PR 37026  (4220 of 51080)
15:55:17 PR 37025  (4221 of 51080)
15:55:18 PR 37020  (4222 of 51080)
15:55:20 PR 37019  (4223 of 51080)
15:55:22 PR 37018  (4224 of 51080)
15:55:24 PR 37017  (4225 of 51080)
15:55:26 PR 37016  (4226 of 51080)
15:55:28 PR 37015  (4227 of 51080)
15:55:30 PR 37014  (4228 of 51080)
15:55:31 PR 37013  (4229 of 51080)
15:55:33 PR 37012  (4230 of 51080)
15:55:35 PR 37011  (4231 of 51080)
15:55:37 PR 37010  (4232 of 51080)
15:55:39 PR 37009  (4233 of 51080)
15:55:41 PR 37008  (4234 of 51080)
15:55:43 PR 37005  (4235 of 51080)
15:55:45 PR 37004  (4236 of 51080)
15:55:47 PR 37003  (4237 of 51080)
15:55:49 PR 37002  (4238 of 51080)
15:55:51 PR 37001  (4239 of 51080)
15:55:54 PR 37000  (4240 of 51080)
15:55:56 PR 36999  (4241 of 51080)
15:56:01 PR 36997  (4242 of 51080)
15:56:03 PR 36996  (4243 of 51080)
15:56:05 PR 37700  (4244 of 51080)
15:56:07 PR 37699  (4245 of 51080)
15:56:08 PR 37698  (4246 of 51080)
15:56:10 PR 37697  (4247 of 51080)
15:56:12 PR 37695  (4248 of 51080)
15:56:14 PR 37692  (4249 of 51080)
15:56:16 PR 37690  (4250 of 51080)
15:56:18 PR 37689  (4251 of 51080)
15:56:21 PR 37686  (4252 of 51080)
15:56:23 PR 37682  (4253 of 51080)
15:56:25 PR 37681  (4254 of 51080)
15:56:27 PR 37680  (4255 of 51080)
15:56:30 PR 37679  (4256 of 51080)
15:56:32 PR 37678  (4257 of 51080)
15:56:34 PR 37677  (4258 of 51080)
15:56:36 PR 37674  (4259 of 51080)
15:56:38 PR 37673  (4260 of 51080)
15:56:40 PR 37670  (4261 of 51080)
15:56:42 PR 37669  (4262 of 51080)
15:56:45 PR 37668  (4263 of 51080)
15:56:48 PR 37667  (4264 of 51080)
15:56:50 PR 37666  (4265 of 51080)
15:56:52 PR 37664  (4266 of 51080)
15:56:58 PR 37663  (4267 of 51080)
15:57:00 PR 37662  (4268 of 51080)
15:57:02 PR 37661  (4269 of 51080)
15:57:04 PR 37659  (4270 of 51080)
15:57:06 PR 37657  (4271 of 51080)
15:57:09 PR 37656  (4272 of 51080)
15:57:11 PR 37653  (4273 of 51080)
15:57:13 PR 37651  (4274 of 51080)
15:57:15 PR 37650  (4275 of 51080)
15:57:17 PR 37649  (4276 of 51080)
15:57:19 PR 37648  (4277 of 51080)
15:57:22 PR 37647  (4278 of 51080)
15:57:24 PR 37646  (4279 of 51080)
15:57:27 PR 37645  (4280 of 51080)
15:57:30 PR 37644  (4281 of 51080)
15:57:32 PR 37643  (4282 of 51080)
15:57:34 PR 37642  (4283 of 51080)
15:57:36 PR 37641  (4284 of 51080)
15:57:38 PR 37638  (4285 of 51080)
15:57:39 PR 37636  (4286 of 51080)
15:57:41 PR 37635  (4287 of 51080)
15:57:43 PR 37633  (4288 of 51080)
15:57:46 PR 37632  (4289 of 51080)
15:57:48 PR 37631  (4290 of 51080)
15:57:49 PR 37630  (4291 of 51080)
15:57:51 PR 37629  (4292 of 51080)
15:57:53 PR 37628  (4293 of 51080)
15:57:55 PR 37627  (4294 of 51080)
15:57:57 PR 37626  (4295 of 51080)
15:57:59 PR 37625  (4296 of 51080)
15:58:02 PR 37624  (4297 of 51080)
15:58:04 PR 37623  (4298 of 51080)
15:58:07 PR 37622  (4299 of 51080)
15:58:09 PR 37621  (4300 of 51080)
15:58:11 PR 37620  (4301 of 51080)
15:58:13 PR 37618  (4302 of 51080)
15:58:15 PR 37617  (4303 of 51080)
15:58:18 PR 37615  (4304 of 51080)
15:58:19 PR 37614  (4305 of 51080)
15:58:22 PR 37613  (4306 of 51080)
15:58:25 PR 37612  (4307 of 51080)
15:58:27 PR 37609  (4308 of 51080)
15:58:29 PR 37607  (4309 of 51080)
15:58:31 PR 37606  (4310 of 51080)
15:58:33 PR 37605  (4311 of 51080)
15:58:35 PR 37604  (4312 of 51080)
15:58:38 PR 37603  (4313 of 51080)
15:58:40 PR 37601  (4314 of 51080)
15:58:42 PR 37599  (4315 of 51080)
15:58:44 PR 37598  (4316 of 51080)
15:58:46 PR 37596  (4317 of 51080)
15:58:48 PR 37595  (4318 of 51080)
15:58:50 PR 37594  (4319 of 51080)
15:58:52 PR 37590  (4320 of 51080)
15:58:54 PR 37589  (4321 of 51080)
15:58:56 PR 37588  (4322 of 51080)
15:58:58 PR 37587  (4323 of 51080)
15:59:01 PR 37585  (4324 of 51080)
15:59:03 PR 37584  (4325 of 51080)
15:59:04 PR 37583  (4326 of 51080)
15:59:06 PR 37582  (4327 of 51080)
15:59:08 PR 37580  (4328 of 51080)
15:59:10 PR 37578  (4329 of 51080)
15:59:12 PR 37577  (4330 of 51080)
15:59:14 PR 37576  (4331 of 51080)
15:59:17 PR 37575  (4332 of 51080)
15:59:19 PR 37574  (4333 of 51080)
15:59:21 PR 37573  (4334 of 51080)
15:59:27 PR 37572  (4335 of 51080)
15:59:28 PR 37570  (4336 of 51080)
15:59:31 PR 37569  (4337 of 51080)
15:59:33 PR 37568  (4338 of 51080)
15:59:35 PR 37566  (4339 of 51080)
15:59:37 PR 37565  (4340 of 51080)
15:59:39 PR 37564  (4341 of 51080)
15:59:42 PR 37563  (4342 of 51080)
15:59:44 PR 37562  (4343 of 51080)
15:59:45 PR 37561  (4344 of 51080)
15:59:47 PR 37560  (4345 of 51080)
15:59:49 PR 37559  (4346 of 51080)
15:59:51 PR 37558  (4347 of 51080)
15:59:53 PR 37557  (4348 of 51080)
15:59:55 PR 37555  (4349 of 51080)
15:59:57 PR 37554  (4350 of 51080)
15:59:59 PR 37553  (4351 of 51080)
16:00:01 PR 37552  (4352 of 51080)
16:00:03 PR 37551  (4353 of 51080)
16:00:05 PR 37550  (4354 of 51080)
16:00:07 PR 37549  (4355 of 51080)
16:00:09 PR 37548  (4356 of 51080)
16:00:11 PR 37546  (4357 of 51080)
16:00:14 PR 37542  (4358 of 51080)
16:00:17 PR 37541  (4359 of 51080)
16:00:19 PR 37540  (4360 of 51080)
16:00:22 PR 37539  (4361 of 51080)
16:00:24 PR 37537  (4362 of 51080)
16:00:26 PR 37535  (4363 of 51080)
16:00:28 PR 37534  (4364 of 51080)
16:00:29 PR 37533  (4365 of 51080)
16:00:31 PR 37532  (4366 of 51080)
16:00:33 PR 37531  (4367 of 51080)
16:00:36 PR 37529  (4368 of 51080)
16:00:38 PR 37528  (4369 of 51080)
16:00:42 PR 37525  (4370 of 51080)
16:00:44 PR 37524  (4371 of 51080)
16:00:47 PR 37523  (4372 of 51080)
16:00:49 PR 37522  (4373 of 51080)
16:00:51 PR 37518  (4374 of 51080)
16:00:53 PR 37517  (4375 of 51080)
16:00:56 PR 37516  (4376 of 51080)
16:00:58 PR 37514  (4377 of 51080)
16:01:02 PR 37513  (4378 of 51080)
16:01:05 PR 37512  (4379 of 51080)
16:01:07 PR 37511  (4380 of 51080)
16:01:10 PR 37510  (4381 of 51080)
16:01:13 PR 37509  (4382 of 51080)
16:01:15 PR 37508  (4383 of 51080)
16:01:18 PR 37507  (4384 of 51080)
16:01:21 PR 37506  (4385 of 51080)
16:01:23 PR 37505  (4386 of 51080)
16:01:25 PR 37504  (4387 of 51080)
16:01:28 PR 37503  (4388 of 51080)
16:01:30 PR 37500  (4389 of 51080)
16:01:33 PR 37499  (4390 of 51080)
16:01:36 PR 37498  (4391 of 51080)
16:01:39 PR 37497  (4392 of 51080)
16:01:41 PR 37496  (4393 of 51080)
16:01:44 PR 37494  (4394 of 51080)
16:01:47 PR 37493  (4395 of 51080)
16:01:50 PR 37492  (4396 of 51080)
16:01:53 PR 37486  (4397 of 51080)
16:01:56 PR 37485  (4398 of 51080)
16:01:58 PR 37484  (4399 of 51080)
16:02:00 PR 37483  (4400 of 51080)
16:02:03 PR 37481  (4401 of 51080)
16:02:06 PR 37480  (4402 of 51080)
16:02:09 PR 37479  (4403 of 51080)
16:02:11 PR 37478  (4404 of 51080)
16:02:13 PR 37477  (4405 of 51080)
16:02:15 PR 37476  (4406 of 51080)
16:02:17 PR 37474  (4407 of 51080)
16:02:20 PR 37473  (4408 of 51080)
16:02:22 PR 37471  (4409 of 51080)
16:02:23 PR 37470  (4410 of 51080)
16:02:26 PR 37469  (4411 of 51080)
16:02:29 PR 37468  (4412 of 51080)
16:02:31 PR 37466  (4413 of 51080)
16:02:33 PR 37464  (4414 of 51080)
16:02:35 PR 37463  (4415 of 51080)
16:02:37 PR 37459  (4416 of 51080)
16:02:39 PR 37455  (4417 of 51080)
16:02:42 PR 37453  (4418 of 51080)
16:02:44 PR 37452  (4419 of 51080)
16:02:46 PR 37451  (4420 of 51080)
16:02:48 PR 37450  (4421 of 51080)
16:02:50 PR 37449  (4422 of 51080)
16:02:52 PR 37448  (4423 of 51080)
16:02:54 PR 37447  (4424 of 51080)
16:02:56 PR 37445  (4425 of 51080)
16:02:59 PR 37443  (4426 of 51080)
16:03:01 PR 37442  (4427 of 51080)
16:03:02 PR 37440  (4428 of 51080)
16:03:05 PR 37439  (4429 of 51080)
16:03:07 PR 37438  (4430 of 51080)
16:03:09 PR 37437  (4431 of 51080)
16:03:12 PR 37435  (4432 of 51080)
16:03:14 PR 37434  (4433 of 51080)
16:03:16 PR 37433  (4434 of 51080)
16:03:18 PR 37432  (4435 of 51080)
16:03:20 PR 37431  (4436 of 51080)
16:03:22 PR 37430  (4437 of 51080)
16:03:24 PR 37428  (4438 of 51080)
16:03:26 PR 37427  (4439 of 51080)
16:03:28 PR 37426  (4440 of 51080)
16:03:30 PR 37425  (4441 of 51080)
16:03:34 PR 37424  (4442 of 51080)
16:03:36 PR 37423  (4443 of 51080)
16:03:38 PR 37422  (4444 of 51080)
16:03:40 PR 37421  (4445 of 51080)
16:03:42 PR 37420  (4446 of 51080)
16:03:44 PR 37419  (4447 of 51080)
16:03:46 PR 37418  (4448 of 51080)
16:03:48 PR 37417  (4449 of 51080)
16:03:50 PR 37416  (4450 of 51080)
16:03:52 PR 37415  (4451 of 51080)
16:03:53 PR 37413  (4452 of 51080)
16:03:56 PR 37411  (4453 of 51080)
16:03:58 PR 37410  (4454 of 51080)
16:04:01 PR 37408  (4455 of 51080)
16:04:02 PR 37407  (4456 of 51080)
16:04:04 PR 37404  (4457 of 51080)
16:04:07 PR 37403  (4458 of 51080)
16:04:08 PR 37402  (4459 of 51080)
16:04:11 PR 37401  (4460 of 51080)
16:04:13 PR 37399  (4461 of 51080)
16:04:15 PR 37398  (4462 of 51080)
16:04:19 PR 37397  (4463 of 51080)
16:04:21 PR 37394  (4464 of 51080)
16:04:23 PR 37393  (4465 of 51080)
16:04:25 PR 37392  (4466 of 51080)
16:04:28 PR 37388  (4467 of 51080)
16:04:30 PR 37387  (4468 of 51080)
16:04:32 PR 37385  (4469 of 51080)
16:04:34 PR 37384  (4470 of 51080)
16:04:36 PR 37383  (4471 of 51080)
16:04:38 PR 37382  (4472 of 51080)
16:04:40 PR 37381  (4473 of 51080)
16:04:43 PR 37380  (4474 of 51080)
16:04:46 PR 37378  (4475 of 51080)
16:04:48 PR 37377  (4476 of 51080)
16:04:50 PR 37374  (4477 of 51080)
16:04:52 PR 37373  (4478 of 51080)
16:04:54 PR 37370  (4479 of 51080)
16:04:56 PR 37369  (4480 of 51080)
16:04:58 PR 37366  (4481 of 51080)
16:05:00 PR 37364  (4482 of 51080)
16:05:02 PR 37363  (4483 of 51080)
16:05:04 PR 37362  (4484 of 51080)
16:05:07 PR 37361  (4485 of 51080)
16:05:09 PR 37360  (4486 of 51080)
16:05:12 PR 37359  (4487 of 51080)
16:05:15 PR 37358  (4488 of 51080)
16:05:17 PR 37357  (4489 of 51080)
16:05:19 PR 38185  (4490 of 51080)
16:05:22 PR 38184  (4491 of 51080)
16:05:24 PR 38183  (4492 of 51080)
16:05:28 PR 38182  (4493 of 51080)
16:05:30 PR 38180  (4494 of 51080)
16:05:32 PR 38178  (4495 of 51080)
16:05:34 PR 38176  (4496 of 51080)
16:05:36 PR 38175  (4497 of 51080)
16:05:38 PR 38174  (4498 of 51080)
16:05:40 PR 38171  (4499 of 51080)
16:05:43 PR 38169  (4500 of 51080)
16:05:45 PR 38167  (4501 of 51080)
16:05:47 PR 38165  (4502 of 51080)
16:05:49 PR 38164  (4503 of 51080)
16:05:52 PR 38163  (4504 of 51080)
16:05:54 PR 38161  (4505 of 51080)
16:05:56 PR 38160  (4506 of 51080)
16:05:59 PR 38159  (4507 of 51080)
16:06:02 PR 38158  (4508 of 51080)
16:06:04 PR 38157  (4509 of 51080)
16:06:07 PR 38156  (4510 of 51080)
16:06:09 PR 38155  (4511 of 51080)
16:06:11 PR 38152  (4512 of 51080)
16:06:13 PR 38151  (4513 of 51080)
16:06:15 PR 38150  (4514 of 51080)
16:06:17 PR 38149  (4515 of 51080)
16:06:19 PR 38148  (4516 of 51080)
16:06:21 PR 38147  (4517 of 51080)
16:06:23 PR 38146  (4518 of 51080)
16:06:26 PR 38143  (4519 of 51080)
16:06:28 PR 38142  (4520 of 51080)
16:06:32 PR 38107  (4521 of 51080)
16:06:36 PR 38106  (4522 of 51080)
16:06:38 PR 38105  (4523 of 51080)
16:06:40 PR 38103  (4524 of 51080)
16:06:44 PR 38102  (4525 of 51080)
16:06:46 PR 38100  (4526 of 51080)
16:06:48 PR 38097  (4527 of 51080)
16:06:50 PR 38096  (4528 of 51080)
16:06:52 PR 38095  (4529 of 51080)
16:06:54 PR 38094  (4530 of 51080)
16:06:56 PR 38092  (4531 of 51080)
16:06:58 PR 38089  (4532 of 51080)
16:07:03 PR 38088  (4533 of 51080)
16:07:07 PR 38087  (4534 of 51080)
16:07:09 PR 38086  (4535 of 51080)
16:07:11 PR 38084  (4536 of 51080)
16:07:13 PR 38083  (4537 of 51080)
16:07:16 PR 38081  (4538 of 51080)
16:07:18 PR 38080  (4539 of 51080)
16:07:21 PR 38079  (4540 of 51080)
16:07:23 PR 38077  (4541 of 51080)
16:07:25 PR 38076  (4542 of 51080)
16:07:27 PR 38075  (4543 of 51080)
16:07:29 PR 38074  (4544 of 51080)
16:07:30 PR 38073  (4545 of 51080)
16:07:32 PR 38072  (4546 of 51080)
16:07:34 PR 38071  (4547 of 51080)
16:07:37 PR 38070  (4548 of 51080)
16:07:39 PR 38068  (4549 of 51080)
16:07:42 PR 38067  (4550 of 51080)
16:07:44 PR 38066  (4551 of 51080)
16:07:47 PR 38064  (4552 of 51080)
16:07:50 PR 38063  (4553 of 51080)
16:07:54 PR 38061  (4554 of 51080)
16:07:55 PR 38058  (4555 of 51080)
16:07:57 PR 38057  (4556 of 51080)
16:08:01 PR 38056  (4557 of 51080)
16:08:03 PR 38055  (4558 of 51080)
16:08:06 PR 38053  (4559 of 51080)
16:08:08 PR 38052  (4560 of 51080)
16:08:10 PR 38051  (4561 of 51080)
16:08:12 PR 38050  (4562 of 51080)
16:08:14 PR 38049  (4563 of 51080)
16:08:17 PR 38048  (4564 of 51080)
16:08:19 PR 38045  (4565 of 51080)
16:08:22 PR 38043  (4566 of 51080)
16:08:24 PR 38042  (4567 of 51080)
16:08:26 PR 38040  (4568 of 51080)
16:08:28 PR 38039  (4569 of 51080)
16:08:29 PR 38038  (4570 of 51080)
16:08:32 PR 38037  (4571 of 51080)
16:08:33 PR 38036  (4572 of 51080)
16:08:35 PR 38035  (4573 of 51080)
16:08:38 PR 38034  (4574 of 51080)
16:08:39 PR 38033  (4575 of 51080)
16:08:41 PR 38032  (4576 of 51080)
16:08:43 PR 38030  (4577 of 51080)
16:08:46 PR 38029  (4578 of 51080)
16:08:48 PR 38028  (4579 of 51080)
16:08:51 PR 38027  (4580 of 51080)
16:08:53 PR 38025  (4581 of 51080)
16:08:56 PR 38024  (4582 of 51080)
16:08:58 PR 38023  (4583 of 51080)
16:09:01 PR 38021  (4584 of 51080)
16:09:03 PR 38020  (4585 of 51080)
16:09:04 PR 38018  (4586 of 51080)
16:09:09 PR 37943  (4587 of 51080)
16:09:11 PR 37942  (4588 of 51080)
16:09:13 PR 37941  (4589 of 51080)
16:09:15 PR 37939  (4590 of 51080)
16:09:17 PR 37938  (4591 of 51080)
16:09:19 PR 37937  (4592 of 51080)
16:09:21 PR 37935  (4593 of 51080)
16:09:24 PR 37934  (4594 of 51080)
16:09:26 PR 37933  (4595 of 51080)
16:09:28 PR 37932  (4596 of 51080)
16:09:29 PR 37931  (4597 of 51080)
16:09:31 PR 37930  (4598 of 51080)
16:09:34 PR 37929  (4599 of 51080)
16:09:36 PR 37928  (4600 of 51080)
16:09:39 PR 37926  (4601 of 51080)
16:09:41 PR 37925  (4602 of 51080)
16:09:43 PR 37924  (4603 of 51080)
16:09:46 PR 37923  (4604 of 51080)
16:09:48 PR 37922  (4605 of 51080)
16:09:50 PR 37920  (4606 of 51080)
16:09:52 PR 37919  (4607 of 51080)
16:09:54 PR 37918  (4608 of 51080)
16:09:56 PR 37917  (4609 of 51080)
16:09:58 PR 37914  (4610 of 51080)
16:10:00 PR 37913  (4611 of 51080)
16:10:01 PR 37911  (4612 of 51080)
16:10:03 PR 37910  (4613 of 51080)
16:10:06 PR 37909  (4614 of 51080)
16:10:07 PR 37908  (4615 of 51080)
16:10:09 PR 37907  (4616 of 51080)
16:10:10 PR 37906  (4617 of 51080)
16:10:12 PR 37905  (4618 of 51080)
16:10:15 PR 37904  (4619 of 51080)
16:10:17 PR 37903  (4620 of 51080)
16:10:19 PR 37902  (4621 of 51080)
16:10:21 PR 37901  (4622 of 51080)
16:10:22 PR 37900  (4623 of 51080)
16:10:24 PR 37899  (4624 of 51080)
16:10:26 PR 37898  (4625 of 51080)
16:10:28 PR 37897  (4626 of 51080)
16:10:29 PR 37894  (4627 of 51080)
16:10:31 PR 37892  (4628 of 51080)
16:10:33 PR 37891  (4629 of 51080)
16:10:34 PR 37889  (4630 of 51080)
16:10:36 PR 37888  (4631 of 51080)
16:10:37 PR 37887  (4632 of 51080)
16:10:39 PR 37886  (4633 of 51080)
16:10:40 PR 37885  (4634 of 51080)
16:10:42 PR 37884  (4635 of 51080)
16:10:44 PR 37881  (4636 of 51080)
16:10:46 PR 37880  (4637 of 51080)
16:10:47 PR 37879  (4638 of 51080)
16:10:50 PR 37878  (4639 of 51080)
16:10:51 PR 37877  (4640 of 51080)
16:10:53 PR 37875  (4641 of 51080)
16:10:55 PR 37874  (4642 of 51080)
16:10:57 PR 37873  (4643 of 51080)
16:11:01 PR 37872  (4644 of 51080)
16:11:05 PR 37871  (4645 of 51080)
16:11:07 PR 37870  (4646 of 51080)
16:11:09 PR 37869  (4647 of 51080)
16:11:11 PR 37868  (4648 of 51080)
16:11:13 PR 37867  (4649 of 51080)
16:11:15 PR 37866  (4650 of 51080)
16:11:16 PR 37864  (4651 of 51080)
16:11:18 PR 37863  (4652 of 51080)
16:11:20 PR 37860  (4653 of 51080)
16:11:22 PR 37859  (4654 of 51080)
16:11:24 PR 37858  (4655 of 51080)
16:11:26 PR 37857  (4656 of 51080)
16:11:28 PR 37854  (4657 of 51080)
16:11:29 PR 37853  (4658 of 51080)
16:11:31 PR 37851  (4659 of 51080)
16:11:33 PR 37849  (4660 of 51080)
16:11:35 PR 37848  (4661 of 51080)
16:11:37 PR 37847  (4662 of 51080)
16:11:39 PR 37846  (4663 of 51080)
16:11:40 PR 37845  (4664 of 51080)
16:11:42 PR 37844  (4665 of 51080)
16:11:45 PR 37843  (4666 of 51080)
16:11:46 PR 37841  (4667 of 51080)
16:11:48 PR 37840  (4668 of 51080)
16:11:50 PR 37837  (4669 of 51080)
16:11:52 PR 37836  (4670 of 51080)
16:11:54 PR 37835  (4671 of 51080)
16:11:55 PR 37834  (4672 of 51080)
16:11:57 PR 37833  (4673 of 51080)
16:12:00 PR 37832  (4674 of 51080)
16:12:02 PR 37831  (4675 of 51080)
16:12:04 PR 37829  (4676 of 51080)
16:12:06 PR 37828  (4677 of 51080)
16:12:07 PR 37826  (4678 of 51080)
16:12:09 PR 37825  (4679 of 51080)
16:12:11 PR 37823  (4680 of 51080)
16:12:13 PR 37822  (4681 of 51080)
16:12:15 PR 37820  (4682 of 51080)
16:12:16 PR 37817  (4683 of 51080)
16:12:18 PR 37816  (4684 of 51080)
16:12:20 PR 37815  (4685 of 51080)
16:12:22 PR 37814  (4686 of 51080)
16:12:24 PR 37813  (4687 of 51080)
16:12:26 PR 37812  (4688 of 51080)
16:12:28 PR 37811  (4689 of 51080)
16:12:29 PR 37810  (4690 of 51080)
16:12:31 PR 37809  (4691 of 51080)
16:12:33 PR 37808  (4692 of 51080)
16:12:34 PR 37807  (4693 of 51080)
16:12:36 PR 37806  (4694 of 51080)
16:12:38 PR 37805  (4695 of 51080)
16:12:39 PR 37804  (4696 of 51080)
16:12:41 PR 37803  (4697 of 51080)
16:12:43 PR 37802  (4698 of 51080)
16:12:44 PR 37801  (4699 of 51080)
16:12:46 PR 37800  (4700 of 51080)
16:12:48 PR 37799  (4701 of 51080)
16:12:51 PR 37796  (4702 of 51080)
16:12:53 PR 37795  (4703 of 51080)
16:12:55 PR 37794  (4704 of 51080)
16:12:57 PR 37792  (4705 of 51080)
16:12:58 PR 37791  (4706 of 51080)
16:13:01 PR 37789  (4707 of 51080)
16:13:03 PR 37788  (4708 of 51080)
16:13:04 PR 37787  (4709 of 51080)
16:13:06 PR 37785  (4710 of 51080)
16:13:09 PR 37783  (4711 of 51080)
16:13:11 PR 37782  (4712 of 51080)
16:13:12 PR 37780  (4713 of 51080)
16:13:14 PR 37778  (4714 of 51080)
16:13:16 PR 37776  (4715 of 51080)
16:13:18 PR 37775  (4716 of 51080)
16:13:20 PR 37774  (4717 of 51080)
16:13:22 PR 37773  (4718 of 51080)
16:13:24 PR 37771  (4719 of 51080)
16:13:27 PR 37769  (4720 of 51080)
16:13:29 PR 37767  (4721 of 51080)
16:13:31 PR 37766  (4722 of 51080)
16:13:33 PR 37763  (4723 of 51080)
16:13:35 PR 37762  (4724 of 51080)
16:13:37 PR 37761  (4725 of 51080)
16:13:39 PR 37760  (4726 of 51080)
16:13:41 PR 37759  (4727 of 51080)
16:13:42 PR 37758  (4728 of 51080)
16:13:44 PR 37757  (4729 of 51080)
16:13:46 PR 37756  (4730 of 51080)
16:13:47 PR 37755  (4731 of 51080)
16:13:49 PR 37754  (4732 of 51080)
16:13:50 PR 37753  (4733 of 51080)
16:13:52 PR 37752  (4734 of 51080)
16:13:54 PR 37751  (4735 of 51080)
16:13:55 PR 37750  (4736 of 51080)
16:14:00 PR 37749  (4737 of 51080)
16:14:02 PR 37748  (4738 of 51080)
16:14:04 PR 37747  (4739 of 51080)
16:14:06 PR 37745  (4740 of 51080)
16:14:08 PR 37744  (4741 of 51080)
16:14:09 PR 37743  (4742 of 51080)
16:14:12 PR 37742  (4743 of 51080)
16:14:13 PR 37741  (4744 of 51080)
16:14:15 PR 37739  (4745 of 51080)
16:14:17 PR 37738  (4746 of 51080)
16:14:20 PR 37737  (4747 of 51080)
16:14:21 PR 37736  (4748 of 51080)
16:14:23 PR 37733  (4749 of 51080)
16:14:24 PR 37732  (4750 of 51080)
16:14:27 PR 37729  (4751 of 51080)
16:14:28 PR 37728  (4752 of 51080)
16:14:30 PR 37727  (4753 of 51080)
16:14:31 PR 37725  (4754 of 51080)
16:14:33 PR 37724  (4755 of 51080)
16:14:35 PR 37723  (4756 of 51080)
16:14:37 PR 37722  (4757 of 51080)
16:14:39 PR 37721  (4758 of 51080)
16:14:41 PR 37719  (4759 of 51080)
16:14:43 PR 37717  (4760 of 51080)
16:14:44 PR 37716  (4761 of 51080)
16:14:46 PR 37715  (4762 of 51080)
16:14:48 PR 37714  (4763 of 51080)
16:14:49 PR 37713  (4764 of 51080)
16:14:51 PR 37712  (4765 of 51080)
16:14:53 PR 37711  (4766 of 51080)
16:14:55 PR 37707  (4767 of 51080)
16:14:57 PR 37706  (4768 of 51080)
16:14:59 PR 37705  (4769 of 51080)
16:15:00 PR 37703  (4770 of 51080)
16:15:02 PR 37702  (4771 of 51080)
16:15:04 PR 38580  (4772 of 51080)
16:15:06 PR 38579  (4773 of 51080)
16:15:09 PR 38577  (4774 of 51080)
16:15:11 PR 38574  (4775 of 51080)
16:15:14 PR 38564  (4776 of 51080)
16:15:16 PR 38562  (4777 of 51080)
16:15:18 PR 38561  (4778 of 51080)
16:15:20 PR 38557  (4779 of 51080)
16:15:22 PR 38556  (4780 of 51080)
16:15:24 PR 38555  (4781 of 51080)
16:15:26 PR 38553  (4782 of 51080)
16:15:29 PR 38551  (4783 of 51080)
16:15:31 PR 38550  (4784 of 51080)
16:15:33 PR 38549  (4785 of 51080)
16:15:35 PR 38547  (4786 of 51080)
16:15:37 PR 38546  (4787 of 51080)
16:15:38 PR 38545  (4788 of 51080)
16:15:40 PR 38543  (4789 of 51080)
16:15:42 PR 38542  (4790 of 51080)
16:15:44 PR 38541  (4791 of 51080)
16:15:46 PR 38540  (4792 of 51080)
16:15:48 PR 38539  (4793 of 51080)
16:15:50 PR 38538  (4794 of 51080)
16:15:52 PR 38537  (4795 of 51080)
16:15:54 PR 38533  (4796 of 51080)
16:15:56 PR 38530  (4797 of 51080)
16:15:58 PR 38529  (4798 of 51080)
16:15:59 PR 38528  (4799 of 51080)
16:16:03 PR 38526  (4800 of 51080)
16:16:05 PR 38525  (4801 of 51080)
16:16:07 PR 38524  (4802 of 51080)
16:16:10 PR 38523  (4803 of 51080)
16:16:12 PR 38522  (4804 of 51080)
16:16:14 PR 38521  (4805 of 51080)
16:16:17 PR 38518  (4806 of 51080)
16:16:19 PR 38517  (4807 of 51080)
16:16:21 PR 38515  (4808 of 51080)
16:16:23 PR 38513  (4809 of 51080)
16:16:24 PR 38510  (4810 of 51080)
16:16:26 PR 38508  (4811 of 51080)
16:16:28 PR 38507  (4812 of 51080)
16:16:30 PR 38505  (4813 of 51080)
16:16:32 PR 38504  (4814 of 51080)
16:16:34 PR 38503  (4815 of 51080)
16:16:37 PR 38501  (4816 of 51080)
16:16:38 PR 38499  (4817 of 51080)
16:16:40 PR 38497  (4818 of 51080)
16:16:42 PR 38496  (4819 of 51080)
16:16:45 PR 38495  (4820 of 51080)
16:16:46 PR 38492  (4821 of 51080)
16:16:48 PR 38491  (4822 of 51080)
16:16:54 PR 38490  (4823 of 51080)
16:16:56 PR 38489  (4824 of 51080)
16:16:58 PR 38488  (4825 of 51080)
16:17:00 PR 38487  (4826 of 51080)
16:17:01 PR 38486  (4827 of 51080)
16:17:03 PR 38483  (4828 of 51080)
16:17:05 PR 38482  (4829 of 51080)
16:17:07 PR 38478  (4830 of 51080)
16:17:09 PR 38476  (4831 of 51080)
16:17:10 PR 38473  (4832 of 51080)
16:17:12 PR 38472  (4833 of 51080)
16:17:14 PR 38471  (4834 of 51080)
16:17:16 PR 38470  (4835 of 51080)
16:17:17 PR 38469  (4836 of 51080)
16:17:19 PR 38467  (4837 of 51080)
16:17:21 PR 38466  (4838 of 51080)
16:17:22 PR 38465  (4839 of 51080)
16:17:24 PR 38464  (4840 of 51080)
16:17:26 PR 38462  (4841 of 51080)
16:17:29 PR 38461  (4842 of 51080)
16:17:31 PR 38460  (4843 of 51080)
16:17:34 PR 38459  (4844 of 51080)
16:17:36 PR 38458  (4845 of 51080)
16:17:37 PR 38457  (4846 of 51080)
16:17:39 PR 38456  (4847 of 51080)
16:17:41 PR 38455  (4848 of 51080)
16:17:42 PR 38454  (4849 of 51080)
16:17:44 PR 38451  (4850 of 51080)
16:17:46 PR 38449  (4851 of 51080)
16:17:48 PR 38445  (4852 of 51080)
16:17:50 PR 38444  (4853 of 51080)
16:17:51 PR 38443  (4854 of 51080)
16:17:53 PR 38441  (4855 of 51080)
16:17:54 PR 38440  (4856 of 51080)
16:17:56 PR 38439  (4857 of 51080)
16:17:57 PR 38436  (4858 of 51080)
16:17:59 PR 38435  (4859 of 51080)
16:18:01 PR 38434  (4860 of 51080)
16:18:03 PR 38432  (4861 of 51080)
16:18:05 PR 38431  (4862 of 51080)
16:18:07 PR 38430  (4863 of 51080)
16:18:08 PR 38429  (4864 of 51080)
16:18:10 PR 38426  (4865 of 51080)
16:18:13 PR 38425  (4866 of 51080)
16:18:15 PR 38424  (4867 of 51080)
16:18:16 PR 38423  (4868 of 51080)
16:18:18 PR 38422  (4869 of 51080)
16:18:20 PR 38420  (4870 of 51080)
16:18:21 PR 38419  (4871 of 51080)
16:18:23 PR 38416  (4872 of 51080)
16:18:25 PR 38415  (4873 of 51080)
16:18:26 PR 38413  (4874 of 51080)
16:18:28 PR 38412  (4875 of 51080)
16:18:29 PR 38411  (4876 of 51080)
16:18:31 PR 38410  (4877 of 51080)
16:18:32 PR 38409  (4878 of 51080)
16:18:34 PR 38408  (4879 of 51080)
16:18:36 PR 38407  (4880 of 51080)
16:18:38 PR 38406  (4881 of 51080)
16:18:40 PR 38404  (4882 of 51080)
16:18:42 PR 38399  (4883 of 51080)
16:18:43 PR 38397  (4884 of 51080)
16:18:46 PR 38395  (4885 of 51080)
16:18:47 PR 38394  (4886 of 51080)
16:18:49 PR 38393  (4887 of 51080)
16:18:51 PR 38392  (4888 of 51080)
16:18:53 PR 38391  (4889 of 51080)
16:18:55 PR 38390  (4890 of 51080)
16:18:57 PR 38389  (4891 of 51080)
16:18:58 PR 38388  (4892 of 51080)
16:19:01 PR 38387  (4893 of 51080)
16:19:04 PR 38386  (4894 of 51080)
16:19:05 PR 38385  (4895 of 51080)
16:19:07 PR 38384  (4896 of 51080)
16:19:09 PR 38383  (4897 of 51080)
16:19:11 PR 38381  (4898 of 51080)
16:19:13 PR 38380  (4899 of 51080)
16:19:15 PR 38379  (4900 of 51080)
16:19:17 PR 38377  (4901 of 51080)
16:19:19 PR 38375  (4902 of 51080)
16:19:21 PR 38374  (4903 of 51080)
16:19:22 PR 38373  (4904 of 51080)
16:19:25 PR 38372  (4905 of 51080)
16:19:26 PR 38370  (4906 of 51080)
16:19:28 PR 38369  (4907 of 51080)
16:19:29 PR 38368  (4908 of 51080)
16:19:31 PR 38367  (4909 of 51080)
16:19:33 PR 38366  (4910 of 51080)
16:19:34 PR 38364  (4911 of 51080)
16:19:37 PR 38361  (4912 of 51080)
16:19:39 PR 38360  (4913 of 51080)
16:19:41 PR 38359  (4914 of 51080)
16:19:42 PR 38358  (4915 of 51080)
16:19:44 PR 38357  (4916 of 51080)
16:19:46 PR 38356  (4917 of 51080)
16:19:48 PR 38355  (4918 of 51080)
16:19:50 PR 38353  (4919 of 51080)
16:19:52 PR 38350  (4920 of 51080)
16:19:53 PR 38347  (4921 of 51080)
16:19:55 PR 38345  (4922 of 51080)
16:19:57 PR 38344  (4923 of 51080)
16:20:00 PR 38343  (4924 of 51080)
16:20:01 PR 38342  (4925 of 51080)
16:20:04 PR 38341  (4926 of 51080)
16:20:08 PR 38338  (4927 of 51080)
16:20:10 PR 38337  (4928 of 51080)
16:20:12 PR 38335  (4929 of 51080)
16:20:14 PR 38334  (4930 of 51080)
16:20:16 PR 38333  (4931 of 51080)
16:20:17 PR 38331  (4932 of 51080)
16:20:19 PR 38330  (4933 of 51080)
16:20:21 PR 38329  (4934 of 51080)
16:20:23 PR 38328  (4935 of 51080)
16:20:25 PR 38326  (4936 of 51080)
16:20:27 PR 38325  (4937 of 51080)
16:20:29 PR 38324  (4938 of 51080)
16:20:31 PR 38322  (4939 of 51080)
16:20:33 PR 38321  (4940 of 51080)
16:20:35 PR 38320  (4941 of 51080)
16:20:37 PR 38319  (4942 of 51080)
16:20:39 PR 38318  (4943 of 51080)
16:20:41 PR 38317  (4944 of 51080)
16:20:44 PR 38315  (4945 of 51080)
16:20:46 PR 38313  (4946 of 51080)
16:20:48 PR 38312  (4947 of 51080)
16:20:50 PR 38310  (4948 of 51080)
16:20:51 PR 38308  (4949 of 51080)
16:20:53 PR 38307  (4950 of 51080)
16:20:56 PR 38306  (4951 of 51080)
16:20:57 PR 38304  (4952 of 51080)
16:21:44 starting - 4952 PRs already saved, skipping those
16:21:44 reusing cached list of 51080 PR numbers
16:22:40 starting - 4952 PRs already saved, skipping those
16:22:40 reusing cached list of 51080 PR numbers
16:25:00 starting - 4952 PRs already saved, skipping those
16:25:00 reusing cached list of 51080 PR numbers
16:37:38 starting - 4952 PRs already saved, skipping those
16:37:38 reusing cached list of 51080 PR numbers
16:46:35 starting - 4952 PRs already saved, skipping those
16:46:35 reusing cached list of 51080 PR numbers
16:46:37 PR 38301  (4953 of 51080)
16:46:39 PR 38300  (4954 of 51080)
16:46:41 PR 38299  (4955 of 51080)
16:46:43 PR 38298  (4956 of 51080)
16:46:44 PR 38297  (4957 of 51080)
16:46:47 PR 38296  (4958 of 51080)
16:46:49 PR 38295  (4959 of 51080)
16:46:51 PR 38294  (4960 of 51080)
16:46:53 PR 38293  (4961 of 51080)
16:46:57 PR 38292  (4962 of 51080)
16:46:59 PR 38289  (4963 of 51080)
16:47:01 PR 38288  (4964 of 51080)
16:47:03 PR 38287  (4965 of 51080)
16:47:05 PR 38286  (4966 of 51080)
16:47:06 PR 38285  (4967 of 51080)
16:47:08 PR 38283  (4968 of 51080)
16:47:09 PR 38282  (4969 of 51080)
16:47:11 PR 38278  (4970 of 51080)
16:47:13 PR 38275  (4971 of 51080)
16:47:16 PR 38270  (4972 of 51080)
16:47:17 PR 38269  (4973 of 51080)
16:47:19 PR 38267  (4974 of 51080)
16:47:20 PR 38266  (4975 of 51080)
16:47:21 PR 38265  (4976 of 51080)
16:47:23 PR 38263  (4977 of 51080)
16:47:25 PR 38262  (4978 of 51080)
16:47:26 PR 38261  (4979 of 51080)
16:47:28 PR 38260  (4980 of 51080)
16:47:31 PR 38257  (4981 of 51080)
16:47:32 PR 38256  (4982 of 51080)
16:47:34 PR 38255  (4983 of 51080)
16:47:35 PR 38254  (4984 of 51080)
16:47:37 PR 38253  (4985 of 51080)
16:47:39 PR 38252  (4986 of 51080)
16:47:41 PR 38250  (4987 of 51080)
16:47:42 PR 38249  (4988 of 51080)
16:47:44 PR 38248  (4989 of 51080)
16:47:46 PR 38247  (4990 of 51080)
16:47:47 PR 38244  (4991 of 51080)
16:47:49 PR 38243  (4992 of 51080)
16:47:50 PR 38241  (4993 of 51080)
16:47:52 PR 38239  (4994 of 51080)
16:47:54 PR 38238  (4995 of 51080)
16:47:55 PR 38232  (4996 of 51080)
16:47:57 PR 38231  (4997 of 51080)
16:47:59 PR 38230  (4998 of 51080)
16:48:01 PR 38229  (4999 of 51080)
16:48:03 PR 38228  (5000 of 51080)
16:48:05 PR 38227  (5001 of 51080)
16:48:07 PR 38226  (5002 of 51080)
16:48:09 PR 38225  (5003 of 51080)
16:48:11 PR 38224  (5004 of 51080)
16:48:12 PR 38223  (5005 of 51080)
16:48:14 PR 38222  (5006 of 51080)
16:48:16 PR 38221  (5007 of 51080)
16:48:18 PR 38220  (5008 of 51080)
16:48:21 PR 38218  (5009 of 51080)
16:48:23 PR 38217  (5010 of 51080)
16:48:24 PR 38215  (5011 of 51080)
16:48:26 PR 38213  (5012 of 51080)
16:48:28 PR 38211  (5013 of 51080)
16:48:29 PR 38210  (5014 of 51080)
16:48:31 PR 38209  (5015 of 51080)
16:48:33 PR 38208  (5016 of 51080)
16:48:35 PR 38206  (5017 of 51080)
16:48:38 PR 38205  (5018 of 51080)
16:48:40 PR 38204  (5019 of 51080)
16:48:42 PR 38203  (5020 of 51080)
16:48:44 PR 38201  (5021 of 51080)
16:48:46 PR 38200  (5022 of 51080)
16:48:48 PR 38199  (5023 of 51080)
16:48:49 PR 38198  (5024 of 51080)
16:48:51 PR 38195  (5025 of 51080)
16:48:53 PR 38194  (5026 of 51080)
16:48:54 PR 38192  (5027 of 51080)
16:48:56 PR 38190  (5028 of 51080)
16:48:57 PR 38189  (5029 of 51080)
16:48:59 PR 38188  (5030 of 51080)
16:49:01 PR 38187  (5031 of 51080)
16:49:03 PR 39020  (5032 of 51080)
16:49:04 PR 39019  (5033 of 51080)
16:49:06 PR 39018  (5034 of 51080)
16:49:07 PR 39017  (5035 of 51080)
16:49:09 PR 39016  (5036 of 51080)
16:49:11 PR 39015  (5037 of 51080)
16:49:13 PR 39014  (5038 of 51080)
16:49:15 PR 39013  (5039 of 51080)
16:49:17 PR 39012  (5040 of 51080)
16:49:19 PR 39010  (5041 of 51080)
16:49:20 PR 39007  (5042 of 51080)
16:49:23 PR 39006  (5043 of 51080)
16:49:25 PR 39005  (5044 of 51080)
16:49:26 PR 39004  (5045 of 51080)
16:49:29 PR 39003  (5046 of 51080)
16:49:31 PR 39000  (5047 of 51080)
16:49:33 PR 38998  (5048 of 51080)
16:49:34 PR 38997  (5049 of 51080)
16:49:36 PR 38995  (5050 of 51080)
16:49:38 PR 38992  (5051 of 51080)
16:49:40 PR 38991  (5052 of 51080)
16:49:41 PR 38990  (5053 of 51080)
16:49:43 PR 38989  (5054 of 51080)
16:49:44 PR 38986  (5055 of 51080)
16:49:46 PR 38985  (5056 of 51080)
16:49:47 PR 38984  (5057 of 51080)
16:49:49 PR 38983  (5058 of 51080)
16:49:51 PR 38981  (5059 of 51080)
16:49:53 PR 38980  (5060 of 51080)
16:49:54 PR 38979  (5061 of 51080)
16:49:56 PR 38977  (5062 of 51080)
16:49:59 PR 38976  (5063 of 51080)
16:50:00 PR 38975  (5064 of 51080)
16:50:02 PR 38974  (5065 of 51080)
16:50:04 PR 38973  (5066 of 51080)
16:50:06 PR 38971  (5067 of 51080)
16:50:07 PR 38969  (5068 of 51080)
16:50:09 PR 38968  (5069 of 51080)
16:50:11 PR 38967  (5070 of 51080)
16:50:12 PR 38965  (5071 of 51080)
16:50:14 PR 38963  (5072 of 51080)
16:50:16 PR 38962  (5073 of 51080)
16:50:18 PR 38960  (5074 of 51080)
16:50:20 PR 38958  (5075 of 51080)
16:50:21 PR 38957  (5076 of 51080)
16:50:23 PR 38956  (5077 of 51080)
16:50:24 PR 38955  (5078 of 51080)
16:50:26 PR 38953  (5079 of 51080)
16:50:28 PR 38952  (5080 of 51080)
16:50:31 PR 38951  (5081 of 51080)
16:50:33 PR 38950  (5082 of 51080)
16:50:34 PR 38949  (5083 of 51080)
16:50:36 PR 38948  (5084 of 51080)
16:50:38 PR 38946  (5085 of 51080)
16:50:39 PR 38945  (5086 of 51080)
16:50:41 PR 38944  (5087 of 51080)
16:50:43 PR 38942  (5088 of 51080)
16:50:45 PR 38940  (5089 of 51080)
16:50:47 PR 38939  (5090 of 51080)
16:50:49 PR 38937  (5091 of 51080)
16:50:51 PR 38936  (5092 of 51080)
16:50:53 PR 38935  (5093 of 51080)
16:50:55 PR 38934  (5094 of 51080)
16:50:56 PR 38932  (5095 of 51080)
16:50:58 PR 38931  (5096 of 51080)
16:50:59 PR 38928  (5097 of 51080)
16:51:01 PR 38927  (5098 of 51080)
16:51:03 PR 38926  (5099 of 51080)
16:51:04 PR 38925  (5100 of 51080)
16:51:07 PR 38923  (5101 of 51080)
16:51:08 PR 38922  (5102 of 51080)
16:51:10 PR 38921  (5103 of 51080)
16:51:11 PR 38920  (5104 of 51080)
16:51:13 PR 38919  (5105 of 51080)
16:51:15 PR 38918  (5106 of 51080)
16:51:16 PR 38917  (5107 of 51080)
16:51:18 PR 38916  (5108 of 51080)
16:51:19 PR 38915  (5109 of 51080)
16:51:21 PR 38914  (5110 of 51080)
16:51:23 PR 38913  (5111 of 51080)
16:51:24 PR 38912  (5112 of 51080)
16:51:26 PR 38911  (5113 of 51080)
16:51:27 PR 38910  (5114 of 51080)
16:51:29 PR 38909  (5115 of 51080)
16:51:31 PR 38908  (5116 of 51080)
16:51:32 PR 38907  (5117 of 51080)
16:51:34 PR 38906  (5118 of 51080)
16:51:36 PR 38905  (5119 of 51080)
16:51:38 PR 38903  (5120 of 51080)
16:51:39 PR 38901  (5121 of 51080)
16:51:41 PR 38897  (5122 of 51080)
16:51:42 PR 38896  (5123 of 51080)
16:51:44 PR 38895  (5124 of 51080)
16:51:46 PR 38894  (5125 of 51080)
16:51:47 PR 38892  (5126 of 51080)
16:51:49 PR 38891  (5127 of 51080)
16:51:51 PR 38890  (5128 of 51080)
16:51:52 PR 38889  (5129 of 51080)
16:51:54 PR 38888  (5130 of 51080)
16:51:56 PR 38887  (5131 of 51080)
16:51:58 PR 38885  (5132 of 51080)
16:52:00 PR 38884  (5133 of 51080)
16:52:01 PR 38883  (5134 of 51080)
16:52:03 PR 38882  (5135 of 51080)
16:52:04 PR 38881  (5136 of 51080)
16:52:07 PR 38879  (5137 of 51080)
16:52:09 PR 38876  (5138 of 51080)
16:52:11 PR 38875  (5139 of 51080)
16:52:13 PR 38874  (5140 of 51080)
16:52:14 PR 38873  (5141 of 51080)
16:52:17 PR 38872  (5142 of 51080)
16:52:18 PR 38871  (5143 of 51080)
16:52:20 PR 38869  (5144 of 51080)
16:52:22 PR 38868  (5145 of 51080)
16:52:24 PR 38867  (5146 of 51080)
16:52:25 PR 38866  (5147 of 51080)
16:52:27 PR 38865  (5148 of 51080)
16:52:29 PR 38864  (5149 of 51080)
16:52:30 PR 38863  (5150 of 51080)
16:52:32 PR 38862  (5151 of 51080)
16:52:34 PR 38860  (5152 of 51080)
16:52:36 PR 38859  (5153 of 51080)
16:52:37 PR 38858  (5154 of 51080)
16:52:39 PR 38856  (5155 of 51080)
16:52:40 PR 38855  (5156 of 51080)
16:52:43 PR 38854  (5157 of 51080)
16:52:44 PR 38852  (5158 of 51080)
16:52:46 PR 38851  (5159 of 51080)
16:52:48 PR 38850  (5160 of 51080)
16:52:49 PR 38848  (5161 of 51080)
16:52:51 PR 38847  (5162 of 51080)
16:52:52 PR 38845  (5163 of 51080)
16:52:54 PR 38844  (5164 of 51080)
16:52:56 PR 38842  (5165 of 51080)
16:52:57 PR 38837  (5166 of 51080)
16:52:59 PR 38835  (5167 of 51080)
16:53:01 PR 38834  (5168 of 51080)
16:53:03 PR 38833  (5169 of 51080)
16:53:04 PR 38832  (5170 of 51080)
16:53:06 PR 38830  (5171 of 51080)
16:53:08 PR 38828  (5172 of 51080)
16:53:10 PR 38827  (5173 of 51080)
16:53:12 PR 38825  (5174 of 51080)
16:53:13 PR 38824  (5175 of 51080)
16:53:15 PR 38823  (5176 of 51080)
16:53:17 PR 38822  (5177 of 51080)
16:53:19 PR 38821  (5178 of 51080)
16:53:20 PR 38820  (5179 of 51080)
16:53:22 PR 38819  (5180 of 51080)
16:53:24 PR 38817  (5181 of 51080)
16:53:25 PR 38816  (5182 of 51080)
16:53:27 PR 38814  (5183 of 51080)
16:53:29 PR 38813  (5184 of 51080)
16:53:31 PR 38812  (5185 of 51080)
16:53:33 PR 38811  (5186 of 51080)
16:53:34 PR 38810  (5187 of 51080)
16:53:36 PR 38809  (5188 of 51080)
16:53:37 PR 38808  (5189 of 51080)
16:53:39 PR 38806  (5190 of 51080)
16:53:41 PR 38805  (5191 of 51080)
16:53:42 PR 38803  (5192 of 51080)
16:53:44 PR 38802  (5193 of 51080)
16:53:46 PR 38801  (5194 of 51080)
16:53:47 PR 38800  (5195 of 51080)
16:53:49 PR 38795  (5196 of 51080)
16:53:50 PR 38794  (5197 of 51080)
16:53:52 PR 38793  (5198 of 51080)
16:53:53 PR 38792  (5199 of 51080)
16:53:55 PR 38789  (5200 of 51080)
16:53:56 PR 38788  (5201 of 51080)
16:53:58 PR 38787  (5202 of 51080)
16:54:00 PR 38786  (5203 of 51080)
16:54:02 PR 38785  (5204 of 51080)
16:54:04 PR 38783  (5205 of 51080)
16:54:06 PR 38781  (5206 of 51080)
16:54:08 PR 38779  (5207 of 51080)
16:54:09 PR 38778  (5208 of 51080)
16:54:11 PR 38777  (5209 of 51080)
16:54:13 PR 38776  (5210 of 51080)
16:54:14 PR 38775  (5211 of 51080)
16:54:16 PR 38774  (5212 of 51080)
16:54:18 PR 38773  (5213 of 51080)
16:54:20 PR 38772  (5214 of 51080)
16:54:22 PR 38771  (5215 of 51080)
16:54:23 PR 38770  (5216 of 51080)
16:54:25 PR 38768  (5217 of 51080)
16:54:27 PR 38767  (5218 of 51080)
16:54:28 PR 38766  (5219 of 51080)
16:54:30 PR 38763  (5220 of 51080)
16:54:33 PR 38762  (5221 of 51080)
16:54:34 PR 38759  (5222 of 51080)
16:54:36 PR 38758  (5223 of 51080)
16:54:37 PR 38757  (5224 of 51080)
16:54:40 PR 38754  (5225 of 51080)
16:54:42 PR 38753  (5226 of 51080)
16:54:43 PR 38752  (5227 of 51080)
16:54:45 PR 38751  (5228 of 51080)
16:54:47 PR 38750  (5229 of 51080)
16:54:49 PR 38749  (5230 of 51080)
16:54:51 PR 38748  (5231 of 51080)
16:54:54 PR 38746  (5232 of 51080)
16:54:55 PR 38744  (5233 of 51080)
16:54:57 PR 38743  (5234 of 51080)
16:54:59 PR 38742  (5235 of 51080)
16:55:01 PR 38741  (5236 of 51080)
16:55:03 PR 38740  (5237 of 51080)
16:55:04 PR 38739  (5238 of 51080)
16:55:06 PR 38738  (5239 of 51080)
16:55:08 PR 38736  (5240 of 51080)
16:55:10 PR 38734  (5241 of 51080)
16:55:12 PR 38733  (5242 of 51080)
16:55:14 PR 38732  (5243 of 51080)
16:55:17 PR 38730  (5244 of 51080)
16:55:18 PR 38729  (5245 of 51080)
16:55:20 PR 38728  (5246 of 51080)
16:55:21 PR 38726  (5247 of 51080)
16:55:23 PR 38724  (5248 of 51080)
16:55:25 PR 38723  (5249 of 51080)
16:55:26 PR 38722  (5250 of 51080)
16:55:28 PR 38721  (5251 of 51080)
16:55:30 PR 38720  (5252 of 51080)
16:55:32 PR 38718  (5253 of 51080)
16:55:34 PR 38717  (5254 of 51080)
16:55:35 PR 38714  (5255 of 51080)
16:55:37 PR 38713  (5256 of 51080)
16:55:39 PR 38712  (5257 of 51080)
16:55:41 PR 38709  (5258 of 51080)
16:55:42 PR 38708  (5259 of 51080)
16:55:44 PR 38707  (5260 of 51080)
16:55:46 PR 38706  (5261 of 51080)
16:55:48 PR 38705  (5262 of 51080)
16:55:49 PR 38704  (5263 of 51080)
16:55:51 PR 38703  (5264 of 51080)
16:55:53 PR 38699  (5265 of 51080)
16:55:55 PR 38696  (5266 of 51080)
16:55:56 PR 38695  (5267 of 51080)
16:55:58 PR 38693  (5268 of 51080)
16:55:59 PR 38687  (5269 of 51080)
16:56:02 PR 38686  (5270 of 51080)
16:56:04 PR 38685  (5271 of 51080)
16:56:05 PR 38684  (5272 of 51080)
16:56:07 PR 38682  (5273 of 51080)
16:56:09 PR 38681  (5274 of 51080)
16:56:11 PR 38680  (5275 of 51080)
16:56:14 PR 38679  (5276 of 51080)
16:56:16 PR 38678  (5277 of 51080)
16:56:18 PR 38677  (5278 of 51080)
16:56:21 PR 38676  (5279 of 51080)
16:56:23 PR 38674  (5280 of 51080)
16:56:25 PR 38672  (5281 of 51080)
16:56:26 PR 38671  (5282 of 51080)
16:56:29 PR 38670  (5283 of 51080)
16:56:30 PR 38669  (5284 of 51080)
16:56:31 PR 38666  (5285 of 51080)
16:56:33 PR 38663  (5286 of 51080)
16:56:35 PR 38662  (5287 of 51080)
16:56:38 PR 38661  (5288 of 51080)
16:56:40 PR 38660  (5289 of 51080)
16:56:42 PR 38659  (5290 of 51080)
16:56:44 PR 38658  (5291 of 51080)
16:56:47 PR 38656  (5292 of 51080)
16:56:49 PR 38652  (5293 of 51080)
16:56:50 PR 38651  (5294 of 51080)
16:56:52 PR 38650  (5295 of 51080)
16:56:53 PR 38648  (5296 of 51080)
16:56:55 PR 38647  (5297 of 51080)
16:56:57 PR 38644  (5298 of 51080)
16:56:58 PR 38642  (5299 of 51080)
16:57:01 PR 38640  (5300 of 51080)
16:57:04 PR 38639  (5301 of 51080)
16:57:05 PR 38638  (5302 of 51080)
16:57:07 PR 38637  (5303 of 51080)
16:57:08 PR 38636  (5304 of 51080)
16:57:10 PR 38634  (5305 of 51080)
16:57:11 PR 38633  (5306 of 51080)
16:57:13 PR 38630  (5307 of 51080)
16:57:15 PR 38628  (5308 of 51080)
16:57:17 PR 38627  (5309 of 51080)
16:57:19 PR 38626  (5310 of 51080)
16:57:20 PR 38625  (5311 of 51080)
16:57:22 PR 38618  (5312 of 51080)
16:57:24 PR 38616  (5313 of 51080)
16:57:25 PR 38615  (5314 of 51080)
16:57:27 PR 38614  (5315 of 51080)
16:57:31 PR 38611  (5316 of 51080)
16:57:34 PR 38610  (5317 of 51080)
16:57:36 PR 38608  (5318 of 51080)
16:57:38 PR 38607  (5319 of 51080)
16:57:40 PR 38605  (5320 of 51080)
16:57:42 PR 38604  (5321 of 51080)
16:57:44 PR 38603  (5322 of 51080)
16:57:45 PR 38600  (5323 of 51080)
16:57:48 PR 38599  (5324 of 51080)
16:57:49 PR 38597  (5325 of 51080)
16:57:51 PR 38596  (5326 of 51080)
16:57:54 PR 38595  (5327 of 51080)
16:57:56 PR 38594  (5328 of 51080)
16:57:58 PR 38590  (5329 of 51080)
16:57:59 PR 38589  (5330 of 51080)
16:58:01 PR 38588  (5331 of 51080)
16:58:02 PR 38587  (5332 of 51080)
16:58:04 PR 38585  (5333 of 51080)
16:58:06 PR 38584  (5334 of 51080)
16:58:08 PR 38583  (5335 of 51080)
16:58:09 PR 39481  (5336 of 51080)
16:58:11 PR 39480  (5337 of 51080)
16:58:13 PR 39479  (5338 of 51080)
16:58:15 PR 39477  (5339 of 51080)
16:58:16 PR 39476  (5340 of 51080)
16:58:18 PR 39475  (5341 of 51080)
16:58:20 PR 39474  (5342 of 51080)
16:58:22 PR 39473  (5343 of 51080)
16:58:23 PR 39472  (5344 of 51080)
16:58:25 PR 39471  (5345 of 51080)
16:58:30 PR 39470  (5346 of 51080)
16:58:32 PR 39469  (5347 of 51080)
16:58:34 PR 39468  (5348 of 51080)
16:58:37 PR 39467  (5349 of 51080)
16:58:39 PR 39466  (5350 of 51080)
16:58:41 PR 39465  (5351 of 51080)
16:58:43 PR 39462  (5352 of 51080)
16:58:45 PR 39460  (5353 of 51080)
16:58:47 PR 39459  (5354 of 51080)
16:58:49 PR 39456  (5355 of 51080)
16:58:51 PR 39455  (5356 of 51080)
16:58:53 PR 39454  (5357 of 51080)
16:58:54 PR 39453  (5358 of 51080)
16:58:56 PR 39452  (5359 of 51080)
16:58:58 PR 39451  (5360 of 51080)
16:59:00 PR 39450  (5361 of 51080)
16:59:03 PR 39449  (5362 of 51080)
16:59:04 PR 39448  (5363 of 51080)
16:59:06 PR 39447  (5364 of 51080)
16:59:08 PR 39446  (5365 of 51080)
16:59:10 PR 39444  (5366 of 51080)
16:59:12 PR 39442  (5367 of 51080)
16:59:14 PR 39441  (5368 of 51080)
16:59:15 PR 39440  (5369 of 51080)
16:59:17 PR 39439  (5370 of 51080)
16:59:18 PR 39436  (5371 of 51080)
16:59:20 PR 39434  (5372 of 51080)
16:59:22 PR 39433  (5373 of 51080)
16:59:23 PR 39430  (5374 of 51080)
16:59:28 PR 39429  (5375 of 51080)
16:59:30 PR 39428  (5376 of 51080)
16:59:32 PR 39427  (5377 of 51080)
16:59:34 PR 39425  (5378 of 51080)
16:59:35 PR 39424  (5379 of 51080)
16:59:37 PR 39422  (5380 of 51080)
16:59:39 PR 39421  (5381 of 51080)
16:59:41 PR 39417  (5382 of 51080)
16:59:45 PR 39414  (5383 of 51080)
16:59:47 PR 39412  (5384 of 51080)
16:59:49 PR 39411  (5385 of 51080)
16:59:50 PR 39410  (5386 of 51080)
16:59:53 PR 39408  (5387 of 51080)
16:59:54 PR 39407  (5388 of 51080)
16:59:56 PR 39406  (5389 of 51080)
16:59:58 PR 39404  (5390 of 51080)
17:00:00 PR 39403  (5391 of 51080)
17:00:02 PR 39402  (5392 of 51080)
17:00:04 PR 39401  (5393 of 51080)
17:00:06 PR 39398  (5394 of 51080)
17:00:09 PR 39397  (5395 of 51080)
17:00:11 PR 39396  (5396 of 51080)
17:00:14 PR 39393  (5397 of 51080)
17:00:16 PR 39391  (5398 of 51080)
17:00:17 PR 39390  (5399 of 51080)
17:00:19 PR 39387  (5400 of 51080)
17:00:21 PR 39386  (5401 of 51080)
17:00:23 PR 39385  (5402 of 51080)
17:00:25 PR 39384  (5403 of 51080)
17:00:27 PR 39383  (5404 of 51080)
17:00:30 PR 39382  (5405 of 51080)
17:00:32 PR 39381  (5406 of 51080)
17:00:33 PR 39380  (5407 of 51080)
17:00:35 PR 39379  (5408 of 51080)
17:00:36 PR 39377  (5409 of 51080)
17:00:38 PR 39375  (5410 of 51080)
17:00:40 PR 39374  (5411 of 51080)
17:00:42 PR 39373  (5412 of 51080)
17:00:43 PR 39372  (5413 of 51080)
17:00:45 PR 39371  (5414 of 51080)
17:00:47 PR 39370  (5415 of 51080)
17:00:48 PR 39369  (5416 of 51080)
17:00:50 PR 39368  (5417 of 51080)
17:00:52 PR 39367  (5418 of 51080)
17:00:53 PR 39366  (5419 of 51080)
17:00:55 PR 39365  (5420 of 51080)
17:00:57 PR 39364  (5421 of 51080)
17:00:59 PR 39363  (5422 of 51080)
17:01:01 PR 39362  (5423 of 51080)
17:01:03 PR 39357  (5424 of 51080)
17:01:05 PR 39356  (5425 of 51080)
17:01:07 PR 39355  (5426 of 51080)
17:01:09 PR 39354  (5427 of 51080)
17:01:12 PR 39352  (5428 of 51080)
17:01:14 PR 39351  (5429 of 51080)
17:01:16 PR 39350  (5430 of 51080)
17:01:17 PR 39349  (5431 of 51080)
17:01:19 PR 39348  (5432 of 51080)
17:01:21 PR 39346  (5433 of 51080)
17:01:23 PR 39345  (5434 of 51080)
17:01:28 PR 39344  (5435 of 51080)
17:01:29 PR 39343  (5436 of 51080)
17:01:31 PR 39342  (5437 of 51080)
17:01:33 PR 39341  (5438 of 51080)
17:01:34 PR 39339  (5439 of 51080)
17:01:37 PR 39338  (5440 of 51080)
17:01:39 PR 39337  (5441 of 51080)
17:01:41 PR 39336  (5442 of 51080)
17:01:45 PR 39335  (5443 of 51080)
17:01:47 PR 39334  (5444 of 51080)
17:01:49 PR 39333  (5445 of 51080)
17:01:50 PR 39332  (5446 of 51080)
17:01:52 PR 39330  (5447 of 51080)
17:01:54 PR 39329  (5448 of 51080)
17:01:56 PR 39328  (5449 of 51080)
17:01:57 PR 39325  (5450 of 51080)
17:01:59 PR 39324  (5451 of 51080)
17:02:01 PR 39323  (5452 of 51080)
17:02:03 PR 39322  (5453 of 51080)
17:02:04 PR 39321  (5454 of 51080)
17:02:06 PR 39320  (5455 of 51080)
17:02:08 PR 39319  (5456 of 51080)
17:02:10 PR 39318  (5457 of 51080)
17:02:12 PR 39316  (5458 of 51080)
17:02:14 PR 39315  (5459 of 51080)
17:02:15 PR 39313  (5460 of 51080)
17:02:18 PR 39309  (5461 of 51080)
17:02:20 PR 39308  (5462 of 51080)
17:02:22 PR 39305  (5463 of 51080)
17:02:24 PR 39304  (5464 of 51080)
17:02:25 PR 39303  (5465 of 51080)
17:02:27 PR 39302  (5466 of 51080)
17:02:29 PR 39301  (5467 of 51080)
17:02:31 PR 39299  (5468 of 51080)
17:02:36 PR 39295  (5469 of 51080)
17:02:37 PR 39292  (5470 of 51080)
17:02:39 PR 39290  (5471 of 51080)
17:02:41 PR 39288  (5472 of 51080)
17:02:43 PR 39287  (5473 of 51080)
17:02:44 PR 39285  (5474 of 51080)
17:02:46 PR 39283  (5475 of 51080)
17:02:48 PR 39282  (5476 of 51080)
17:02:49 PR 39280  (5477 of 51080)
17:02:51 PR 39278  (5478 of 51080)
17:02:52 PR 39276  (5479 of 51080)
17:02:54 PR 39275  (5480 of 51080)
17:02:56 PR 39274  (5481 of 51080)
17:02:58 PR 39273  (5482 of 51080)
17:03:00 PR 39272  (5483 of 51080)
17:03:02 PR 39271  (5484 of 51080)
17:03:03 PR 39268  (5485 of 51080)
17:03:04 PR 39267  (5486 of 51080)
17:03:06 PR 39266  (5487 of 51080)
17:03:08 PR 39265  (5488 of 51080)
17:03:09 PR 39264  (5489 of 51080)
17:03:11 PR 39259  (5490 of 51080)
17:03:14 PR 39258  (5491 of 51080)
17:03:16 PR 39257  (5492 of 51080)
17:03:17 PR 39256  (5493 of 51080)
17:03:19 PR 39255  (5494 of 51080)
17:03:20 PR 39254  (5495 of 51080)
17:03:22 PR 39251  (5496 of 51080)
17:03:23 PR 39250  (5497 of 51080)
17:03:25 PR 39249  (5498 of 51080)
17:03:27 PR 39248  (5499 of 51080)
17:03:29 PR 39247  (5500 of 51080)
17:03:30 PR 39246  (5501 of 51080)
17:03:32 PR 39245  (5502 of 51080)
17:03:34 PR 39243  (5503 of 51080)
17:03:36 PR 39241  (5504 of 51080)
17:03:38 PR 39239  (5505 of 51080)
17:03:39 PR 39238  (5506 of 51080)
17:03:41 PR 39237  (5507 of 51080)
17:03:45 PR 39236  (5508 of 51080)
17:03:46 PR 39235  (5509 of 51080)
17:03:48 PR 39233  (5510 of 51080)
17:03:49 PR 39232  (5511 of 51080)
17:03:51 PR 39231  (5512 of 51080)
17:03:52 PR 39230  (5513 of 51080)
17:03:54 PR 39229  (5514 of 51080)
17:03:56 PR 39228  (5515 of 51080)
17:03:58 PR 39227  (5516 of 51080)
17:04:00 PR 39226  (5517 of 51080)
17:04:02 PR 39225  (5518 of 51080)
17:04:05 PR 39224  (5519 of 51080)
17:04:06 PR 39223  (5520 of 51080)
17:04:08 PR 39222  (5521 of 51080)
17:04:10 PR 39219  (5522 of 51080)
17:04:12 PR 39218  (5523 of 51080)
17:04:13 PR 39217  (5524 of 51080)
17:04:15 PR 39215  (5525 of 51080)
17:04:17 PR 39214  (5526 of 51080)
17:04:19 PR 39213  (5527 of 51080)
17:04:20 PR 39211  (5528 of 51080)
17:04:22 PR 39210  (5529 of 51080)
17:04:24 PR 39208  (5530 of 51080)
17:04:26 PR 39207  (5531 of 51080)
17:04:27 PR 39204  (5532 of 51080)
17:04:29 PR 39203  (5533 of 51080)
17:04:31 PR 39202  (5534 of 51080)
17:04:32 PR 39201  (5535 of 51080)
17:04:34 PR 39200  (5536 of 51080)
17:04:36 PR 39199  (5537 of 51080)
17:04:37 PR 39198  (5538 of 51080)
17:04:39 PR 39197  (5539 of 51080)
17:04:41 PR 39196  (5540 of 51080)
17:04:43 PR 39193  (5541 of 51080)
17:04:45 PR 39192  (5542 of 51080)
17:04:46 PR 39191  (5543 of 51080)
17:04:48 PR 39189  (5544 of 51080)
17:04:50 PR 39187  (5545 of 51080)
17:04:52 PR 39186  (5546 of 51080)
17:04:53 PR 39183  (5547 of 51080)
17:04:55 PR 39182  (5548 of 51080)
17:04:56 PR 39181  (5549 of 51080)
17:04:58 PR 39177  (5550 of 51080)
17:05:00 PR 39175  (5551 of 51080)
17:05:01 PR 39174  (5552 of 51080)
17:05:03 PR 39173  (5553 of 51080)
17:05:04 PR 39172  (5554 of 51080)
17:05:06 PR 39171  (5555 of 51080)
17:05:08 PR 39169  (5556 of 51080)
17:05:10 PR 39168  (5557 of 51080)
17:05:13 PR 39167  (5558 of 51080)
17:05:15 PR 39166  (5559 of 51080)
17:05:16 PR 39165  (5560 of 51080)
17:05:18 PR 39164  (5561 of 51080)
17:05:19 PR 39163  (5562 of 51080)
17:05:22 PR 39162  (5563 of 51080)
17:05:23 PR 39161  (5564 of 51080)
17:05:25 PR 39160  (5565 of 51080)
17:05:26 PR 39159  (5566 of 51080)
17:05:28 PR 39158  (5567 of 51080)
17:05:29 PR 39157  (5568 of 51080)
17:05:31 PR 39156  (5569 of 51080)
17:05:33 PR 39155  (5570 of 51080)
17:05:35 PR 39154  (5571 of 51080)
17:05:36 PR 39152  (5572 of 51080)
17:05:38 PR 39151  (5573 of 51080)
17:05:39 PR 39150  (5574 of 51080)
17:05:41 PR 39149  (5575 of 51080)
17:05:43 PR 39148  (5576 of 51080)
17:05:45 PR 39147  (5577 of 51080)
17:05:47 PR 39146  (5578 of 51080)
17:05:49 PR 39145  (5579 of 51080)
17:05:51 PR 39143  (5580 of 51080)
17:05:53 PR 39142  (5581 of 51080)
17:05:55 PR 39141  (5582 of 51080)
17:05:57 PR 39140  (5583 of 51080)
17:05:59 PR 39139  (5584 of 51080)
17:06:01 PR 39138  (5585 of 51080)
17:06:03 PR 39137  (5586 of 51080)
17:06:04 PR 39134  (5587 of 51080)
17:06:07 PR 39133  (5588 of 51080)
17:06:09 PR 39130  (5589 of 51080)
17:06:11 PR 39129  (5590 of 51080)
17:06:13 PR 39127  (5591 of 51080)
17:06:14 PR 39126  (5592 of 51080)
17:06:16 PR 39125  (5593 of 51080)
17:06:17 PR 39124  (5594 of 51080)
17:06:20 PR 39122  (5595 of 51080)
17:06:23 PR 39121  (5596 of 51080)
17:06:24 PR 39120  (5597 of 51080)
17:06:26 PR 39119  (5598 of 51080)
17:06:28 PR 39118  (5599 of 51080)
17:06:30 PR 39117  (5600 of 51080)
17:06:33 PR 39116  (5601 of 51080)
17:06:35 PR 39114  (5602 of 51080)
17:06:37 PR 39113  (5603 of 51080)
17:06:39 PR 39112  (5604 of 51080)
17:06:40 PR 39111  (5605 of 51080)
17:06:41 PR 39109  (5606 of 51080)
17:06:43 PR 39108  (5607 of 51080)
17:06:45 PR 39107  (5608 of 51080)
17:06:47 PR 39106  (5609 of 51080)
17:06:49 PR 39105  (5610 of 51080)
17:06:50 PR 39104  (5611 of 51080)
17:06:52 PR 39103  (5612 of 51080)
17:06:54 PR 39102  (5613 of 51080)
17:06:56 PR 39101  (5614 of 51080)
17:06:58 PR 39100  (5615 of 51080)
17:07:03 PR 39099  (5616 of 51080)
17:07:05 PR 39098  (5617 of 51080)
17:07:07 PR 39095  (5618 of 51080)
17:07:08 PR 39094  (5619 of 51080)
17:07:11 PR 39093  (5620 of 51080)
17:07:13 PR 39092  (5621 of 51080)
17:07:15 PR 39091  (5622 of 51080)
17:07:17 PR 39090  (5623 of 51080)
17:07:18 PR 39089  (5624 of 51080)
17:07:20 PR 39088  (5625 of 51080)
17:07:22 PR 39087  (5626 of 51080)
17:07:23 PR 39084  (5627 of 51080)
17:07:25 PR 39083  (5628 of 51080)
17:07:27 PR 39082  (5629 of 51080)
17:07:28 PR 39081  (5630 of 51080)
17:07:30 PR 39080  (5631 of 51080)
17:07:31 PR 39079  (5632 of 51080)
17:07:33 PR 39078  (5633 of 51080)
17:07:35 PR 39077  (5634 of 51080)
17:07:38 PR 39076  (5635 of 51080)
17:07:39 PR 39074  (5636 of 51080)
17:07:41 PR 39073  (5637 of 51080)
17:07:43 PR 39072  (5638 of 51080)
17:07:45 PR 39071  (5639 of 51080)
17:07:47 PR 39070  (5640 of 51080)
17:07:49 PR 39069  (5641 of 51080)
17:07:50 PR 39068  (5642 of 51080)
17:07:52 PR 39067  (5643 of 51080)
17:07:54 PR 39066  (5644 of 51080)
17:07:55 PR 39065  (5645 of 51080)
17:07:57 PR 39063  (5646 of 51080)
17:07:58 PR 39062  (5647 of 51080)
17:08:00 PR 39060  (5648 of 51080)
17:08:02 PR 39059  (5649 of 51080)
17:08:03 PR 39058  (5650 of 51080)
17:08:05 PR 39056  (5651 of 51080)
17:08:07 PR 39055  (5652 of 51080)
17:08:09 PR 39054  (5653 of 51080)
17:08:11 PR 39053  (5654 of 51080)
17:08:13 PR 39050  (5655 of 51080)
17:08:15 PR 39047  (5656 of 51080)
17:08:16 PR 39046  (5657 of 51080)
17:08:18 PR 39045  (5658 of 51080)
17:08:20 PR 39044  (5659 of 51080)
17:08:21 PR 39043  (5660 of 51080)
17:08:23 PR 39042  (5661 of 51080)
17:08:25 PR 39041  (5662 of 51080)
17:08:27 PR 39040  (5663 of 51080)
17:08:28 PR 39039  (5664 of 51080)
17:08:31 PR 39038  (5665 of 51080)
17:08:33 PR 39035  (5666 of 51080)
17:08:36 PR 39034  (5667 of 51080)
17:08:37 PR 39033  (5668 of 51080)
17:08:39 PR 39031  (5669 of 51080)
17:08:40 PR 39030  (5670 of 51080)
17:08:43 PR 39029  (5671 of 51080)
17:08:46 PR 39028  (5672 of 51080)
17:08:47 PR 39027  (5673 of 51080)
17:08:49 PR 39026  (5674 of 51080)
17:08:51 PR 39023  (5675 of 51080)
17:08:53 PR 39021  (5676 of 51080)
17:08:55 PR 39949  (5677 of 51080)
17:08:57 PR 39946  (5678 of 51080)
17:08:58 PR 39945  (5679 of 51080)
17:09:00 PR 39941  (5680 of 51080)
17:09:02 PR 39939  (5681 of 51080)
17:09:04 PR 39938  (5682 of 51080)
17:09:06 PR 39936  (5683 of 51080)
17:09:09 PR 39935  (5684 of 51080)
17:09:11 PR 39933  (5685 of 51080)
17:09:13 PR 39932  (5686 of 51080)
17:09:14 PR 39931  (5687 of 51080)
17:09:16 PR 39930  (5688 of 51080)
17:09:18 PR 39929  (5689 of 51080)
17:09:20 PR 39928  (5690 of 51080)
17:09:22 PR 39927  (5691 of 51080)
17:09:25 PR 39926  (5692 of 51080)
17:09:26 PR 39925  (5693 of 51080)
17:09:28 PR 39921  (5694 of 51080)
17:09:30 PR 39920  (5695 of 51080)
17:09:32 PR 39918  (5696 of 51080)
17:09:33 PR 39917  (5697 of 51080)
17:09:35 PR 39916  (5698 of 51080)
17:09:37 PR 39915  (5699 of 51080)
17:09:38 PR 39914  (5700 of 51080)
17:09:40 PR 39913  (5701 of 51080)
17:09:42 PR 39912  (5702 of 51080)
17:09:44 PR 39911  (5703 of 51080)
17:09:45 PR 39910  (5704 of 51080)
17:09:47 PR 39909  (5705 of 51080)
17:09:49 PR 39907  (5706 of 51080)
17:09:51 PR 39906  (5707 of 51080)
17:09:53 PR 39905  (5708 of 51080)
17:09:55 PR 39903  (5709 of 51080)
17:09:57 PR 39901  (5710 of 51080)
17:09:58 PR 39899  (5711 of 51080)
17:10:00 PR 39898  (5712 of 51080)
17:10:03 PR 39897  (5713 of 51080)
17:10:05 PR 39895  (5714 of 51080)
17:10:07 PR 39894  (5715 of 51080)
17:10:09 PR 39892  (5716 of 51080)
17:10:11 PR 39891  (5717 of 51080)
17:10:13 PR 39890  (5718 of 51080)
17:10:14 PR 39889  (5719 of 51080)
17:10:16 PR 39887  (5720 of 51080)
17:10:18 PR 39886  (5721 of 51080)
17:10:19 PR 39885  (5722 of 51080)
17:10:21 PR 39884  (5723 of 51080)
17:10:23 PR 39881  (5724 of 51080)
17:10:24 PR 39880  (5725 of 51080)
17:10:26 PR 39878  (5726 of 51080)
17:10:28 PR 39877  (5727 of 51080)
17:10:29 PR 39876  (5728 of 51080)
17:10:31 PR 39861  (5729 of 51080)
17:10:33 PR 39860  (5730 of 51080)
17:10:35 PR 39819  (5731 of 51080)
17:10:37 PR 39816  (5732 of 51080)
17:10:39 PR 39803  (5733 of 51080)
17:10:41 PR 39802  (5734 of 51080)
17:10:43 PR 39801  (5735 of 51080)
17:10:44 PR 39800  (5736 of 51080)
17:10:46 PR 39799  (5737 of 51080)
17:10:49 PR 39798  (5738 of 51080)
17:10:50 PR 39796  (5739 of 51080)
17:10:53 PR 39794  (5740 of 51080)
17:10:55 PR 39793  (5741 of 51080)
17:10:57 PR 39792  (5742 of 51080)
17:10:59 PR 39791  (5743 of 51080)
17:11:00 PR 39790  (5744 of 51080)
17:11:03 PR 39789  (5745 of 51080)
17:11:06 PR 39788  (5746 of 51080)
17:11:09 PR 39787  (5747 of 51080)
17:11:11 PR 39786  (5748 of 51080)
17:11:13 PR 39785  (5749 of 51080)
17:11:14 PR 39784  (5750 of 51080)
17:11:16 PR 39783  (5751 of 51080)
17:11:18 PR 39782  (5752 of 51080)
17:11:19 PR 39781  (5753 of 51080)
17:11:21 PR 39779  (5754 of 51080)
17:11:22 PR 39778  (5755 of 51080)
17:11:25 PR 39777  (5756 of 51080)
17:11:26 PR 39776  (5757 of 51080)
17:11:28 PR 39773  (5758 of 51080)
17:11:30 PR 39772  (5759 of 51080)
17:11:32 PR 39771  (5760 of 51080)
17:11:37 PR 39770  (5761 of 51080)
17:11:39 PR 39769  (5762 of 51080)
17:11:40 PR 39768  (5763 of 51080)
17:11:43 PR 39767  (5764 of 51080)
17:11:45 PR 39766  (5765 of 51080)
17:11:47 PR 39765  (5766 of 51080)
17:11:48 PR 39764  (5767 of 51080)
17:11:50 PR 39763  (5768 of 51080)
17:11:52 PR 39762  (5769 of 51080)
17:11:54 PR 39761  (5770 of 51080)
17:11:56 PR 39760  (5771 of 51080)
17:11:58 PR 39759  (5772 of 51080)
17:11:59 PR 39757  (5773 of 51080)
17:12:02 PR 39755  (5774 of 51080)
17:12:03 PR 39752  (5775 of 51080)
17:12:05 PR 39751  (5776 of 51080)
17:12:07 PR 39750  (5777 of 51080)
17:12:08 PR 39749  (5778 of 51080)
17:12:10 PR 39748  (5779 of 51080)
17:12:12 PR 39747  (5780 of 51080)
17:12:14 PR 39746  (5781 of 51080)
17:12:16 PR 39745  (5782 of 51080)
17:12:18 PR 39744  (5783 of 51080)
17:12:20 PR 39743  (5784 of 51080)
17:12:22 PR 39742  (5785 of 51080)
17:12:24 PR 39741  (5786 of 51080)
17:12:26 PR 39737  (5787 of 51080)
17:12:28 PR 39736  (5788 of 51080)
17:12:29 PR 39735  (5789 of 51080)
17:12:31 PR 39734  (5790 of 51080)
17:12:33 PR 39731  (5791 of 51080)
17:12:35 PR 39730  (5792 of 51080)
17:12:36 PR 39729  (5793 of 51080)
17:12:38 PR 39727  (5794 of 51080)
17:12:40 PR 39725  (5795 of 51080)
17:12:41 PR 39724  (5796 of 51080)
17:12:43 PR 39722  (5797 of 51080)
17:12:45 PR 39719  (5798 of 51080)
17:12:47 PR 39717  (5799 of 51080)
17:12:48 PR 39715  (5800 of 51080)
17:12:52 PR 39714  (5801 of 51080)
17:12:54 PR 39711  (5802 of 51080)
17:12:55 PR 39710  (5803 of 51080)
17:12:57 PR 39708  (5804 of 51080)
17:12:59 PR 39706  (5805 of 51080)
17:13:01 PR 39702  (5806 of 51080)
17:13:03 PR 39701  (5807 of 51080)
17:13:05 PR 39700  (5808 of 51080)
17:13:07 PR 39699  (5809 of 51080)
17:13:08 PR 39698  (5810 of 51080)
17:13:10 PR 39697  (5811 of 51080)
17:13:12 PR 39696  (5812 of 51080)
17:13:15 PR 39694  (5813 of 51080)
17:13:16 PR 39693  (5814 of 51080)
17:13:18 PR 39692  (5815 of 51080)
17:13:21 PR 39690  (5816 of 51080)
17:13:23 PR 39689  (5817 of 51080)
17:13:25 PR 39688  (5818 of 51080)
17:13:26 PR 39686  (5819 of 51080)
17:13:29 PR 39685  (5820 of 51080)
17:13:31 PR 39684  (5821 of 51080)
17:13:33 PR 39683  (5822 of 51080)
17:13:35 PR 39682  (5823 of 51080)
17:13:37 PR 39681  (5824 of 51080)
17:13:42 PR 39678  (5825 of 51080)
17:13:46 PR 39677  (5826 of 51080)
17:13:48 PR 39676  (5827 of 51080)
17:13:50 PR 39674  (5828 of 51080)
17:13:51 PR 39673  (5829 of 51080)
17:13:53 PR 39671  (5830 of 51080)
17:13:55 PR 39670  (5831 of 51080)
17:13:56 PR 39669  (5832 of 51080)
17:13:58 PR 39668  (5833 of 51080)
17:14:00 PR 39667  (5834 of 51080)
17:14:01 PR 39666  (5835 of 51080)
17:14:03 PR 39665  (5836 of 51080)
17:14:06 PR 39664  (5837 of 51080)
17:14:08 PR 39663  (5838 of 51080)
17:14:10 PR 39662  (5839 of 51080)
17:14:12 PR 39661  (5840 of 51080)
17:14:15 PR 39659  (5841 of 51080)
17:14:17 PR 39658  (5842 of 51080)
17:14:19 PR 39657  (5843 of 51080)
17:14:21 PR 39656  (5844 of 51080)
17:14:22 PR 39654  (5845 of 51080)
17:14:24 PR 39653  (5846 of 51080)
17:14:26 PR 39652  (5847 of 51080)
17:14:28 PR 39651  (5848 of 51080)
17:14:29 PR 39650  (5849 of 51080)
17:14:31 PR 39648  (5850 of 51080)
17:14:33 PR 39647  (5851 of 51080)
17:14:34 PR 39646  (5852 of 51080)
17:14:36 PR 39644  (5853 of 51080)
17:14:38 PR 39639  (5854 of 51080)
17:14:40 PR 39638  (5855 of 51080)
17:14:41 PR 39637  (5856 of 51080)
17:14:43 PR 39636  (5857 of 51080)
17:14:45 PR 39635  (5858 of 51080)
17:14:46 PR 39634  (5859 of 51080)
17:14:49 PR 39633  (5860 of 51080)
17:14:50 PR 39632  (5861 of 51080)
17:14:53 PR 39631  (5862 of 51080)
17:14:55 PR 39630  (5863 of 51080)
17:14:57 PR 39628  (5864 of 51080)
17:14:59 PR 39625  (5865 of 51080)
17:15:02 PR 39623  (5866 of 51080)
17:15:03 PR 39622  (5867 of 51080)
17:15:05 PR 39621  (5868 of 51080)
17:15:06 PR 39620  (5869 of 51080)
17:15:09 PR 39618  (5870 of 51080)
17:15:10 PR 39617  (5871 of 51080)
17:15:12 PR 39616  (5872 of 51080)
17:15:14 PR 39615  (5873 of 51080)
17:15:16 PR 39614  (5874 of 51080)
17:15:18 PR 39613  (5875 of 51080)
17:15:20 PR 39612  (5876 of 51080)
17:15:22 PR 39611  (5877 of 51080)
17:15:24 PR 39610  (5878 of 51080)
17:15:26 PR 39606  (5879 of 51080)
17:15:27 PR 39605  (5880 of 51080)
17:15:30 PR 39603  (5881 of 51080)
17:15:32 PR 39602  (5882 of 51080)
17:15:34 PR 39600  (5883 of 51080)
17:15:36 PR 39599  (5884 of 51080)
17:15:37 PR 39597  (5885 of 51080)
17:15:39 PR 39596  (5886 of 51080)
17:15:41 PR 39593  (5887 of 51080)
17:15:43 PR 39592  (5888 of 51080)
17:15:44 PR 39591  (5889 of 51080)
17:15:46 PR 39590  (5890 of 51080)
17:15:49 PR 39589  (5891 of 51080)
17:15:51 PR 39586  (5892 of 51080)
17:15:53 PR 39584  (5893 of 51080)
17:15:54 PR 39583  (5894 of 51080)
17:15:56 PR 39582  (5895 of 51080)
17:15:58 PR 39581  (5896 of 51080)
17:16:00 PR 39580  (5897 of 51080)
17:16:02 PR 39579  (5898 of 51080)
17:16:04 PR 39578  (5899 of 51080)
17:16:06 PR 39577  (5900 of 51080)
17:16:08 PR 39576  (5901 of 51080)
17:16:10 PR 39574  (5902 of 51080)
17:16:12 PR 39573  (5903 of 51080)
17:16:13 PR 39572  (5904 of 51080)
17:16:15 PR 39570  (5905 of 51080)
17:16:17 PR 39567  (5906 of 51080)
17:16:19 PR 39566  (5907 of 51080)
17:16:21 PR 39564  (5908 of 51080)
17:16:23 PR 39563  (5909 of 51080)
17:16:25 PR 39562  (5910 of 51080)
17:16:27 PR 39561  (5911 of 51080)
17:16:28 PR 39560  (5912 of 51080)
17:16:30 PR 39559  (5913 of 51080)
17:16:31 PR 39558  (5914 of 51080)
17:16:33 PR 39556  (5915 of 51080)
17:16:35 PR 39555  (5916 of 51080)
17:16:37 PR 39554  (5917 of 51080)
17:16:39 PR 39553  (5918 of 51080)
17:16:41 PR 39552  (5919 of 51080)
17:16:42 PR 39551  (5920 of 51080)
17:16:44 PR 39550  (5921 of 51080)
17:16:46 PR 39548  (5922 of 51080)
17:16:48 PR 39547  (5923 of 51080)
17:16:50 PR 39545  (5924 of 51080)
17:16:51 PR 39544  (5925 of 51080)
17:16:53 PR 39543  (5926 of 51080)
17:16:55 PR 39542  (5927 of 51080)
17:16:57 PR 39539  (5928 of 51080)
17:16:59 PR 39535  (5929 of 51080)
17:17:04 PR 39534  (5930 of 51080)
17:17:06 PR 39532  (5931 of 51080)
17:17:08 PR 39531  (5932 of 51080)
17:17:10 PR 39529  (5933 of 51080)
17:17:12 PR 39528  (5934 of 51080)
17:17:14 PR 39527  (5935 of 51080)
17:17:15 PR 39526  (5936 of 51080)
17:17:18 PR 39525  (5937 of 51080)
17:17:19 PR 39524  (5938 of 51080)
17:17:21 PR 39522  (5939 of 51080)
17:17:22 PR 39521  (5940 of 51080)
17:17:25 PR 39519  (5941 of 51080)
17:17:27 PR 39517  (5942 of 51080)
17:17:29 PR 39515  (5943 of 51080)
17:17:31 PR 39514  (5944 of 51080)
17:17:32 PR 39513  (5945 of 51080)
17:17:34 PR 39511  (5946 of 51080)
17:17:36 PR 39510  (5947 of 51080)
17:17:38 PR 39509  (5948 of 51080)
17:17:40 PR 39508  (5949 of 51080)
17:17:42 PR 39507  (5950 of 51080)
17:17:44 PR 39504  (5951 of 51080)
18:05:11 starting - 5951 PRs already saved, skipping those
18:05:11 reusing cached list of 51080 PR numbers
18:05:13 PR 39502  (5952 of 51080)
18:05:14 PR 39501  (5953 of 51080)
18:05:16 PR 39500  (5954 of 51080)
18:05:17 PR 39492  (5955 of 51080)
18:05:19 PR 39489  (5956 of 51080)
18:05:21 PR 39488  (5957 of 51080)
18:05:23 PR 39485  (5958 of 51080)
18:05:25 PR 39484  (5959 of 51080)
18:05:26 PR 39482  (5960 of 51080)
18:05:28 PR 40370  (5961 of 51080)
18:05:30 PR 40368  (5962 of 51080)
18:05:32 PR 40366  (5963 of 51080)
18:05:36 PR 40365  (5964 of 51080)
18:05:38 PR 40364  (5965 of 51080)
18:05:39 PR 40363  (5966 of 51080)
18:05:41 PR 40362  (5967 of 51080)
18:05:43 PR 40361  (5968 of 51080)
18:05:44 PR 40359  (5969 of 51080)
18:05:46 PR 40358  (5970 of 51080)
18:05:49 PR 40355  (5971 of 51080)
18:05:51 PR 40354  (5972 of 51080)
18:05:53 PR 40353  (5973 of 51080)
18:05:55 PR 40352  (5974 of 51080)
18:05:56 PR 40351  (5975 of 51080)
18:05:58 PR 40349  (5976 of 51080)
18:06:00 PR 40347  (5977 of 51080)
18:06:01 PR 40346  (5978 of 51080)
18:06:03 PR 40345  (5979 of 51080)
18:06:05 PR 40342  (5980 of 51080)
18:06:07 PR 40341  (5981 of 51080)
18:06:08 PR 40340  (5982 of 51080)
18:06:10 PR 40339  (5983 of 51080)
18:06:12 PR 40338  (5984 of 51080)
18:06:14 PR 40337  (5985 of 51080)
18:06:15 PR 40335  (5986 of 51080)
18:06:17 PR 40334  (5987 of 51080)
18:06:18 PR 40333  (5988 of 51080)
18:06:20 PR 40332  (5989 of 51080)
18:06:22 PR 40331  (5990 of 51080)
18:06:24 PR 40330  (5991 of 51080)
18:06:25 PR 40328  (5992 of 51080)
18:06:27 PR 40327  (5993 of 51080)
18:06:28 PR 40326  (5994 of 51080)
18:06:31 PR 40325  (5995 of 51080)
18:06:33 PR 40324  (5996 of 51080)
18:06:35 PR 40323  (5997 of 51080)
18:06:37 PR 40322  (5998 of 51080)
18:06:39 PR 40321  (5999 of 51080)
18:06:43 PR 40320  (6000 of 51080)
18:06:45 PR 40319  (6001 of 51080)
18:06:46 PR 40318  (6002 of 51080)
18:06:48 PR 40315  (6003 of 51080)
18:06:50 PR 40314  (6004 of 51080)
18:06:52 PR 40313  (6005 of 51080)
18:06:54 PR 40312  (6006 of 51080)
18:06:55 PR 40311  (6007 of 51080)
18:06:57 PR 40310  (6008 of 51080)
18:07:00 PR 40308  (6009 of 51080)
18:07:01 PR 40307  (6010 of 51080)
18:07:03 PR 40305  (6011 of 51080)
18:07:05 PR 40304  (6012 of 51080)
18:07:06 PR 40303  (6013 of 51080)
18:07:08 PR 40302  (6014 of 51080)
18:07:09 PR 40301  (6015 of 51080)
18:07:12 PR 40300  (6016 of 51080)
18:07:14 PR 40299  (6017 of 51080)
18:07:15 PR 40297  (6018 of 51080)
18:07:18 PR 40296  (6019 of 51080)
18:07:19 PR 40295  (6020 of 51080)
18:07:22 PR 40294  (6021 of 51080)
18:07:24 PR 40293  (6022 of 51080)
18:07:27 PR 40292  (6023 of 51080)
18:07:29 PR 40291  (6024 of 51080)
18:07:31 PR 40289  (6025 of 51080)
18:07:32 PR 40288  (6026 of 51080)
18:07:35 PR 40287  (6027 of 51080)
18:07:36 PR 40286  (6028 of 51080)
18:07:39 PR 40285  (6029 of 51080)
18:07:43 PR 40283  (6030 of 51080)
18:07:44 PR 40282  (6031 of 51080)
18:07:46 PR 40281  (6032 of 51080)
18:07:49 PR 40280  (6033 of 51080)
18:07:50 PR 40279  (6034 of 51080)
18:07:52 PR 40276  (6035 of 51080)
18:07:54 PR 40274  (6036 of 51080)
18:07:59 PR 40273  (6037 of 51080)
18:08:00 PR 40271  (6038 of 51080)
18:08:02 PR 40270  (6039 of 51080)
18:08:04 PR 40269  (6040 of 51080)
18:08:06 PR 40268  (6041 of 51080)
18:08:08 PR 40266  (6042 of 51080)
18:08:09 PR 40265  (6043 of 51080)
18:08:11 PR 40264  (6044 of 51080)
18:08:13 PR 40263  (6045 of 51080)
18:08:15 PR 40262  (6046 of 51080)
18:08:17 PR 40261  (6047 of 51080)
18:08:18 PR 40258  (6048 of 51080)
18:08:21 PR 40257  (6049 of 51080)
18:08:23 PR 40255  (6050 of 51080)
18:08:25 PR 40253  (6051 of 51080)
18:08:26 PR 40252  (6052 of 51080)
18:08:29 PR 40251  (6053 of 51080)
18:08:30 PR 40250  (6054 of 51080)
18:08:32 PR 40249  (6055 of 51080)
18:08:34 PR 40248  (6056 of 51080)
18:08:35 PR 40246  (6057 of 51080)
18:08:37 PR 40245  (6058 of 51080)
18:08:40 PR 40242  (6059 of 51080)
18:08:42 PR 40241  (6060 of 51080)
18:08:44 PR 40240  (6061 of 51080)
18:08:45 PR 40239  (6062 of 51080)
18:08:47 PR 40238  (6063 of 51080)
18:08:50 PR 40234  (6064 of 51080)
18:08:52 PR 40233  (6065 of 51080)
18:08:54 PR 40232  (6066 of 51080)
18:08:55 PR 40230  (6067 of 51080)
18:08:57 PR 40229  (6068 of 51080)
18:08:59 PR 40228  (6069 of 51080)
18:09:01 PR 40227  (6070 of 51080)
18:09:03 PR 40226  (6071 of 51080)
18:09:05 PR 40225  (6072 of 51080)
18:09:07 PR 40224  (6073 of 51080)
18:09:08 PR 40222  (6074 of 51080)
18:09:10 PR 40221  (6075 of 51080)
18:09:14 PR 40220  (6076 of 51080)
18:09:15 PR 40219  (6077 of 51080)
18:09:17 PR 40218  (6078 of 51080)
18:09:19 PR 40217  (6079 of 51080)
18:09:20 PR 40214  (6080 of 51080)
18:09:22 PR 40213  (6081 of 51080)
18:09:24 PR 40212  (6082 of 51080)
18:09:25 PR 40211  (6083 of 51080)
18:09:28 PR 40210  (6084 of 51080)
18:09:29 PR 40207  (6085 of 51080)
18:09:31 PR 40205  (6086 of 51080)
18:09:33 PR 40203  (6087 of 51080)
18:09:34 PR 40200  (6088 of 51080)
18:09:36 PR 40199  (6089 of 51080)
18:09:37 PR 40196  (6090 of 51080)
18:09:40 PR 40194  (6091 of 51080)
18:09:42 PR 40193  (6092 of 51080)
18:09:43 PR 40192  (6093 of 51080)
18:09:45 PR 40191  (6094 of 51080)
18:09:47 PR 40188  (6095 of 51080)
18:09:50 PR 40187  (6096 of 51080)
18:09:52 PR 40186  (6097 of 51080)
18:09:54 PR 40185  (6098 of 51080)
18:09:56 PR 40184  (6099 of 51080)
18:09:58 PR 40183  (6100 of 51080)
18:09:59 PR 40182  (6101 of 51080)
18:10:02 PR 40181  (6102 of 51080)
18:10:03 PR 40180  (6103 of 51080)
18:10:05 PR 40179  (6104 of 51080)
18:10:06 PR 40178  (6105 of 51080)
18:10:08 PR 40177  (6106 of 51080)
18:10:10 PR 40176  (6107 of 51080)
18:10:12 PR 40175  (6108 of 51080)
18:10:14 PR 40174  (6109 of 51080)
18:10:15 PR 40173  (6110 of 51080)
18:10:18 PR 40172  (6111 of 51080)
18:10:20 PR 40171  (6112 of 51080)
18:20:01 PR 40170  (6113 of 51080)
18:20:03 PR 40168  (6114 of 51080)
18:20:05 PR 40165  (6115 of 51080)
18:20:07 PR 40164  (6116 of 51080)
18:20:09 PR 40162  (6117 of 51080)
18:20:11 PR 40161  (6118 of 51080)
18:20:12 PR 40160  (6119 of 51080)
18:20:14 PR 40158  (6120 of 51080)
18:20:16 PR 40157  (6121 of 51080)
18:20:18 PR 40156  (6122 of 51080)
18:20:19 PR 40155  (6123 of 51080)
18:20:21 PR 40154  (6124 of 51080)
18:20:23 PR 40151  (6125 of 51080)
18:20:25 PR 40150  (6126 of 51080)
18:20:26 PR 40149  (6127 of 51080)
18:20:28 PR 40148  (6128 of 51080)
18:20:30 PR 40147  (6129 of 51080)
18:20:31 PR 40145  (6130 of 51080)
18:20:34 PR 40144  (6131 of 51080)
18:20:36 PR 40143  (6132 of 51080)
18:20:38 PR 40142  (6133 of 51080)
18:20:39 PR 40141  (6134 of 51080)
18:20:41 PR 40140  (6135 of 51080)
18:20:43 PR 40139  (6136 of 51080)
18:20:45 PR 40137  (6137 of 51080)
18:20:46 PR 40136  (6138 of 51080)
18:20:48 PR 40135  (6139 of 51080)
18:20:50 PR 40134  (6140 of 51080)
18:20:52 PR 40132  (6141 of 51080)
18:20:53 PR 40131  (6142 of 51080)
18:20:55 PR 40128  (6143 of 51080)
18:20:56 PR 40127  (6144 of 51080)
18:20:58 PR 40126  (6145 of 51080)
18:21:00 PR 40125  (6146 of 51080)
18:21:01 PR 40123  (6147 of 51080)
18:21:03 PR 40122  (6148 of 51080)
18:21:05 PR 40121  (6149 of 51080)
18:21:06 PR 40120  (6150 of 51080)
18:21:08 PR 40118  (6151 of 51080)
18:21:10 PR 40117  (6152 of 51080)
18:21:12 PR 40113  (6153 of 51080)
18:21:14 PR 40112  (6154 of 51080)
18:21:15 PR 40111  (6155 of 51080)
18:21:17 PR 40110  (6156 of 51080)
18:21:19 PR 40109  (6157 of 51080)
18:21:21 PR 40108  (6158 of 51080)
18:21:22 PR 40106  (6159 of 51080)
18:21:24 PR 40105  (6160 of 51080)
18:21:26 PR 40104  (6161 of 51080)
18:21:28 PR 40103  (6162 of 51080)
18:21:29 PR 40102  (6163 of 51080)
18:21:31 PR 40100  (6164 of 51080)
18:21:33 PR 40098  (6165 of 51080)
18:21:35 PR 40097  (6166 of 51080)
18:21:37 PR 40096  (6167 of 51080)
18:21:39 PR 40095  (6168 of 51080)
18:21:40 PR 40094  (6169 of 51080)
18:21:42 PR 40093  (6170 of 51080)
18:21:44 PR 40092  (6171 of 51080)
18:21:45 PR 40090  (6172 of 51080)
18:21:47 PR 40088  (6173 of 51080)
18:21:49 PR 40087  (6174 of 51080)
18:21:51 PR 40086  (6175 of 51080)
18:21:54 PR 40085  (6176 of 51080)
18:21:55 PR 40083  (6177 of 51080)
18:21:57 PR 40082  (6178 of 51080)
18:21:59 PR 40081  (6179 of 51080)
18:22:00 PR 40080  (6180 of 51080)
18:22:03 PR 40079  (6181 of 51080)
18:22:04 PR 40078  (6182 of 51080)
18:22:06 PR 40075  (6183 of 51080)
18:22:09 PR 40073  (6184 of 51080)
18:22:11 PR 40072  (6185 of 51080)
18:22:12 PR 40071  (6186 of 51080)
18:22:14 PR 40067  (6187 of 51080)
18:22:16 PR 40066  (6188 of 51080)
18:22:18 PR 40064  (6189 of 51080)
18:22:19 PR 40063  (6190 of 51080)
18:22:21 PR 40062  (6191 of 51080)
18:22:23 PR 40061  (6192 of 51080)
18:22:25 PR 40060  (6193 of 51080)
18:22:27 PR 40059  (6194 of 51080)
18:22:30 PR 40058  (6195 of 51080)
18:22:32 PR 40057  (6196 of 51080)
18:22:35 PR 40056  (6197 of 51080)
18:22:37 PR 40055  (6198 of 51080)
18:22:38 PR 40054  (6199 of 51080)
18:22:39 PR 40053  (6200 of 51080)
18:22:41 PR 40052  (6201 of 51080)
18:22:43 PR 40051  (6202 of 51080)
18:22:45 PR 40050  (6203 of 51080)
18:22:47 PR 40049  (6204 of 51080)
18:22:48 PR 40048  (6205 of 51080)
18:22:50 PR 40047  (6206 of 51080)
18:22:52 PR 40046  (6207 of 51080)
18:22:53 PR 40045  (6208 of 51080)
18:22:55 PR 40044  (6209 of 51080)
18:22:56 PR 40043  (6210 of 51080)
18:22:58 PR 40041  (6211 of 51080)
18:23:00 PR 40038  (6212 of 51080)
18:23:02 PR 40036  (6213 of 51080)
18:23:04 PR 40035  (6214 of 51080)
18:23:05 PR 40034  (6215 of 51080)
18:23:07 PR 40033  (6216 of 51080)
18:23:08 PR 40032  (6217 of 51080)
18:23:12 PR 40031  (6218 of 51080)
18:23:14 PR 40029  (6219 of 51080)
18:23:16 PR 40028  (6220 of 51080)
18:23:19 PR 40027  (6221 of 51080)
18:23:21 PR 40025  (6222 of 51080)
18:23:23 PR 40024  (6223 of 51080)
18:23:24 PR 40022  (6224 of 51080)
18:23:26 PR 40017  (6225 of 51080)
18:23:28 PR 40016  (6226 of 51080)
18:23:29 PR 40015  (6227 of 51080)
18:23:31 PR 40014  (6228 of 51080)
18:23:33 PR 40013  (6229 of 51080)
18:23:35 PR 40012  (6230 of 51080)
18:23:36 PR 40011  (6231 of 51080)
18:23:39 PR 40010  (6232 of 51080)
18:23:41 PR 40008  (6233 of 51080)
18:23:45 PR 40006  (6234 of 51080)
18:23:47 PR 40005  (6235 of 51080)
18:23:49 PR 40004  (6236 of 51080)
18:23:50 PR 40002  (6237 of 51080)
18:23:52 PR 40001  (6238 of 51080)
18:23:54 PR 39999  (6239 of 51080)
18:23:55 PR 39998  (6240 of 51080)
18:23:57 PR 39997  (6241 of 51080)
18:23:58 PR 39996  (6242 of 51080)
18:24:00 PR 39995  (6243 of 51080)
18:24:02 PR 39994  (6244 of 51080)
18:24:05 PR 39993  (6245 of 51080)
18:24:08 PR 39991  (6246 of 51080)
18:24:10 PR 39990  (6247 of 51080)
18:24:11 PR 39988  (6248 of 51080)
18:24:13 PR 39987  (6249 of 51080)
18:24:15 PR 39986  (6250 of 51080)
18:24:17 PR 39984  (6251 of 51080)
18:24:19 PR 39983  (6252 of 51080)
18:24:21 PR 39981  (6253 of 51080)
18:24:23 PR 39980  (6254 of 51080)
18:24:24 PR 39979  (6255 of 51080)
18:24:26 PR 39977  (6256 of 51080)
18:24:28 PR 39976  (6257 of 51080)
18:24:30 PR 39975  (6258 of 51080)
18:24:33 PR 39974  (6259 of 51080)
18:24:35 PR 39972  (6260 of 51080)
18:24:37 PR 39970  (6261 of 51080)
18:24:38 PR 39967  (6262 of 51080)
18:24:40 PR 39966  (6263 of 51080)
18:24:41 PR 39965  (6264 of 51080)
18:24:44 PR 39964  (6265 of 51080)
18:24:46 PR 39963  (6266 of 51080)
18:24:47 PR 39962  (6267 of 51080)
18:24:51 PR 39961  (6268 of 51080)
18:24:53 PR 39960  (6269 of 51080)
18:24:55 PR 39959  (6270 of 51080)
18:24:57 PR 39958  (6271 of 51080)
18:24:59 PR 39957  (6272 of 51080)
18:25:01 PR 39956  (6273 of 51080)
18:25:04 PR 39955  (6274 of 51080)
18:25:05 PR 39954  (6275 of 51080)
18:25:07 PR 39953  (6276 of 51080)
18:25:09 PR 39952  (6277 of 51080)
18:25:12 PR 39951  (6278 of 51080)
18:25:13 PR 39950  (6279 of 51080)
18:25:15 PR 40794  (6280 of 51080)
18:25:17 PR 40793  (6281 of 51080)
18:25:19 PR 40792  (6282 of 51080)
18:25:21 PR 40791  (6283 of 51080)
18:32:26 PR 40790  (6284 of 51080)
23:59:38 starting - 6284 PRs already saved, skipping those
23:59:38 reusing cached list of 51080 PR numbers
23:59:41 PR 40789  (6285 of 51080)
23:59:42 PR 40787  (6286 of 51080)
23:59:44 PR 40786  (6287 of 51080)
23:59:47 PR 40784  (6288 of 51080)
23:59:50 PR 40782  (6289 of 51080)
23:59:52 PR 40780  (6290 of 51080)
23:59:55 PR 40779  (6291 of 51080)
23:59:57 PR 40778  (6292 of 51080)
23:59:59 PR 40773  (6293 of 51080)
00:00:01 PR 40772  (6294 of 51080)
00:00:03 PR 40771  (6295 of 51080)
00:00:06 PR 40769  (6296 of 51080)
00:00:08 PR 40768  (6297 of 51080)
00:00:10 PR 40767  (6298 of 51080)
00:00:13 PR 40766  (6299 of 51080)
00:00:16 PR 40765  (6300 of 51080)
00:00:18 PR 40764  (6301 of 51080)
00:00:21 PR 40762  (6302 of 51080)
00:00:23 PR 40760  (6303 of 51080)
00:00:25 PR 40757  (6304 of 51080)
00:00:27 PR 40755  (6305 of 51080)
00:00:29 PR 40754  (6306 of 51080)
00:00:31 PR 40753  (6307 of 51080)
00:00:34 PR 40752  (6308 of 51080)
00:00:36 PR 40751  (6309 of 51080)
00:00:38 PR 40750  (6310 of 51080)
00:00:41 PR 40749  (6311 of 51080)
00:00:43 PR 40748  (6312 of 51080)
00:00:46 PR 40747  (6313 of 51080)
00:00:48 PR 40746  (6314 of 51080)
00:00:49 PR 40745  (6315 of 51080)
00:00:51 PR 40743  (6316 of 51080)
00:00:53 PR 40742  (6317 of 51080)
00:00:56 PR 40741  (6318 of 51080)
00:00:58 PR 40739  (6319 of 51080)
00:01:00 PR 40738  (6320 of 51080)
00:01:03 PR 40737  (6321 of 51080)
00:01:05 PR 40736  (6322 of 51080)
00:01:08 PR 40735  (6323 of 51080)
00:01:10 PR 40734  (6324 of 51080)
00:01:12 PR 40733  (6325 of 51080)
00:01:14 PR 40732  (6326 of 51080)
00:01:17 PR 40731  (6327 of 51080)
00:01:20 PR 40728  (6328 of 51080)
00:01:22 PR 40727  (6329 of 51080)
00:01:25 PR 40725  (6330 of 51080)
00:01:27 PR 40723  (6331 of 51080)
00:01:29 PR 40722  (6332 of 51080)
00:01:31 PR 40720  (6333 of 51080)
00:01:33 PR 40719  (6334 of 51080)
00:01:36 PR 40718  (6335 of 51080)
00:01:38 PR 40713  (6336 of 51080)
00:01:40 PR 40712  (6337 of 51080)
00:01:42 PR 40711  (6338 of 51080)
00:01:44 PR 40710  (6339 of 51080)
00:01:46 PR 40709  (6340 of 51080)
00:01:49 PR 40708  (6341 of 51080)
00:01:53 PR 40707  (6342 of 51080)
00:01:55 PR 40706  (6343 of 51080)
00:01:57 PR 40705  (6344 of 51080)
00:02:03 PR 40704  (6345 of 51080)
00:02:08 PR 40702  (6346 of 51080)
00:02:10 PR 40701  (6347 of 51080)
00:02:12 PR 40700  (6348 of 51080)
00:02:14 PR 40699  (6349 of 51080)
00:02:16 PR 40698  (6350 of 51080)
00:02:18 PR 40697  (6351 of 51080)
00:02:21 PR 40696  (6352 of 51080)
00:02:23 PR 40695  (6353 of 51080)
00:02:25 PR 40693  (6354 of 51080)
00:02:28 PR 40692  (6355 of 51080)
00:02:30 PR 40690  (6356 of 51080)
00:02:32 PR 40689  (6357 of 51080)
00:02:35 PR 40687  (6358 of 51080)
00:02:37 PR 40685  (6359 of 51080)
00:02:39 PR 40684  (6360 of 51080)
00:02:42 PR 40683  (6361 of 51080)
00:02:44 PR 40682  (6362 of 51080)
00:02:46 PR 40680  (6363 of 51080)
00:02:48 PR 40678  (6364 of 51080)
00:02:50 PR 40677  (6365 of 51080)
00:02:53 PR 40676  (6366 of 51080)
00:02:56 PR 40675  (6367 of 51080)
00:02:58 PR 40674  (6368 of 51080)
00:03:00 PR 40673  (6369 of 51080)
00:03:03 PR 40671  (6370 of 51080)
00:03:06 PR 40670  (6371 of 51080)
00:03:08 PR 40669  (6372 of 51080)
00:03:10 PR 40667  (6373 of 51080)
00:03:12 PR 40665  (6374 of 51080)
00:03:14 PR 40662  (6375 of 51080)
00:03:16 PR 40661  (6376 of 51080)
00:03:18 PR 40660  (6377 of 51080)
00:03:22 PR 40659  (6378 of 51080)
00:03:24 PR 40656  (6379 of 51080)
00:03:26 PR 40655  (6380 of 51080)
00:03:28 PR 40654  (6381 of 51080)
00:03:30 PR 40653  (6382 of 51080)
00:03:32 PR 40652  (6383 of 51080)
00:03:34 PR 40651  (6384 of 51080)
00:03:36 PR 40650  (6385 of 51080)
00:03:38 PR 40648  (6386 of 51080)
00:03:40 PR 40647  (6387 of 51080)
00:03:42 PR 40645  (6388 of 51080)
00:03:44 PR 40644  (6389 of 51080)
00:03:46 PR 40641  (6390 of 51080)
00:03:49 PR 40639  (6391 of 51080)
00:03:52 PR 40637  (6392 of 51080)
00:03:54 PR 40636  (6393 of 51080)
00:03:56 PR 40634  (6394 of 51080)
00:03:58 PR 40632  (6395 of 51080)
00:04:00 PR 40631  (6396 of 51080)
00:04:02 PR 40630  (6397 of 51080)
00:04:04 PR 40629  (6398 of 51080)
00:04:07 PR 40628  (6399 of 51080)
00:04:09 PR 40627  (6400 of 51080)
00:04:13 PR 40626  (6401 of 51080)
00:04:16 PR 40625  (6402 of 51080)
00:04:18 PR 40623  (6403 of 51080)
00:04:20 PR 40619  (6404 of 51080)
00:04:22 PR 40617  (6405 of 51080)
00:04:24 PR 40616  (6406 of 51080)
00:04:26 PR 40615  (6407 of 51080)
00:04:29 PR 40613  (6408 of 51080)
00:04:31 PR 40612  (6409 of 51080)
00:04:33 PR 40611  (6410 of 51080)
00:04:35 PR 40610  (6411 of 51080)
00:04:37 PR 40609  (6412 of 51080)
00:04:39 PR 40608  (6413 of 51080)
00:04:41 PR 40607  (6414 of 51080)
00:04:43 PR 40606  (6415 of 51080)
00:04:45 PR 40605  (6416 of 51080)
00:04:47 PR 40604  (6417 of 51080)
00:04:49 PR 40603  (6418 of 51080)
00:04:52 PR 40602  (6419 of 51080)
00:04:54 PR 40601  (6420 of 51080)
00:04:57 PR 40599  (6421 of 51080)
00:04:58 PR 40598  (6422 of 51080)
00:05:01 PR 40597  (6423 of 51080)
00:05:04 PR 40596  (6424 of 51080)
00:05:06 PR 40595  (6425 of 51080)
00:05:08 PR 40592  (6426 of 51080)
00:05:10 PR 40589  (6427 of 51080)
00:05:12 PR 40587  (6428 of 51080)
00:05:15 PR 40581  (6429 of 51080)
00:05:17 PR 40579  (6430 of 51080)
00:05:19 PR 40577  (6431 of 51080)
00:05:21 PR 40576  (6432 of 51080)
00:05:23 PR 40575  (6433 of 51080)
00:05:26 PR 40574  (6434 of 51080)
00:05:28 PR 40573  (6435 of 51080)
00:05:30 PR 40572  (6436 of 51080)
00:05:32 PR 40571  (6437 of 51080)
00:05:34 PR 40570  (6438 of 51080)
00:05:36 PR 40568  (6439 of 51080)
00:05:39 PR 40566  (6440 of 51080)
00:05:41 PR 40565  (6441 of 51080)
00:05:43 PR 40564  (6442 of 51080)
00:05:46 PR 40558  (6443 of 51080)
00:05:48 PR 40557  (6444 of 51080)
00:05:52 PR 40556  (6445 of 51080)
00:05:55 PR 40555  (6446 of 51080)
00:05:57 PR 40554  (6447 of 51080)
00:06:01 PR 40552  (6448 of 51080)
00:06:04 PR 40551  (6449 of 51080)
00:06:08 PR 40550  (6450 of 51080)
00:06:10 PR 40549  (6451 of 51080)
00:06:12 PR 40548  (6452 of 51080)
00:06:15 PR 40547  (6453 of 51080)
00:06:17 PR 40545  (6454 of 51080)
00:06:19 PR 40544  (6455 of 51080)
00:06:21 PR 40543  (6456 of 51080)
00:06:23 PR 40542  (6457 of 51080)
00:06:26 PR 40541  (6458 of 51080)
00:06:28 PR 40540  (6459 of 51080)
00:06:29 PR 40539  (6460 of 51080)
00:06:32 PR 40537  (6461 of 51080)
00:06:34 PR 40536  (6462 of 51080)
00:06:36 PR 40535  (6463 of 51080)
00:06:38 PR 40533  (6464 of 51080)
00:06:40 PR 40532  (6465 of 51080)
00:06:42 PR 40531  (6466 of 51080)
00:06:45 PR 40530  (6467 of 51080)
00:06:47 PR 40529  (6468 of 51080)
00:06:49 PR 40528  (6469 of 51080)
00:06:51 PR 40527  (6470 of 51080)
00:06:54 PR 40526  (6471 of 51080)
00:06:58 PR 40525  (6472 of 51080)
00:07:01 PR 40524  (6473 of 51080)
00:07:03 PR 40523  (6474 of 51080)
00:07:05 PR 40522  (6475 of 51080)
00:07:10 PR 40521  (6476 of 51080)
00:07:12 PR 40519  (6477 of 51080)
00:07:14 PR 40518  (6478 of 51080)
00:07:16 PR 40516  (6479 of 51080)
00:07:19 PR 40515  (6480 of 51080)
00:07:21 PR 40514  (6481 of 51080)
00:07:23 PR 40513  (6482 of 51080)
00:07:25 PR 40512  (6483 of 51080)
00:07:27 PR 40511  (6484 of 51080)
00:07:29 PR 40510  (6485 of 51080)
00:07:32 PR 40509  (6486 of 51080)
00:07:34 PR 40508  (6487 of 51080)
00:07:37 PR 40507  (6488 of 51080)
00:07:39 PR 40506  (6489 of 51080)
00:07:40 PR 40505  (6490 of 51080)
00:07:43 PR 40504  (6491 of 51080)
00:07:45 PR 40503  (6492 of 51080)
00:07:47 PR 40502  (6493 of 51080)
00:07:50 PR 40501  (6494 of 51080)
00:07:52 PR 40499  (6495 of 51080)
00:07:54 PR 40498  (6496 of 51080)
00:07:56 PR 40496  (6497 of 51080)
00:07:58 PR 40495  (6498 of 51080)
00:08:00 PR 40494  (6499 of 51080)
00:08:02 PR 40493  (6500 of 51080)
00:08:04 PR 40492  (6501 of 51080)
00:08:06 PR 40491  (6502 of 51080)
00:08:08 PR 40490  (6503 of 51080)
00:08:10 PR 40489  (6504 of 51080)
00:08:12 PR 40488  (6505 of 51080)
00:08:14 PR 40487  (6506 of 51080)
00:08:15 PR 40486  (6507 of 51080)
00:08:18 PR 40485  (6508 of 51080)
00:08:20 PR 40484  (6509 of 51080)
00:08:23 PR 40482  (6510 of 51080)
00:08:25 PR 40481  (6511 of 51080)
00:08:27 PR 40480  (6512 of 51080)
00:08:29 PR 40479  (6513 of 51080)
00:08:32 PR 40478  (6514 of 51080)
00:08:35 PR 40477  (6515 of 51080)
00:08:37 PR 40476  (6516 of 51080)
00:08:39 PR 40475  (6517 of 51080)
00:08:41 PR 40474  (6518 of 51080)
00:08:43 PR 40473  (6519 of 51080)
00:08:45 PR 40472  (6520 of 51080)
00:08:48 PR 40471  (6521 of 51080)
00:08:50 PR 40470  (6522 of 51080)
00:08:52 PR 40469  (6523 of 51080)
00:08:54 PR 40468  (6524 of 51080)
00:08:55 PR 40467  (6525 of 51080)
00:08:58 PR 40466  (6526 of 51080)
00:09:00 PR 40465  (6527 of 51080)
00:09:02 PR 40463  (6528 of 51080)
00:09:04 PR 40461  (6529 of 51080)
00:09:06 PR 40460  (6530 of 51080)
00:09:09 PR 40459  (6531 of 51080)
00:09:10 PR 40458  (6532 of 51080)
00:09:13 PR 40457  (6533 of 51080)
00:09:15 PR 40455  (6534 of 51080)
00:09:17 PR 40454  (6535 of 51080)
00:09:19 PR 40452  (6536 of 51080)
00:09:22 PR 40451  (6537 of 51080)
00:09:24 PR 40448  (6538 of 51080)
00:09:26 PR 40446  (6539 of 51080)
00:09:28 PR 40445  (6540 of 51080)
00:09:31 PR 40443  (6541 of 51080)
00:09:33 PR 40442  (6542 of 51080)
00:09:35 PR 40441  (6543 of 51080)
00:09:37 PR 40440  (6544 of 51080)
00:09:40 PR 40437  (6545 of 51080)
00:09:43 PR 40436  (6546 of 51080)
00:09:46 PR 40434  (6547 of 51080)
00:09:48 PR 40432  (6548 of 51080)
00:09:50 PR 40431  (6549 of 51080)
00:09:52 PR 40430  (6550 of 51080)
00:09:55 PR 40429  (6551 of 51080)
00:09:57 PR 40428  (6552 of 51080)
00:09:59 PR 40427  (6553 of 51080)
00:10:02 PR 40426  (6554 of 51080)
00:10:04 PR 40425  (6555 of 51080)
00:10:06 PR 40424  (6556 of 51080)
00:10:09 PR 40423  (6557 of 51080)
00:10:12 PR 40422  (6558 of 51080)
00:10:14 PR 40421  (6559 of 51080)
00:10:16 PR 40418  (6560 of 51080)
00:10:19 PR 40417  (6561 of 51080)
00:10:23 PR 40416  (6562 of 51080)
00:10:25 PR 40415  (6563 of 51080)
00:10:27 PR 40414  (6564 of 51080)
00:10:29 PR 40413  (6565 of 51080)
00:10:32 PR 40412  (6566 of 51080)
00:10:34 PR 40410  (6567 of 51080)
00:10:36 PR 40409  (6568 of 51080)
00:10:38 PR 40408  (6569 of 51080)
00:10:40 PR 40407  (6570 of 51080)
00:10:42 PR 40405  (6571 of 51080)
00:10:44 PR 40404  (6572 of 51080)
00:10:46 PR 40403  (6573 of 51080)
00:10:48 PR 40402  (6574 of 51080)
00:10:50 PR 40401  (6575 of 51080)
00:10:53 PR 40400  (6576 of 51080)
00:10:55 PR 40399  (6577 of 51080)
00:10:57 PR 40398  (6578 of 51080)
00:10:59 PR 40397  (6579 of 51080)
00:11:02 PR 40396  (6580 of 51080)
00:11:04 PR 40395  (6581 of 51080)
00:11:10 PR 40394  (6582 of 51080)
00:11:12 PR 40392  (6583 of 51080)
00:11:14 PR 40391  (6584 of 51080)
00:11:16 PR 40388  (6585 of 51080)
00:11:19 PR 40387  (6586 of 51080)
00:11:21 PR 40386  (6587 of 51080)
00:11:23 PR 40384  (6588 of 51080)
00:11:26 PR 40383  (6589 of 51080)
00:11:28 PR 40382  (6590 of 51080)
00:11:30 PR 40381  (6591 of 51080)
00:11:32 PR 40380  (6592 of 51080)
00:11:34 PR 40379  (6593 of 51080)
00:11:36 PR 40377  (6594 of 51080)
00:11:38 PR 41252  (6595 of 51080)
00:11:41 PR 41250  (6596 of 51080)
00:11:43 PR 41248  (6597 of 51080)
00:11:45 PR 41247  (6598 of 51080)
00:11:47 PR 41246  (6599 of 51080)
00:11:49 PR 41245  (6600 of 51080)
00:11:51 PR 41243  (6601 of 51080)
00:11:53 PR 41242  (6602 of 51080)
00:11:56 PR 41241  (6603 of 51080)
00:11:58 PR 41239  (6604 of 51080)
00:12:00 PR 41238  (6605 of 51080)
00:12:02 PR 41236  (6606 of 51080)
00:12:04 PR 41235  (6607 of 51080)
00:12:06 PR 41234  (6608 of 51080)
00:12:08 PR 41233  (6609 of 51080)
00:12:10 PR 41232  (6610 of 51080)
00:12:13 PR 41229  (6611 of 51080)
00:12:16 PR 41227  (6612 of 51080)
00:12:19 PR 41223  (6613 of 51080)
00:12:23 PR 41221  (6614 of 51080)
00:12:25 PR 41206  (6615 of 51080)
00:12:27 PR 41187  (6616 of 51080)
00:12:30 PR 41182  (6617 of 51080)
00:12:32 PR 41180  (6618 of 51080)
00:12:34 PR 41178  (6619 of 51080)
00:12:36 PR 41177  (6620 of 51080)
00:12:38 PR 41176  (6621 of 51080)
00:12:41 PR 41175  (6622 of 51080)
00:12:43 PR 41174  (6623 of 51080)
00:12:46 PR 41173  (6624 of 51080)
00:12:49 PR 41172  (6625 of 51080)
00:12:52 PR 41171  (6626 of 51080)
00:12:54 PR 41170  (6627 of 51080)
00:12:56 PR 41168  (6628 of 51080)
00:12:58 PR 41167  (6629 of 51080)
00:13:01 PR 41166  (6630 of 51080)
00:13:03 PR 41165  (6631 of 51080)
00:13:05 PR 41164  (6632 of 51080)
00:13:07 PR 41163  (6633 of 51080)
00:13:09 PR 41162  (6634 of 51080)
00:13:12 PR 41161  (6635 of 51080)
00:13:13 PR 41160  (6636 of 51080)
00:13:16 PR 41159  (6637 of 51080)
00:13:19 PR 41158  (6638 of 51080)
00:13:21 PR 41157  (6639 of 51080)
00:13:23 PR 41156  (6640 of 51080)
00:13:26 PR 41155  (6641 of 51080)
00:13:28 PR 41154  (6642 of 51080)
00:13:32 PR 41152  (6643 of 51080)
00:13:34 PR 41149  (6644 of 51080)
00:13:38 PR 41148  (6645 of 51080)
00:13:39 PR 41147  (6646 of 51080)
00:13:41 PR 41145  (6647 of 51080)
00:13:43 PR 41144  (6648 of 51080)
00:13:46 PR 41143  (6649 of 51080)
00:13:48 PR 41142  (6650 of 51080)
00:13:51 PR 41141  (6651 of 51080)
00:13:53 PR 41139  (6652 of 51080)
00:13:55 PR 41138  (6653 of 51080)
00:13:57 PR 41137  (6654 of 51080)
00:14:00 PR 41136  (6655 of 51080)
00:14:02 PR 41135  (6656 of 51080)
00:14:04 PR 41133  (6657 of 51080)
00:14:06 PR 41132  (6658 of 51080)
00:14:08 PR 41131  (6659 of 51080)
00:14:10 PR 41130  (6660 of 51080)
00:14:14 PR 41129  (6661 of 51080)
00:14:16 PR 41128  (6662 of 51080)
00:14:18 PR 41126  (6663 of 51080)
00:14:20 PR 41125  (6664 of 51080)
00:14:23 PR 41124  (6665 of 51080)
00:14:25 PR 41123  (6666 of 51080)
00:14:31 PR 41122  (6667 of 51080)
00:14:33 PR 41121  (6668 of 51080)
00:14:35 PR 41118  (6669 of 51080)
00:14:37 PR 41116  (6670 of 51080)
00:14:39 PR 41115  (6671 of 51080)
00:14:41 PR 41114  (6672 of 51080)
00:14:43 PR 41113  (6673 of 51080)
00:14:46 PR 41112  (6674 of 51080)
00:14:48 PR 41110  (6675 of 51080)
00:14:51 PR 41109  (6676 of 51080)
00:14:54 PR 41108  (6677 of 51080)
00:14:57 PR 41107  (6678 of 51080)
00:15:00 PR 41106  (6679 of 51080)
00:15:02 PR 41105  (6680 of 51080)
00:15:04 PR 41104  (6681 of 51080)
00:15:06 PR 41103  (6682 of 51080)
00:15:08 PR 41102  (6683 of 51080)
00:15:11 PR 41101  (6684 of 51080)
00:15:14 PR 41098  (6685 of 51080)
00:15:17 PR 41096  (6686 of 51080)
00:15:19 PR 41094  (6687 of 51080)
00:15:21 PR 41092  (6688 of 51080)
00:15:23 PR 41091  (6689 of 51080)
00:15:25 PR 41090  (6690 of 51080)
00:15:27 PR 41088  (6691 of 51080)
00:15:29 PR 41087  (6692 of 51080)
00:15:32 PR 41086  (6693 of 51080)
00:15:34 PR 41085  (6694 of 51080)
00:15:36 PR 41084  (6695 of 51080)
00:15:38 PR 41083  (6696 of 51080)
00:15:40 PR 41081  (6697 of 51080)
00:15:42 PR 41080  (6698 of 51080)
00:15:45 PR 41079  (6699 of 51080)
00:15:47 PR 41078  (6700 of 51080)
00:15:49 PR 41076  (6701 of 51080)
00:15:52 PR 41075  (6702 of 51080)
00:15:54 PR 41072  (6703 of 51080)
00:15:56 PR 41071  (6704 of 51080)
00:15:58 PR 41070  (6705 of 51080)
00:16:00 PR 41069  (6706 of 51080)
00:16:02 PR 41068  (6707 of 51080)
00:16:04 PR 41067  (6708 of 51080)
00:16:06 PR 41065  (6709 of 51080)
00:16:08 PR 41064  (6710 of 51080)
00:16:11 PR 41063  (6711 of 51080)
00:16:14 PR 41061  (6712 of 51080)
00:16:16 PR 41060  (6713 of 51080)
00:16:18 PR 41059  (6714 of 51080)
00:16:20 PR 41057  (6715 of 51080)
00:16:22 PR 41056  (6716 of 51080)
00:16:24 PR 41055  (6717 of 51080)
00:16:26 PR 41054  (6718 of 51080)
00:16:28 PR 41053  (6719 of 51080)
00:16:30 PR 41051  (6720 of 51080)
00:16:33 PR 41049  (6721 of 51080)
00:16:36 PR 41048  (6722 of 51080)
00:16:38 PR 41046  (6723 of 51080)
00:16:41 PR 41045  (6724 of 51080)
00:16:43 PR 41044  (6725 of 51080)
00:16:46 PR 41042  (6726 of 51080)
00:16:48 PR 41041  (6727 of 51080)
00:16:50 PR 41040  (6728 of 51080)
00:16:52 PR 41038  (6729 of 51080)
00:16:54 PR 41037  (6730 of 51080)
00:16:56 PR 41036  (6731 of 51080)
00:16:58 PR 41035  (6732 of 51080)
00:17:00 PR 41034  (6733 of 51080)
00:17:02 PR 41033  (6734 of 51080)
00:17:04 PR 41032  (6735 of 51080)
00:17:07 PR 41031  (6736 of 51080)
00:17:10 PR 41028  (6737 of 51080)
00:17:12 PR 41027  (6738 of 51080)
00:17:14 PR 41025  (6739 of 51080)
00:17:16 PR 41023  (6740 of 51080)
00:17:19 PR 41022  (6741 of 51080)
00:17:21 PR 41021  (6742 of 51080)
00:17:23 PR 41020  (6743 of 51080)
00:17:25 PR 41019  (6744 of 51080)
00:17:27 PR 41018  (6745 of 51080)
00:17:30 PR 41015  (6746 of 51080)
00:17:32 PR 41014  (6747 of 51080)
00:17:34 PR 41013  (6748 of 51080)
00:17:37 PR 41011  (6749 of 51080)
00:17:39 PR 41010  (6750 of 51080)
00:17:41 PR 41009  (6751 of 51080)
00:17:42 PR 41008  (6752 of 51080)
00:17:44 PR 41007  (6753 of 51080)
00:17:47 PR 41006  (6754 of 51080)
00:17:49 PR 41005  (6755 of 51080)
00:17:51 PR 41003  (6756 of 51080)
00:24:30 starting - 6756 PRs already saved, skipping those
00:24:30 reusing cached list of 51080 PR numbers
00:24:33 PR 41002  (6757 of 51080)
00:24:35 PR 41001  (6758 of 51080)
00:24:37 PR 41000  (6759 of 51080)
00:24:39 PR 40998  (6760 of 51080)
00:24:41 PR 40997  (6761 of 51080)
00:24:43 PR 40996  (6762 of 51080)
00:24:45 PR 40995  (6763 of 51080)
00:24:47 PR 40994  (6764 of 51080)
00:24:49 PR 40993  (6765 of 51080)
00:24:51 PR 40992  (6766 of 51080)
00:24:53 PR 40991  (6767 of 51080)
00:24:55 PR 40990  (6768 of 51080)
00:24:57 PR 40988  (6769 of 51080)
00:24:59 PR 40987  (6770 of 51080)
00:25:01 PR 40986  (6771 of 51080)
00:25:03 PR 40985  (6772 of 51080)
00:25:05 PR 40984  (6773 of 51080)
00:25:07 PR 40983  (6774 of 51080)
00:25:09 PR 40981  (6775 of 51080)
00:25:11 PR 40980  (6776 of 51080)
00:25:13 PR 40979  (6777 of 51080)
00:25:15 PR 40978  (6778 of 51080)
00:25:17 PR 40976  (6779 of 51080)
00:25:20 PR 40975  (6780 of 51080)
00:25:22 PR 40973  (6781 of 51080)
00:25:24 PR 40971  (6782 of 51080)
00:25:28 PR 40969  (6783 of 51080)
00:25:31 PR 40968  (6784 of 51080)
00:25:33 PR 40967  (6785 of 51080)
00:25:35 PR 40966  (6786 of 51080)
00:25:38 PR 40964  (6787 of 51080)
00:25:40 PR 40961  (6788 of 51080)
00:25:42 PR 40960  (6789 of 51080)
00:25:44 PR 40959  (6790 of 51080)
00:25:46 PR 40958  (6791 of 51080)
00:25:49 PR 40957  (6792 of 51080)
00:25:51 PR 40956  (6793 of 51080)
00:25:53 PR 40953  (6794 of 51080)
00:25:55 PR 40952  (6795 of 51080)
00:25:57 PR 40951  (6796 of 51080)
00:25:59 PR 40950  (6797 of 51080)
00:26:02 PR 40949  (6798 of 51080)
00:26:04 PR 40948  (6799 of 51080)
00:26:06 PR 40947  (6800 of 51080)
00:26:09 PR 40945  (6801 of 51080)
00:26:11 PR 40941  (6802 of 51080)
00:26:14 PR 40940  (6803 of 51080)
00:26:16 PR 40938  (6804 of 51080)
00:26:19 PR 40937  (6805 of 51080)
00:26:21 PR 40935  (6806 of 51080)
00:26:23 PR 40934  (6807 of 51080)
00:26:25 PR 40932  (6808 of 51080)
00:26:27 PR 40930  (6809 of 51080)
00:26:30 PR 40929  (6810 of 51080)
00:26:32 PR 40927  (6811 of 51080)
00:26:34 PR 40926  (6812 of 51080)
00:26:37 PR 40923  (6813 of 51080)
00:26:39 PR 40922  (6814 of 51080)
00:26:41 PR 40919  (6815 of 51080)
00:26:42 PR 40918  (6816 of 51080)
00:26:45 PR 40915  (6817 of 51080)
00:26:47 PR 40914  (6818 of 51080)
00:26:49 PR 40913  (6819 of 51080)
00:26:51 PR 40912  (6820 of 51080)
00:26:54 PR 40911  (6821 of 51080)
00:26:57 PR 40909  (6822 of 51080)
00:27:00 PR 40908  (6823 of 51080)
00:27:02 PR 40907  (6824 of 51080)
00:27:04 PR 40906  (6825 of 51080)
00:27:06 PR 40905  (6826 of 51080)
00:27:09 PR 40904  (6827 of 51080)
00:27:11 PR 40902  (6828 of 51080)
00:27:13 PR 40900  (6829 of 51080)
00:27:16 PR 40899  (6830 of 51080)
00:27:18 PR 40898  (6831 of 51080)
00:27:20 PR 40896  (6832 of 51080)
00:27:25 PR 40894  (6833 of 51080)
00:27:27 PR 40892  (6834 of 51080)
00:27:29 PR 40891  (6835 of 51080)
00:27:31 PR 40890  (6836 of 51080)
00:27:33 PR 40886  (6837 of 51080)
00:27:35 PR 40884  (6838 of 51080)
00:27:37 PR 40882  (6839 of 51080)
00:27:40 PR 40880  (6840 of 51080)
00:27:43 PR 40879  (6841 of 51080)
00:27:45 PR 40878  (6842 of 51080)
00:27:47 PR 40877  (6843 of 51080)
00:27:49 PR 40876  (6844 of 51080)
00:27:52 PR 40875  (6845 of 51080)
00:27:55 PR 40872  (6846 of 51080)
00:27:57 PR 40867  (6847 of 51080)
00:27:59 PR 40865  (6848 of 51080)
00:28:01 PR 40864  (6849 of 51080)
00:28:03 PR 40863  (6850 of 51080)
00:28:05 PR 40862  (6851 of 51080)
00:28:07 PR 40861  (6852 of 51080)
00:28:09 PR 40860  (6853 of 51080)
00:28:13 PR 40859  (6854 of 51080)
00:28:15 PR 40858  (6855 of 51080)
00:28:17 PR 40857  (6856 of 51080)
00:28:19 PR 40853  (6857 of 51080)
00:28:21 PR 40852  (6858 of 51080)
00:28:23 PR 40851  (6859 of 51080)
00:28:25 PR 40849  (6860 of 51080)
00:28:27 PR 40848  (6861 of 51080)
00:28:29 PR 40847  (6862 of 51080)
00:28:31 PR 40845  (6863 of 51080)
00:28:33 PR 40843  (6864 of 51080)
00:28:35 PR 40842  (6865 of 51080)
00:28:37 PR 40841  (6866 of 51080)
00:28:39 PR 40840  (6867 of 51080)
00:28:41 PR 40839  (6868 of 51080)
00:28:43 PR 40837  (6869 of 51080)
00:28:45 PR 40836  (6870 of 51080)
00:28:48 PR 40835  (6871 of 51080)
00:28:50 PR 40834  (6872 of 51080)
00:28:53 PR 40832  (6873 of 51080)
00:28:55 PR 40831  (6874 of 51080)
00:28:57 PR 40829  (6875 of 51080)
00:28:59 PR 40828  (6876 of 51080)
00:29:01 PR 40826  (6877 of 51080)
00:29:04 PR 40824  (6878 of 51080)
00:29:06 PR 40822  (6879 of 51080)
00:29:09 PR 40821  (6880 of 51080)
00:29:11 PR 40819  (6881 of 51080)
00:29:13 PR 40818  (6882 of 51080)
00:29:15 PR 40816  (6883 of 51080)
00:29:19 PR 40815  (6884 of 51080)
00:29:21 PR 40814  (6885 of 51080)
00:29:23 PR 40813  (6886 of 51080)
00:29:26 PR 40811  (6887 of 51080)
00:29:28 PR 40809  (6888 of 51080)
00:29:30 PR 40807  (6889 of 51080)
00:29:32 PR 40806  (6890 of 51080)
00:29:34 PR 40804  (6891 of 51080)
00:29:36 PR 40803  (6892 of 51080)
00:29:38 PR 40802  (6893 of 51080)
00:29:40 PR 40801  (6894 of 51080)
00:29:42 PR 40800  (6895 of 51080)
00:29:44 PR 40799  (6896 of 51080)
00:29:47 PR 40798  (6897 of 51080)
00:29:49 PR 40797  (6898 of 51080)
00:29:51 PR 40796  (6899 of 51080)
00:29:54 PR 41520  (6900 of 51080)
00:29:57 PR 41519  (6901 of 51080)
00:29:59 PR 41518  (6902 of 51080)
00:30:01 PR 41516  (6903 of 51080)
00:30:06 PR 41515  (6904 of 51080)
00:30:08 PR 41514  (6905 of 51080)
00:30:10 PR 41513  (6906 of 51080)
00:30:12 PR 41510  (6907 of 51080)
00:30:14 PR 41508  (6908 of 51080)
00:30:17 PR 41507  (6909 of 51080)
00:30:20 PR 41506  (6910 of 51080)
00:30:22 PR 41505  (6911 of 51080)
00:30:24 PR 41504  (6912 of 51080)
00:30:26 PR 41502  (6913 of 51080)
00:30:29 PR 41501  (6914 of 51080)
00:30:31 PR 41500  (6915 of 51080)
00:30:34 PR 41497  (6916 of 51080)
00:30:36 PR 41496  (6917 of 51080)
00:30:38 PR 41490  (6918 of 51080)
00:30:42 PR 41487  (6919 of 51080)
00:30:44 PR 41485  (6920 of 51080)
00:30:46 PR 41483  (6921 of 51080)
00:30:48 PR 41481  (6922 of 51080)
00:30:51 PR 41480  (6923 of 51080)
00:30:53 PR 41478  (6924 of 51080)
00:30:56 PR 41477  (6925 of 51080)
00:30:58 PR 41476  (6926 of 51080)
00:31:00 PR 41475  (6927 of 51080)
00:31:02 PR 41474  (6928 of 51080)
00:31:04 PR 41473  (6929 of 51080)
00:31:07 PR 41470  (6930 of 51080)
00:31:11 PR 41468  (6931 of 51080)
00:31:13 PR 41467  (6932 of 51080)
00:31:16 PR 41466  (6933 of 51080)
00:31:19 PR 41464  (6934 of 51080)
00:31:21 PR 41463  (6935 of 51080)
00:31:24 PR 41462  (6936 of 51080)
00:31:26 PR 41461  (6937 of 51080)
00:31:28 PR 41460  (6938 of 51080)
00:31:30 PR 41459  (6939 of 51080)
00:31:33 PR 41458  (6940 of 51080)
00:31:36 PR 41457  (6941 of 51080)
00:31:38 PR 41455  (6942 of 51080)
00:31:40 PR 41454  (6943 of 51080)
00:31:45 PR 41453  (6944 of 51080)
00:31:47 PR 41451  (6945 of 51080)
00:31:50 PR 41450  (6946 of 51080)
00:31:52 PR 41448  (6947 of 51080)
00:31:55 PR 41447  (6948 of 51080)
00:31:57 PR 41446  (6949 of 51080)
00:31:59 PR 41445  (6950 of 51080)
00:32:01 PR 41443  (6951 of 51080)
00:32:04 PR 41441  (6952 of 51080)
00:32:07 PR 41439  (6953 of 51080)
00:32:10 PR 41438  (6954 of 51080)
00:32:12 PR 41437  (6955 of 51080)
00:32:15 PR 41436  (6956 of 51080)
00:32:17 PR 41433  (6957 of 51080)
00:32:19 PR 41432  (6958 of 51080)
00:32:21 PR 41431  (6959 of 51080)
00:32:24 PR 41430  (6960 of 51080)
00:32:27 PR 41429  (6961 of 51080)
00:32:32 PR 41427  (6962 of 51080)
00:32:34 PR 41425  (6963 of 51080)
00:32:37 PR 41424  (6964 of 51080)
00:32:39 PR 41423  (6965 of 51080)
00:32:41 PR 41421  (6966 of 51080)
00:32:43 PR 41420  (6967 of 51080)
00:32:45 PR 41419  (6968 of 51080)
00:32:47 PR 41417  (6969 of 51080)
00:32:49 PR 41416  (6970 of 51080)
00:32:52 PR 41415  (6971 of 51080)
00:32:54 PR 41414  (6972 of 51080)
00:32:56 PR 41412  (6973 of 51080)
00:32:58 PR 41409  (6974 of 51080)
00:33:02 PR 41407  (6975 of 51080)
00:33:07 PR 41406  (6976 of 51080)
00:33:09 PR 41405  (6977 of 51080)
00:33:11 PR 41403  (6978 of 51080)
00:33:14 PR 41402  (6979 of 51080)
00:33:16 PR 41400  (6980 of 51080)
00:33:18 PR 41398  (6981 of 51080)
00:33:20 PR 41397  (6982 of 51080)
00:33:22 PR 41396  (6983 of 51080)
00:33:25 PR 41394  (6984 of 51080)
00:33:28 PR 41391  (6985 of 51080)
00:33:30 PR 41390  (6986 of 51080)
00:33:32 PR 41389  (6987 of 51080)
00:33:35 PR 41387  (6988 of 51080)
00:33:36 PR 41386  (6989 of 51080)
00:33:39 PR 41384  (6990 of 51080)
00:33:41 PR 41383  (6991 of 51080)
00:33:44 PR 41381  (6992 of 51080)
00:33:46 PR 41379  (6993 of 51080)
00:33:49 PR 41378  (6994 of 51080)
00:33:51 PR 41377  (6995 of 51080)
00:33:53 PR 41376  (6996 of 51080)
00:33:56 PR 41374  (6997 of 51080)
00:33:58 PR 41373  (6998 of 51080)
00:34:00 PR 41372  (6999 of 51080)
00:34:02 PR 41371  (7000 of 51080)
00:34:04 PR 41370  (7001 of 51080)
00:34:06 PR 41369  (7002 of 51080)
00:34:08 PR 41368  (7003 of 51080)
00:34:10 PR 41366  (7004 of 51080)
00:34:13 PR 41365  (7005 of 51080)
00:34:15 PR 41364  (7006 of 51080)
00:34:16 PR 41363  (7007 of 51080)
00:34:20 PR 41362  (7008 of 51080)
00:34:22 PR 41361  (7009 of 51080)
00:34:24 PR 41360  (7010 of 51080)
00:34:26 PR 41358  (7011 of 51080)
00:34:28 PR 41357  (7012 of 51080)
00:34:30 PR 41356  (7013 of 51080)
00:34:32 PR 41353  (7014 of 51080)
00:34:35 PR 41351  (7015 of 51080)
00:34:37 PR 41349  (7016 of 51080)
00:34:39 PR 41348  (7017 of 51080)
00:34:41 PR 41346  (7018 of 51080)
00:34:43 PR 41345  (7019 of 51080)
00:34:45 PR 41344  (7020 of 51080)
00:34:47 PR 41342  (7021 of 51080)
00:34:50 PR 41341  (7022 of 51080)
00:34:52 PR 41340  (7023 of 51080)
00:34:55 PR 41338  (7024 of 51080)
00:34:59 PR 41337  (7025 of 51080)
00:35:02 PR 41336  (7026 of 51080)
00:35:05 PR 41335  (7027 of 51080)
00:35:07 PR 41334  (7028 of 51080)
00:35:10 PR 41333  (7029 of 51080)
00:35:12 PR 41332  (7030 of 51080)
00:35:15 PR 41330  (7031 of 51080)
00:35:17 PR 41328  (7032 of 51080)
00:35:19 PR 41327  (7033 of 51080)
00:35:21 PR 41326  (7034 of 51080)
00:35:25 PR 41325  (7035 of 51080)
00:35:27 PR 41324  (7036 of 51080)
00:35:29 PR 41321  (7037 of 51080)
00:35:32 PR 41320  (7038 of 51080)
00:35:35 PR 41319  (7039 of 51080)
00:35:37 PR 41316  (7040 of 51080)
00:35:39 PR 41315  (7041 of 51080)
00:35:40 PR 41312  (7042 of 51080)
00:35:44 PR 41311  (7043 of 51080)
00:35:46 PR 41310  (7044 of 51080)
00:35:48 PR 41309  (7045 of 51080)
00:35:53 PR 41308  (7046 of 51080)
00:35:56 PR 41307  (7047 of 51080)
00:36:01 PR 41306  (7048 of 51080)
00:36:04 PR 41305  (7049 of 51080)
00:36:06 PR 41304  (7050 of 51080)
00:36:08 PR 41303  (7051 of 51080)
00:36:12 PR 41302  (7052 of 51080)
00:36:16 PR 41301  (7053 of 51080)
00:36:19 PR 41300  (7054 of 51080)
00:36:21 PR 41298  (7055 of 51080)
00:36:23 PR 41296  (7056 of 51080)
00:36:27 PR 41295  (7057 of 51080)
00:36:29 PR 41294  (7058 of 51080)
00:36:32 PR 41293  (7059 of 51080)
00:36:34 PR 41292  (7060 of 51080)
00:36:36 PR 41290  (7061 of 51080)
00:36:39 PR 41288  (7062 of 51080)
00:36:41 PR 41287  (7063 of 51080)
00:36:44 PR 41283  (7064 of 51080)
00:36:46 PR 41282  (7065 of 51080)
00:36:48 PR 41280  (7066 of 51080)
00:36:50 PR 41279  (7067 of 51080)
00:36:53 PR 41278  (7068 of 51080)
00:36:55 PR 41277  (7069 of 51080)
00:36:57 PR 41276  (7070 of 51080)
00:37:02 PR 41275  (7071 of 51080)
00:37:04 PR 41274  (7072 of 51080)
00:37:07 PR 41273  (7073 of 51080)
00:37:09 PR 41271  (7074 of 51080)
00:37:12 PR 41270  (7075 of 51080)
00:37:14 PR 41269  (7076 of 51080)
00:37:16 PR 41267  (7077 of 51080)
00:37:18 PR 41266  (7078 of 51080)
00:37:20 PR 41265  (7079 of 51080)
00:37:22 PR 41264  (7080 of 51080)
00:37:25 PR 41263  (7081 of 51080)
00:37:27 PR 41262  (7082 of 51080)
00:37:29 PR 41261  (7083 of 51080)
00:37:31 PR 41260  (7084 of 51080)
00:37:33 PR 41259  (7085 of 51080)
00:37:37 PR 41257  (7086 of 51080)
00:37:39 PR 41254  (7087 of 51080)
00:37:41 PR 41845  (7088 of 51080)
00:37:43 PR 41844  (7089 of 51080)
00:37:45 PR 41843  (7090 of 51080)
00:37:47 PR 41842  (7091 of 51080)
00:37:49 PR 41841  (7092 of 51080)
00:37:51 PR 41840  (7093 of 51080)
00:37:53 PR 41838  (7094 of 51080)
00:37:55 PR 41837  (7095 of 51080)
00:37:57 PR 41834  (7096 of 51080)
00:37:59 PR 41833  (7097 of 51080)
00:38:01 PR 41832  (7098 of 51080)
00:38:04 PR 41831  (7099 of 51080)
00:38:06 PR 41829  (7100 of 51080)
00:38:09 PR 41828  (7101 of 51080)
00:38:11 PR 41827  (7102 of 51080)
00:38:14 PR 41825  (7103 of 51080)
00:38:16 PR 41824  (7104 of 51080)
00:38:18 PR 41820  (7105 of 51080)
00:38:20 PR 41817  (7106 of 51080)
00:38:22 PR 41815  (7107 of 51080)
00:38:25 PR 41814  (7108 of 51080)
00:38:28 PR 41813  (7109 of 51080)
00:38:31 PR 41812  (7110 of 51080)
00:38:32 PR 41811  (7111 of 51080)
00:38:36 PR 41810  (7112 of 51080)
00:38:38 PR 41808  (7113 of 51080)
00:38:40 PR 41807  (7114 of 51080)
00:38:42 PR 41805  (7115 of 51080)
00:38:44 PR 41803  (7116 of 51080)
00:38:46 PR 41802  (7117 of 51080)
00:38:49 PR 41801  (7118 of 51080)
00:38:51 PR 41800  (7119 of 51080)
00:38:53 PR 41799  (7120 of 51080)
00:38:56 PR 41798  (7121 of 51080)
00:38:58 PR 41797  (7122 of 51080)
00:39:00 PR 41795  (7123 of 51080)
00:39:03 PR 41793  (7124 of 51080)
00:39:06 PR 41791  (7125 of 51080)
00:39:08 PR 41790  (7126 of 51080)
00:39:10 PR 41785  (7127 of 51080)
00:39:11 PR 41786  (7128 of 51080)
00:39:14 PR 41783  (7129 of 51080)
00:39:17 PR 41782  (7130 of 51080)
00:39:19 PR 41781  (7131 of 51080)
00:39:21 PR 41780  (7132 of 51080)
00:39:24 PR 41779  (7133 of 51080)
00:39:26 PR 41778  (7134 of 51080)
00:39:28 PR 41774  (7135 of 51080)
00:39:30 PR 41769  (7136 of 51080)
00:39:32 PR 41768  (7137 of 51080)
00:39:33 PR 41767  (7138 of 51080)
00:39:36 PR 41766  (7139 of 51080)
00:39:38 PR 41764  (7140 of 51080)
00:39:41 PR 41763  (7141 of 51080)
00:39:43 PR 41762  (7142 of 51080)
00:39:44 PR 41761  (7143 of 51080)
00:39:47 PR 41760  (7144 of 51080)
00:39:49 PR 41759  (7145 of 51080)
00:39:51 PR 41758  (7146 of 51080)
00:39:53 PR 41757  (7147 of 51080)
00:39:55 PR 41756  (7148 of 51080)
00:39:57 PR 41755  (7149 of 51080)
00:39:59 PR 41753  (7150 of 51080)
00:40:02 PR 41752  (7151 of 51080)
00:40:04 PR 41751  (7152 of 51080)
00:40:06 PR 41750  (7153 of 51080)
00:40:09 PR 41748  (7154 of 51080)
00:40:11 PR 41747  (7155 of 51080)
00:40:13 PR 41746  (7156 of 51080)
00:40:15 PR 41744  (7157 of 51080)
00:40:18 PR 41743  (7158 of 51080)
00:40:25 PR 41741  (7159 of 51080)
00:40:28 PR 41739  (7160 of 51080)
00:40:33 PR 41735  (7161 of 51080)
00:40:36 PR 41733  (7162 of 51080)
00:40:38 PR 41732  (7163 of 51080)
00:40:41 PR 41729  (7164 of 51080)
00:40:43 PR 41726  (7165 of 51080)
00:40:45 PR 41725  (7166 of 51080)
00:40:48 PR 41724  (7167 of 51080)
00:40:50 PR 41723  (7168 of 51080)
00:40:53 PR 41721  (7169 of 51080)
00:40:55 PR 41720  (7170 of 51080)
00:40:57 PR 41719  (7171 of 51080)
00:41:02 PR 41718  (7172 of 51080)
00:41:04 PR 41717  (7173 of 51080)
00:41:07 PR 41716  (7174 of 51080)
00:41:09 PR 41715  (7175 of 51080)
00:41:11 PR 41712  (7176 of 51080)
00:41:13 PR 41709  (7177 of 51080)
00:41:15 PR 41706  (7178 of 51080)
00:41:18 PR 41705  (7179 of 51080)
00:41:20 PR 41704  (7180 of 51080)
00:41:22 PR 41703  (7181 of 51080)
00:41:27 PR 41702  (7182 of 51080)
00:41:29 PR 41701  (7183 of 51080)
00:41:31 PR 41700  (7184 of 51080)
00:41:34 PR 41699  (7185 of 51080)
00:41:37 PR 41696  (7186 of 51080)
00:41:39 PR 41695  (7187 of 51080)
00:41:42 PR 41693  (7188 of 51080)
00:41:44 PR 41692  (7189 of 51080)
00:41:46 PR 41690  (7190 of 51080)
00:41:50 PR 41689  (7191 of 51080)
00:41:52 PR 41688  (7192 of 51080)
00:41:54 PR 41687  (7193 of 51080)
00:41:56 PR 41685  (7194 of 51080)
00:41:58 PR 41684  (7195 of 51080)
00:42:00 PR 41681  (7196 of 51080)
00:42:02 PR 41680  (7197 of 51080)
00:42:04 PR 41679  (7198 of 51080)
00:42:07 PR 41678  (7199 of 51080)
00:42:09 PR 41676  (7200 of 51080)
00:42:12 PR 41675  (7201 of 51080)
00:42:15 PR 41674  (7202 of 51080)
00:42:20 PR 41673  (7203 of 51080)
00:42:23 PR 41672  (7204 of 51080)
00:42:25 PR 41671  (7205 of 51080)
00:42:27 PR 41670  (7206 of 51080)
00:42:30 PR 41669  (7207 of 51080)
00:42:32 PR 41668  (7208 of 51080)
00:42:34 PR 41666  (7209 of 51080)
00:42:36 PR 41663  (7210 of 51080)
00:42:38 PR 41661  (7211 of 51080)
00:42:40 PR 41660  (7212 of 51080)
00:42:43 PR 41659  (7213 of 51080)
00:42:47 PR 41658  (7214 of 51080)
00:42:49 PR 41657  (7215 of 51080)
00:42:51 PR 41656  (7216 of 51080)
00:42:53 PR 41655  (7217 of 51080)
00:42:56 PR 41649  (7218 of 51080)
00:42:58 PR 41648  (7219 of 51080)
00:43:00 PR 41647  (7220 of 51080)
00:43:03 PR 41646  (7221 of 51080)
00:43:05 PR 41645  (7222 of 51080)
00:43:07 PR 41644  (7223 of 51080)
00:43:09 PR 41643  (7224 of 51080)
00:43:11 PR 41641  (7225 of 51080)
00:43:14 PR 41638  (7226 of 51080)
00:43:16 PR 41636  (7227 of 51080)
00:43:19 PR 41634  (7228 of 51080)
00:43:21 PR 41633  (7229 of 51080)
00:43:23 PR 41631  (7230 of 51080)
00:43:26 PR 41630  (7231 of 51080)
00:43:28 PR 41629  (7232 of 51080)
00:43:32 PR 41626  (7233 of 51080)
00:43:34 PR 41625  (7234 of 51080)
00:43:36 PR 41621  (7235 of 51080)
00:43:38 PR 41620  (7236 of 51080)
00:43:40 PR 41619  (7237 of 51080)
00:43:43 PR 41618  (7238 of 51080)
00:43:45 PR 41617  (7239 of 51080)
00:43:47 PR 41615  (7240 of 51080)
00:43:50 PR 41614  (7241 of 51080)
00:43:52 PR 41612  (7242 of 51080)
00:43:54 PR 41611  (7243 of 51080)
00:43:56 PR 41610  (7244 of 51080)
00:43:58 PR 41609  (7245 of 51080)
00:44:00 PR 41607  (7246 of 51080)
00:44:03 PR 41605  (7247 of 51080)
00:44:06 PR 41602  (7248 of 51080)
00:44:08 PR 41601  (7249 of 51080)
00:44:10 PR 41600  (7250 of 51080)
00:44:12 PR 41599  (7251 of 51080)
00:44:15 PR 41598  (7252 of 51080)
00:44:16 PR 41588  (7253 of 51080)
00:44:19 PR 41587  (7254 of 51080)
00:44:21 PR 41586  (7255 of 51080)
00:44:24 PR 41585  (7256 of 51080)
00:44:26 PR 41584  (7257 of 51080)
00:44:28 PR 41583  (7258 of 51080)
00:44:30 PR 41580  (7259 of 51080)
00:44:33 PR 41579  (7260 of 51080)
00:44:35 PR 41578  (7261 of 51080)
00:44:37 PR 41577  (7262 of 51080)
00:44:39 PR 41576  (7263 of 51080)
00:44:42 PR 41575  (7264 of 51080)
00:44:44 PR 41574  (7265 of 51080)
00:44:47 PR 41573  (7266 of 51080)
00:44:49 PR 41572  (7267 of 51080)
00:44:51 PR 41571  (7268 of 51080)
00:44:54 PR 41570  (7269 of 51080)
00:44:57 PR 41569  (7270 of 51080)
00:45:00 PR 41568  (7271 of 51080)
00:45:02 PR 41567  (7272 of 51080)
00:45:04 PR 41566  (7273 of 51080)
00:45:07 PR 41565  (7274 of 51080)
00:45:09 PR 41564  (7275 of 51080)
00:45:14 PR 41563  (7276 of 51080)
00:45:16 PR 41562  (7277 of 51080)
00:45:18 PR 41561  (7278 of 51080)
00:45:22 PR 41560  (7279 of 51080)
00:45:24 PR 41559  (7280 of 51080)
00:45:26 PR 41558  (7281 of 51080)
00:45:28 PR 41556  (7282 of 51080)
00:45:31 PR 41555  (7283 of 51080)
13:11:42 starting - 0 PRs already saved, skipping those
13:11:42 reusing cached list of 51080 PR numbers
13:11:45 PR 31369  (1 of 51080)
13:11:48 PR 31368  (2 of 51080)
13:11:50 PR 31367  (3 of 51080)
13:11:53 PR 31366  (4 of 51080)
13:11:55 PR 31365  (5 of 51080)
13:11:57 PR 31364  (6 of 51080)
13:11:59 PR 31363  (7 of 51080)
13:12:02 PR 31361  (8 of 51080)
13:12:04 PR 31360  (9 of 51080)
13:12:06 PR 31359  (10 of 51080)
13:12:08 PR 31357  (11 of 51080)
13:12:12 PR 31356  (12 of 51080)
13:12:14 PR 31355  (13 of 51080)
13:12:16 PR 31354  (14 of 51080)
13:22:59 starting - 0 PRs already saved, skipping those
13:22:59 0 PRs to fetch for 2025-01-01 to 2025-12-31, list cached
13:22:59 FINISHED - 0 PRs in 2025_prs.csv
13:23:23 starting - 0 PRs already saved, skipping those
13:23:23 reusing cached list of 0 PR numbers
13:23:23 FINISHED - 0 PRs in 2025_prs.csv
13:29:25 starting - 0 PRs already saved, skipping those
13:29:35 2025-01-01..2025-01-15: +443  (total 443)
13:29:46 2025-01-16..2025-01-31: +617  (total 1060)
13:29:57 2025-02-01..2025-02-15: +643  (total 1703)
13:30:06 2025-02-16..2025-02-28: +517  (total 2220)
13:30:14 search limit hit, sleeping 13s
13:30:28 2025-03-01..2025-03-15: +514  (total 2734)
13:30:39 2025-03-16..2025-03-31: +621  (total 3355)
13:30:49 2025-04-01..2025-04-15: +592  (total 3947)
13:30:59 2025-04-16..2025-04-30: +518  (total 4465)
13:31:09 2025-05-01..2025-05-15: +547  (total 5012)
13:31:16 search limit hit, sleeping 13s
13:31:34 2025-05-16..2025-05-31: +617  (total 5629)
13:31:44 2025-06-01..2025-06-15: +597  (total 6226)
13:31:55 2025-06-16..2025-06-30: +624  (total 6850)
13:32:04 2025-07-01..2025-07-15: +532  (total 7382)
13:32:16 2025-07-16..2025-07-31: +645  (total 8027)
13:32:18 search limit hit, sleeping 13s
13:32:38 2025-08-01..2025-08-15: +477  (total 8504)
13:32:48 2025-08-16..2025-08-31: +532  (total 9036)
13:32:59 2025-09-01..2025-09-15: +647  (total 9683)
13:33:10 2025-09-16..2025-09-30: +666  (total 10349)
13:33:20 search limit hit, sleeping 14s
13:33:35 2025-10-01..2025-10-15: +685  (total 11034)
13:33:51 2025-10-16..2025-10-31: +822  (total 11856)
13:34:01 2025-11-01..2025-11-15: +559  (total 12415)
13:34:11 2025-11-16..2025-11-30: +587  (total 13002)
13:34:23 2025-12-01..2025-12-15: +682  (total 13684)
13:34:24 search limit hit, sleeping 11s
13:34:41 2025-12-16..2025-12-31: +482  (total 14166)
13:34:41 14166 PRs to fetch for 2025-01-01 to 2025-12-31, list cached
13:34:44 PR 84063  (1 of 14166)
13:34:47 PR 84062  (2 of 14166)
13:34:50 PR 84060  (3 of 14166)
13:34:52 PR 84059  (4 of 14166)
13:34:54 PR 84058  (5 of 14166)
13:34:56 PR 84057  (6 of 14166)
13:34:58 PR 84056  (7 of 14166)
13:35:00 PR 84055  (8 of 14166)
13:35:03 PR 84054  (9 of 14166)
13:35:06 PR 84052  (10 of 14166)
13:35:08 PR 84050  (11 of 14166)
13:35:10 PR 84048  (12 of 14166)
13:35:12 PR 84047  (13 of 14166)
13:35:14 PR 84046  (14 of 14166)
13:35:16 PR 84045  (15 of 14166)
13:35:19 PR 84043  (16 of 14166)
13:35:21 PR 84042  (17 of 14166)
13:35:23 PR 84040  (18 of 14166)
13:35:25 PR 84039  (19 of 14166)
13:35:29 PR 84037  (20 of 14166)
13:35:32 PR 84035  (21 of 14166)
13:35:35 PR 84033  (22 of 14166)
13:35:38 PR 84032  (23 of 14166)
13:35:41 PR 84031  (24 of 14166)
13:35:44 PR 84030  (25 of 14166)
13:35:45 PR 84029  (26 of 14166)
13:35:48 PR 84028  (27 of 14166)
13:35:50 PR 84024  (28 of 14166)
13:35:53 PR 84022  (29 of 14166)
13:35:55 PR 84021  (30 of 14166)
13:35:57 PR 84020  (31 of 14166)
13:36:00 PR 84019  (32 of 14166)
13:36:03 PR 84018  (33 of 14166)
13:36:06 PR 84017  (34 of 14166)
13:36:08 PR 84016  (35 of 14166)
13:36:10 PR 84015  (36 of 14166)
13:36:12 PR 84014  (37 of 14166)
13:36:15 PR 84013  (38 of 14166)
13:36:16 PR 84012  (39 of 14166)
13:36:18 PR 84011  (40 of 14166)
13:36:21 PR 84010  (41 of 14166)
13:36:25 PR 84009  (42 of 14166)
13:36:28 PR 84008  (43 of 14166)
13:36:31 PR 84007  (44 of 14166)
13:36:34 PR 84006  (45 of 14166)
13:36:35 PR 84004  (46 of 14166)
13:36:37 PR 84003  (47 of 14166)
13:36:39 PR 84002  (48 of 14166)
13:36:41 PR 84001  (49 of 14166)
13:36:43 PR 84000  (50 of 14166)
13:36:46 PR 83999  (51 of 14166)
13:36:48 PR 83998  (52 of 14166)
13:36:49 PR 83997  (53 of 14166)
13:36:52 PR 83996  (54 of 14166)
13:36:54 PR 83994  (55 of 14166)
13:36:56 PR 83993  (56 of 14166)
13:36:58 PR 83992  (57 of 14166)
13:37:00 PR 83991  (58 of 14166)
13:37:02 PR 83990  (59 of 14166)
13:37:04 PR 83989  (60 of 14166)
13:37:06 PR 83988  (61 of 14166)
13:37:09 PR 83987  (62 of 14166)
13:37:11 PR 83985  (63 of 14166)
13:37:13 PR 83984  (64 of 14166)
13:37:15 PR 83981  (65 of 14166)
13:37:19 PR 83980  (66 of 14166)
13:37:20 PR 83979  (67 of 14166)
13:37:23 PR 83978  (68 of 14166)
13:37:29 PR 83976  (69 of 14166)
13:37:31 PR 83974  (70 of 14166)
13:37:34 PR 83972  (71 of 14166)
13:37:37 PR 83970  (72 of 14166)
13:37:39 PR 83968  (73 of 14166)
13:37:41 PR 83966  (74 of 14166)
13:37:43 PR 83965  (75 of 14166)
13:37:45 PR 83963  (76 of 14166)
13:37:47 PR 83961  (77 of 14166)
13:37:49 PR 83960  (78 of 14166)
13:37:51 PR 83959  (79 of 14166)
13:37:54 PR 83958  (80 of 14166)
13:37:56 PR 83956  (81 of 14166)
13:37:59 PR 83955  (82 of 14166)
13:38:01 PR 83954  (83 of 14166)
13:38:03 PR 83953  (84 of 14166)
13:38:05 PR 83952  (85 of 14166)
13:38:07 PR 83951  (86 of 14166)
13:38:08 PR 83950  (87 of 14166)
13:38:10 PR 83948  (88 of 14166)
13:38:13 PR 83947  (89 of 14166)
13:38:15 PR 83946  (90 of 14166)
13:38:17 PR 83945  (91 of 14166)
13:38:19 PR 83944  (92 of 14166)
13:38:21 PR 83943  (93 of 14166)
13:38:24 PR 83940  (94 of 14166)
13:38:26 PR 83939  (95 of 14166)
13:38:28 PR 83937  (96 of 14166)
13:38:31 PR 83936  (97 of 14166)
13:38:33 PR 83934  (98 of 14166)
13:38:36 PR 83933  (99 of 14166)
13:38:38 PR 83932  (100 of 14166)
13:38:41 PR 83931  (101 of 14166)
13:38:43 PR 83930  (102 of 14166)
13:38:45 PR 83929  (103 of 14166)
13:38:46 PR 83928  (104 of 14166)
13:38:48 PR 83927  (105 of 14166)
13:38:50 PR 83926  (106 of 14166)
13:38:52 PR 83925  (107 of 14166)
13:38:54 PR 83924  (108 of 14166)
13:38:56 PR 83923  (109 of 14166)
13:38:58 PR 83922  (110 of 14166)
13:39:00 PR 83921  (111 of 14166)
13:39:02 PR 83919  (112 of 14166)
13:39:04 PR 83917  (113 of 14166)
13:39:06 PR 83915  (114 of 14166)
13:39:10 PR 83914  (115 of 14166)
13:39:12 PR 83912  (116 of 14166)
13:39:14 PR 83910  (117 of 14166)
13:39:16 PR 83909  (118 of 14166)
13:39:19 PR 83908  (119 of 14166)
13:39:21 PR 83907  (120 of 14166)
13:39:23 PR 83906  (121 of 14166)
13:39:25 PR 83903  (122 of 14166)
13:39:27 PR 83902  (123 of 14166)
13:39:29 PR 83901  (124 of 14166)
13:39:31 PR 83900  (125 of 14166)
13:39:33 PR 83898  (126 of 14166)
13:39:35 PR 83896  (127 of 14166)
13:39:37 PR 83894  (128 of 14166)
13:39:39 PR 83893  (129 of 14166)
13:39:41 PR 83892  (130 of 14166)
13:39:43 PR 83891  (131 of 14166)
13:39:45 PR 83890  (132 of 14166)
13:39:47 PR 83888  (133 of 14166)
13:39:50 PR 83887  (134 of 14166)
13:39:52 PR 83884  (135 of 14166)
13:39:53 PR 83883  (136 of 14166)
13:39:56 PR 83881  (137 of 14166)
13:40:00 PR 83880  (138 of 14166)
13:40:01 PR 83879  (139 of 14166)
13:40:03 PR 83878  (140 of 14166)
13:40:06 PR 83877  (141 of 14166)
13:40:08 PR 83876  (142 of 14166)
13:40:10 PR 83875  (143 of 14166)
13:40:13 PR 83874  (144 of 14166)
13:40:15 PR 83872  (145 of 14166)
13:40:17 PR 83871  (146 of 14166)
13:40:19 PR 83870  (147 of 14166)
13:40:21 PR 83868  (148 of 14166)
13:40:23 PR 83867  (149 of 14166)
13:40:25 PR 83866  (150 of 14166)
13:40:27 PR 83862  (151 of 14166)
13:40:30 PR 83860  (152 of 14166)
13:40:33 PR 83859  (153 of 14166)
13:40:35 PR 83858  (154 of 14166)
13:40:37 PR 83857  (155 of 14166)
13:40:39 PR 83856  (156 of 14166)
13:40:44 PR 83854  (157 of 14166)
13:40:47 PR 83852  (158 of 14166)
13:40:49 PR 83851  (159 of 14166)
13:40:51 PR 83850  (160 of 14166)
13:40:53 PR 83849  (161 of 14166)
13:40:55 PR 83848  (162 of 14166)
13:40:57 PR 83847  (163 of 14166)
13:40:59 PR 83846  (164 of 14166)
13:41:01 PR 83845  (165 of 14166)
13:41:03 PR 83844  (166 of 14166)
13:41:05 PR 83843  (167 of 14166)
13:41:08 PR 83842  (168 of 14166)
13:41:10 PR 83841  (169 of 14166)
13:41:12 PR 83840  (170 of 14166)
13:41:14 PR 83839  (171 of 14166)
13:41:16 PR 83838  (172 of 14166)
13:41:18 PR 83837  (173 of 14166)
13:41:20 PR 83836  (174 of 14166)
13:41:22 PR 83835  (175 of 14166)
13:41:24 PR 83834  (176 of 14166)
13:41:26 PR 83833  (177 of 14166)
13:41:28 PR 83832  (178 of 14166)
13:41:29 PR 83831  (179 of 14166)
13:41:31 PR 83830  (180 of 14166)
13:41:34 PR 83829  (181 of 14166)
13:41:36 PR 83828  (182 of 14166)
13:41:38 PR 83827  (183 of 14166)
13:41:40 PR 83826  (184 of 14166)
13:41:42 PR 83825  (185 of 14166)
13:41:45 PR 83822  (186 of 14166)
13:41:47 PR 83820  (187 of 14166)
13:41:50 PR 83819  (188 of 14166)
13:41:53 PR 83818  (189 of 14166)
13:41:55 PR 83817  (190 of 14166)
13:41:58 PR 83816  (191 of 14166)
13:42:00 PR 83815  (192 of 14166)
13:42:02 PR 83814  (193 of 14166)
13:42:04 PR 83812  (194 of 14166)
13:42:06 PR 83811  (195 of 14166)
13:42:09 PR 83810  (196 of 14166)
13:42:11 PR 83809  (197 of 14166)
13:42:14 PR 83808  (198 of 14166)
13:42:16 PR 83807  (199 of 14166)
13:42:18 PR 83805  (200 of 14166)
13:42:23 PR 83803  (201 of 14166)
13:42:24 PR 83802  (202 of 14166)
13:42:26 PR 83801  (203 of 14166)
13:42:28 PR 83799  (204 of 14166)
13:42:31 PR 83797  (205 of 14166)
13:42:33 PR 83796  (206 of 14166)
13:42:35 PR 83795  (207 of 14166)
13:42:37 PR 83791  (208 of 14166)
13:42:39 PR 83790  (209 of 14166)
13:42:41 PR 83789  (210 of 14166)
13:42:43 PR 83788  (211 of 14166)
13:42:45 PR 83787  (212 of 14166)
13:42:47 PR 83786  (213 of 14166)
13:42:50 PR 83785  (214 of 14166)
13:42:52 PR 83783  (215 of 14166)
13:42:54 PR 83782  (216 of 14166)
13:42:57 PR 83781  (217 of 14166)
13:42:59 PR 83780  (218 of 14166)
13:43:02 PR 83779  (219 of 14166)
13:43:05 PR 83778  (220 of 14166)
13:43:07 PR 83777  (221 of 14166)
13:43:09 PR 83776  (222 of 14166)
13:43:13 PR 83774  (223 of 14166)
13:43:16 PR 83773  (224 of 14166)
13:43:17 PR 83772  (225 of 14166)
13:43:19 PR 83771  (226 of 14166)
13:43:21 PR 83770  (227 of 14166)
13:43:24 PR 83769  (228 of 14166)
13:43:26 PR 83768  (229 of 14166)
13:43:29 PR 83763  (230 of 14166)
13:43:31 PR 83762  (231 of 14166)
13:43:33 PR 83761  (232 of 14166)
13:43:37 PR 83760  (233 of 14166)
13:43:41 PR 83759  (234 of 14166)
13:43:43 PR 83758  (235 of 14166)
13:43:45 PR 83757  (236 of 14166)
13:43:47 PR 83756  (237 of 14166)
13:43:49 PR 83755  (238 of 14166)
13:43:52 PR 83754  (239 of 14166)
13:43:54 PR 83753  (240 of 14166)
13:43:56 PR 83751  (241 of 14166)
13:43:58 PR 83750  (242 of 14166)
13:44:00 PR 83749  (243 of 14166)
13:44:03 PR 83748  (244 of 14166)
13:44:05 PR 83746  (245 of 14166)
13:44:07 PR 83740  (246 of 14166)
13:44:09 PR 83739  (247 of 14166)
13:44:12 PR 83738  (248 of 14166)
13:44:14 PR 83732  (249 of 14166)
13:44:16 PR 83731  (250 of 14166)
13:44:20 PR 83730  (251 of 14166)
13:44:22 PR 83729  (252 of 14166)
13:44:24 PR 83728  (253 of 14166)
13:44:26 PR 83727  (254 of 14166)
13:44:31 PR 83726  (255 of 14166)
13:44:33 PR 83724  (256 of 14166)
13:44:35 PR 83723  (257 of 14166)
13:44:37 PR 83722  (258 of 14166)
13:44:39 PR 83721  (259 of 14166)
13:44:42 PR 83720  (260 of 14166)
13:44:44 PR 83719  (261 of 14166)
13:44:47 PR 83718  (262 of 14166)
13:44:49 PR 83716  (263 of 14166)
13:44:51 PR 83715  (264 of 14166)
13:44:54 PR 83713  (265 of 14166)
13:44:55 PR 83711  (266 of 14166)
13:44:58 PR 83710  (267 of 14166)
13:45:00 PR 83709  (268 of 14166)
13:45:03 PR 83708  (269 of 14166)
13:45:05 PR 83707  (270 of 14166)
13:45:07 PR 83706  (271 of 14166)
13:45:09 PR 83705  (272 of 14166)
13:45:12 PR 83704  (273 of 14166)
13:45:14 PR 83703  (274 of 14166)
13:45:16 PR 83702  (275 of 14166)
13:45:18 PR 83700  (276 of 14166)
13:45:21 PR 83699  (277 of 14166)
13:45:23 PR 83698  (278 of 14166)
13:45:26 PR 83697  (279 of 14166)
13:45:28 PR 83695  (280 of 14166)
13:45:30 PR 83694  (281 of 14166)
13:45:32 PR 83692  (282 of 14166)
13:45:35 PR 83691  (283 of 14166)
13:45:36 PR 83690  (284 of 14166)
13:45:38 PR 83688  (285 of 14166)
13:45:40 PR 83687  (286 of 14166)
13:45:42 PR 83686  (287 of 14166)
13:45:44 PR 83685  (288 of 14166)
13:45:46 PR 83684  (289 of 14166)
13:45:49 PR 83683  (290 of 14166)
13:45:52 PR 83682  (291 of 14166)
13:45:54 PR 83681  (292 of 14166)
13:45:56 PR 83680  (293 of 14166)
13:45:58 PR 83679  (294 of 14166)
13:46:00 PR 83677  (295 of 14166)
13:46:02 PR 83676  (296 of 14166)
13:46:04 PR 83675  (297 of 14166)
13:46:06 PR 83674  (298 of 14166)
13:46:08 PR 83673  (299 of 14166)
13:46:10 PR 83672  (300 of 14166)
13:46:12 PR 83668  (301 of 14166)
13:46:14 PR 83667  (302 of 14166)
13:46:16 PR 83665  (303 of 14166)
13:46:18 PR 83664  (304 of 14166)
13:46:20 PR 83661  (305 of 14166)
13:46:22 PR 83658  (306 of 14166)
13:46:25 PR 83657  (307 of 14166)
13:46:27 PR 83655  (308 of 14166)
13:46:29 PR 83654  (309 of 14166)
13:46:31 PR 83653  (310 of 14166)
13:46:34 PR 83652  (311 of 14166)
13:46:36 PR 83651  (312 of 14166)
13:46:38 PR 83650  (313 of 14166)
13:46:40 PR 83649  (314 of 14166)
13:46:42 PR 83648  (315 of 14166)
13:46:44 PR 83647  (316 of 14166)
13:46:46 PR 83646  (317 of 14166)
13:46:48 PR 83645  (318 of 14166)
13:46:50 PR 83644  (319 of 14166)
13:46:51 PR 83642  (320 of 14166)
13:46:54 PR 83641  (321 of 14166)
13:46:56 PR 83640  (322 of 14166)
13:46:58 PR 83639  (323 of 14166)
13:47:00 PR 83638  (324 of 14166)
13:47:02 PR 83637  (325 of 14166)
13:47:04 PR 83635  (326 of 14166)
13:47:06 PR 83633  (327 of 14166)
13:47:08 PR 83632  (328 of 14166)
13:47:10 PR 83631  (329 of 14166)
13:47:13 PR 83630  (330 of 14166)
13:47:14 PR 83629  (331 of 14166)
13:47:17 PR 83628  (332 of 14166)
13:47:19 PR 83627  (333 of 14166)
13:47:21 PR 83626  (334 of 14166)
13:47:23 PR 83620  (335 of 14166)
13:47:25 PR 83616  (336 of 14166)
13:47:27 PR 83615  (337 of 14166)
13:47:30 PR 83614  (338 of 14166)
13:47:32 PR 83613  (339 of 14166)
13:47:34 PR 83612  (340 of 14166)
13:47:36 PR 83611  (341 of 14166)
13:47:38 PR 83610  (342 of 14166)
13:47:40 PR 83609  (343 of 14166)
13:47:42 PR 83608  (344 of 14166)
13:47:44 PR 83606  (345 of 14166)
13:47:45 PR 83604  (346 of 14166)
13:47:47 PR 83603  (347 of 14166)
13:47:49 PR 83602  (348 of 14166)
13:47:52 PR 83601  (349 of 14166)
13:47:54 PR 83597  (350 of 14166)
13:47:56 PR 83596  (351 of 14166)
13:47:58 PR 83593  (352 of 14166)
13:48:00 PR 83592  (353 of 14166)
13:48:02 PR 83590  (354 of 14166)
13:48:04 PR 83589  (355 of 14166)
13:48:07 PR 83588  (356 of 14166)
13:48:09 PR 83587  (357 of 14166)
13:48:11 PR 83583  (358 of 14166)
13:48:14 PR 83581  (359 of 14166)
13:48:16 PR 83580  (360 of 14166)
13:48:17 PR 83579  (361 of 14166)
13:48:19 PR 83578  (362 of 14166)
13:48:21 PR 83577  (363 of 14166)
13:48:23 PR 83576  (364 of 14166)
13:48:26 PR 83575  (365 of 14166)
13:48:28 PR 83573  (366 of 14166)
13:48:30 PR 83572  (367 of 14166)
13:48:32 PR 83571  (368 of 14166)
13:48:34 PR 83570  (369 of 14166)
13:48:38 PR 83569  (370 of 14166)
13:48:40 PR 83568  (371 of 14166)
13:48:43 PR 83566  (372 of 14166)
13:48:44 PR 83565  (373 of 14166)
13:48:46 PR 83564  (374 of 14166)
13:48:49 PR 83563  (375 of 14166)
13:48:51 PR 83562  (376 of 14166)
13:48:53 PR 83561  (377 of 14166)
13:48:55 PR 83560  (378 of 14166)
13:48:57 PR 83559  (379 of 14166)
13:48:58 PR 83558  (380 of 14166)
13:49:00 PR 83557  (381 of 14166)
13:49:02 PR 83556  (382 of 14166)
13:49:04 PR 83553  (383 of 14166)
13:49:06 PR 83552  (384 of 14166)
13:49:09 PR 83549  (385 of 14166)
13:49:12 PR 83548  (386 of 14166)
13:49:14 PR 83547  (387 of 14166)
13:49:16 PR 83546  (388 of 14166)
13:49:18 PR 83544  (389 of 14166)
13:49:19 PR 83542  (390 of 14166)
13:49:21 PR 83541  (391 of 14166)
13:49:23 PR 83540  (392 of 14166)
13:49:25 PR 83539  (393 of 14166)
13:49:28 PR 83538  (394 of 14166)
13:49:30 PR 83537  (395 of 14166)
13:49:32 PR 83536  (396 of 14166)
13:49:34 PR 83535  (397 of 14166)
13:49:36 PR 83533  (398 of 14166)
13:49:38 PR 83532  (399 of 14166)
14:59:50 starting - 399 PRs already saved, skipping those
14:59:51 reusing cached list of 14166 PR numbers
14:59:53 PR 83531  (400 of 14166)
14:59:55 PR 83530  (401 of 14166)
14:59:58 PR 83528  (402 of 14166)
15:00:00 PR 83527  (403 of 14166)
15:00:03 PR 83526  (404 of 14166)
15:00:05 PR 83524  (405 of 14166)
15:00:07 PR 83523  (406 of 14166)
15:00:09 PR 83522  (407 of 14166)
15:00:11 PR 83520  (408 of 14166)
15:00:13 PR 83518  (409 of 14166)
15:00:15 PR 83517  (410 of 14166)
15:00:18 PR 83516  (411 of 14166)
15:00:20 PR 83515  (412 of 14166)
15:00:22 PR 83514  (413 of 14166)
15:00:24 PR 83513  (414 of 14166)
15:00:26 PR 83512  (415 of 14166)
15:00:28 PR 83511  (416 of 14166)
15:00:30 PR 83510  (417 of 14166)
15:00:33 PR 83508  (418 of 14166)
15:00:36 PR 83507  (419 of 14166)
15:00:37 PR 83506  (420 of 14166)
15:00:40 PR 83505  (421 of 14166)
15:00:42 PR 83504  (422 of 14166)
15:00:44 PR 83503  (423 of 14166)
15:00:46 PR 83502  (424 of 14166)
15:00:48 PR 83501  (425 of 14166)
15:00:50 PR 83500  (426 of 14166)
15:00:52 PR 83499  (427 of 14166)
15:00:54 PR 83498  (428 of 14166)
15:00:56 PR 83497  (429 of 14166)
15:00:58 PR 83496  (430 of 14166)
15:01:00 PR 83495  (431 of 14166)
15:01:02 PR 83493  (432 of 14166)
15:01:04 PR 83492  (433 of 14166)
15:01:06 PR 83491  (434 of 14166)
15:01:08 PR 83490  (435 of 14166)
15:01:10 PR 83488  (436 of 14166)
15:01:12 PR 83486  (437 of 14166)
15:01:14 PR 83485  (438 of 14166)
15:01:16 PR 83484  (439 of 14166)
15:01:19 PR 83483  (440 of 14166)
15:01:21 PR 83481  (441 of 14166)
15:01:24 PR 83479  (442 of 14166)
15:01:25 PR 83477  (443 of 14166)
15:01:28 PR 85003  (444 of 14166)
15:01:30 PR 85002  (445 of 14166)
15:01:33 PR 85001  (446 of 14166)
15:01:35 PR 85000  (447 of 14166)
15:01:37 PR 84997  (448 of 14166)
15:01:40 PR 84996  (449 of 14166)
15:01:42 PR 84995  (450 of 14166)
15:01:44 PR 84994  (451 of 14166)
15:01:46 PR 84993  (452 of 14166)
15:01:48 PR 84992  (453 of 14166)
15:01:49 PR 84991  (454 of 14166)
15:01:52 PR 84990  (455 of 14166)
15:01:54 PR 84989  (456 of 14166)
15:01:57 PR 84988  (457 of 14166)
15:01:59 PR 84987  (458 of 14166)
15:02:01 PR 84986  (459 of 14166)
15:02:03 PR 84985  (460 of 14166)
15:02:05 PR 84983  (461 of 14166)
15:02:08 PR 84982  (462 of 14166)
15:02:10 PR 84980  (463 of 14166)
15:02:12 PR 84979  (464 of 14166)
15:02:14 PR 84978  (465 of 14166)
15:02:17 PR 84976  (466 of 14166)
15:02:20 PR 84975  (467 of 14166)
15:02:22 PR 84974  (468 of 14166)
15:02:24 PR 84973  (469 of 14166)
15:02:26 PR 84972  (470 of 14166)
15:02:29 PR 84971  (471 of 14166)
15:02:31 PR 84970  (472 of 14166)
15:02:33 PR 84969  (473 of 14166)
15:02:35 PR 84967  (474 of 14166)
15:02:38 PR 84966  (475 of 14166)
15:02:40 PR 84965  (476 of 14166)
15:02:42 PR 84964  (477 of 14166)
15:02:44 PR 84963  (478 of 14166)
15:02:46 PR 84962  (479 of 14166)
15:02:48 PR 84961  (480 of 14166)
15:02:50 PR 84959  (481 of 14166)
15:02:52 PR 84958  (482 of 14166)
15:02:53 PR 84957  (483 of 14166)
15:02:55 PR 84955  (484 of 14166)
15:02:58 PR 84953  (485 of 14166)
15:03:00 PR 84949  (486 of 14166)
15:03:02 PR 84948  (487 of 14166)
15:03:04 PR 84947  (488 of 14166)
15:03:06 PR 84946  (489 of 14166)
15:03:09 PR 84945  (490 of 14166)
15:03:11 PR 84944  (491 of 14166)
15:03:13 PR 84943  (492 of 14166)
15:03:15 PR 84942  (493 of 14166)
15:03:17 PR 84941  (494 of 14166)
15:03:19 PR 84940  (495 of 14166)
15:03:21 PR 84939  (496 of 14166)
15:03:23 PR 84938  (497 of 14166)
15:03:26 PR 84937  (498 of 14166)
15:03:28 PR 84935  (499 of 14166)
15:03:30 PR 84932  (500 of 14166)
15:03:32 PR 84931  (501 of 14166)
15:03:34 PR 84930  (502 of 14166)
15:03:37 PR 84926  (503 of 14166)
15:03:38 PR 84925  (504 of 14166)
15:03:40 PR 84924  (505 of 14166)
15:03:42 PR 84923  (506 of 14166)
15:03:44 PR 84922  (507 of 14166)
15:03:46 PR 84920  (508 of 14166)
15:03:49 PR 84916  (509 of 14166)
15:03:51 PR 84915  (510 of 14166)
15:03:53 PR 84912  (511 of 14166)
15:03:55 PR 84911  (512 of 14166)
15:03:57 PR 84908  (513 of 14166)
15:03:59 PR 84907  (514 of 14166)
15:04:01 PR 84906  (515 of 14166)
15:04:03 PR 84905  (516 of 14166)
15:04:06 PR 84904  (517 of 14166)
15:04:08 PR 84903  (518 of 14166)
15:04:10 PR 84901  (519 of 14166)
15:04:13 PR 84899  (520 of 14166)
15:04:15 PR 84897  (521 of 14166)
15:04:17 PR 84896  (522 of 14166)
15:04:19 PR 84895  (523 of 14166)
15:04:21 PR 84894  (524 of 14166)
15:04:23 PR 84893  (525 of 14166)
15:04:25 PR 84891  (526 of 14166)
15:04:27 PR 84890  (527 of 14166)
15:04:30 PR 84889  (528 of 14166)
15:04:32 PR 84888  (529 of 14166)
15:04:34 PR 84887  (530 of 14166)
15:04:36 PR 84886  (531 of 14166)
15:04:38 PR 84885  (532 of 14166)
15:04:40 PR 84884  (533 of 14166)
15:04:42 PR 84881  (534 of 14166)
15:04:45 PR 84879  (535 of 14166)
15:04:46 PR 84878  (536 of 14166)
15:04:49 PR 84877  (537 of 14166)
15:04:51 PR 84875  (538 of 14166)
15:04:53 PR 84873  (539 of 14166)
15:04:55 PR 84872  (540 of 14166)
15:04:58 PR 84871  (541 of 14166)
15:05:00 PR 84869  (542 of 14166)
15:05:02 PR 84868  (543 of 14166)
15:05:04 PR 84867  (544 of 14166)
15:05:06 PR 84866  (545 of 14166)
15:05:08 PR 84865  (546 of 14166)
15:05:11 PR 84864  (547 of 14166)
15:05:13 PR 84863  (548 of 14166)
15:05:15 PR 84862  (549 of 14166)
15:05:17 PR 84860  (550 of 14166)
15:05:19 PR 84859  (551 of 14166)
15:05:21 PR 84858  (552 of 14166)
15:05:23 PR 84857  (553 of 14166)
15:05:25 PR 84855  (554 of 14166)
15:05:27 PR 84854  (555 of 14166)
15:05:29 PR 84853  (556 of 14166)
15:05:31 PR 84852  (557 of 14166)
15:05:33 PR 84851  (558 of 14166)
15:05:36 PR 84850  (559 of 14166)
15:05:37 PR 84849  (560 of 14166)
15:05:39 PR 84848  (561 of 14166)
15:05:41 PR 84847  (562 of 14166)
15:05:44 PR 84844  (563 of 14166)
15:05:46 PR 84843  (564 of 14166)
15:05:48 PR 84841  (565 of 14166)
15:05:49 PR 84839  (566 of 14166)
15:05:51 PR 84837  (567 of 14166)
15:05:54 PR 84836  (568 of 14166)
15:05:56 PR 84835  (569 of 14166)
15:06:01 PR 84834  (570 of 14166)
15:06:02 PR 84832  (571 of 14166)
15:06:05 PR 84831  (572 of 14166)
15:06:07 PR 84830  (573 of 14166)
15:06:10 PR 84829  (574 of 14166)
15:06:12 PR 84827  (575 of 14166)
15:06:14 PR 84826  (576 of 14166)
15:06:17 PR 84825  (577 of 14166)
15:06:19 PR 84823  (578 of 14166)
15:06:21 PR 84821  (579 of 14166)
15:06:23 PR 84815  (580 of 14166)
15:06:25 PR 84802  (581 of 14166)
15:06:29 PR 84800  (582 of 14166)
15:06:31 PR 84772  (583 of 14166)
15:06:32 PR 84760  (584 of 14166)
15:06:35 PR 84755  (585 of 14166)
15:06:37 PR 84726  (586 of 14166)
15:06:41 PR 84691  (587 of 14166)
15:06:43 PR 84675  (588 of 14166)
15:06:45 PR 84674  (589 of 14166)
15:06:47 PR 84672  (590 of 14166)
15:06:49 PR 84671  (591 of 14166)
15:06:51 PR 84670  (592 of 14166)
15:06:53 PR 84668  (593 of 14166)
15:06:55 PR 84666  (594 of 14166)
15:06:57 PR 84665  (595 of 14166)
15:06:58 PR 84663  (596 of 14166)
15:07:00 PR 84660  (597 of 14166)
15:07:02 PR 84659  (598 of 14166)
15:07:04 PR 84658  (599 of 14166)
15:07:06 PR 84657  (600 of 14166)
15:07:08 PR 84656  (601 of 14166)
15:07:10 PR 84655  (602 of 14166)
15:07:11 PR 84654  (603 of 14166)
15:07:13 PR 84653  (604 of 14166)
15:07:15 PR 84652  (605 of 14166)
15:07:18 PR 84651  (606 of 14166)
15:07:20 PR 84650  (607 of 14166)
15:07:22 PR 84649  (608 of 14166)
15:07:24 PR 84648  (609 of 14166)
15:07:26 PR 84646  (610 of 14166)
15:07:29 PR 84645  (611 of 14166)
15:07:31 PR 84643  (612 of 14166)
15:07:33 PR 84642  (613 of 14166)
15:07:35 PR 84641  (614 of 14166)
15:07:37 PR 84640  (615 of 14166)
15:07:40 PR 84639  (616 of 14166)
15:07:41 PR 84638  (617 of 14166)
15:07:44 PR 84637  (618 of 14166)
15:07:47 PR 84636  (619 of 14166)
15:07:50 PR 84635  (620 of 14166)
15:07:52 PR 84634  (621 of 14166)
15:07:55 PR 84632  (622 of 14166)
15:07:58 PR 84631  (623 of 14166)
15:08:00 PR 84630  (624 of 14166)
15:08:03 PR 84629  (625 of 14166)
15:08:05 PR 84628  (626 of 14166)
15:08:07 PR 84627  (627 of 14166)
15:08:09 PR 84626  (628 of 14166)
15:08:11 PR 84625  (629 of 14166)
15:08:13 PR 84623  (630 of 14166)
15:08:15 PR 84622  (631 of 14166)
15:08:16 PR 84621  (632 of 14166)
15:08:18 PR 84619  (633 of 14166)
15:08:20 PR 84618  (634 of 14166)
15:08:22 PR 84617  (635 of 14166)
15:08:24 PR 84616  (636 of 14166)
15:08:26 PR 84615  (637 of 14166)
15:08:28 PR 84613  (638 of 14166)
15:08:31 PR 84612  (639 of 14166)
15:08:32 PR 84611  (640 of 14166)
15:08:35 PR 84610  (641 of 14166)
15:08:37 PR 84609  (642 of 14166)
15:08:39 PR 84608  (643 of 14166)
15:08:40 PR 84607  (644 of 14166)
15:08:42 PR 84606  (645 of 14166)
15:08:44 PR 84605  (646 of 14166)
15:08:46 PR 84604  (647 of 14166)
15:08:48 PR 84603  (648 of 14166)
15:08:50 PR 84602  (649 of 14166)
15:08:52 PR 84601  (650 of 14166)
15:08:54 PR 84599  (651 of 14166)
15:08:56 PR 84598  (652 of 14166)
15:08:58 PR 84597  (653 of 14166)
15:09:01 PR 84596  (654 of 14166)
15:09:03 PR 84595  (655 of 14166)
15:09:05 PR 84594  (656 of 14166)
15:09:07 PR 84592  (657 of 14166)
15:09:09 PR 84591  (658 of 14166)
15:09:12 PR 84590  (659 of 14166)
15:09:14 PR 84589  (660 of 14166)
15:09:17 PR 84587  (661 of 14166)
15:09:19 PR 84585  (662 of 14166)
15:09:22 PR 84584  (663 of 14166)
15:09:24 PR 84583  (664 of 14166)
15:09:26 PR 84582  (665 of 14166)
15:09:28 PR 84581  (666 of 14166)
15:09:30 PR 84580  (667 of 14166)
15:09:32 PR 84579  (668 of 14166)
15:09:33 PR 84577  (669 of 14166)
15:09:35 PR 84575  (670 of 14166)
15:09:37 PR 84574  (671 of 14166)
15:09:39 PR 84573  (672 of 14166)
15:09:41 PR 84572  (673 of 14166)
15:09:43 PR 84571  (674 of 14166)
15:09:45 PR 84569  (675 of 14166)
15:09:47 PR 84568  (676 of 14166)
15:09:48 PR 84567  (677 of 14166)
15:09:51 PR 84565  (678 of 14166)
15:09:53 PR 84564  (679 of 14166)
15:09:58 PR 84563  (680 of 14166)
15:10:00 PR 84560  (681 of 14166)
15:10:02 PR 84559  (682 of 14166)
15:10:04 PR 84558  (683 of 14166)
15:10:06 PR 84557  (684 of 14166)
15:10:08 PR 84556  (685 of 14166)
15:10:11 PR 84555  (686 of 14166)
15:10:13 PR 84554  (687 of 14166)
15:10:16 PR 84553  (688 of 14166)
15:10:18 PR 84552  (689 of 14166)
15:10:21 PR 84551  (690 of 14166)
15:10:23 PR 84550  (691 of 14166)
15:10:25 PR 84549  (692 of 14166)
15:10:27 PR 84548  (693 of 14166)
15:10:29 PR 84547  (694 of 14166)
15:10:31 PR 84546  (695 of 14166)
15:10:33 PR 84545  (696 of 14166)
15:10:37 PR 84544  (697 of 14166)
15:10:39 PR 84543  (698 of 14166)
15:10:40 PR 84542  (699 of 14166)
15:10:42 PR 84539  (700 of 14166)
15:10:44 PR 84537  (701 of 14166)
15:10:47 PR 84536  (702 of 14166)
15:10:49 PR 84535  (703 of 14166)
15:10:51 PR 84534  (704 of 14166)
15:10:53 PR 84533  (705 of 14166)
15:10:55 PR 84532  (706 of 14166)
15:10:57 PR 84531  (707 of 14166)
15:11:00 PR 84530  (708 of 14166)
15:11:02 PR 84529  (709 of 14166)
15:11:05 PR 84528  (710 of 14166)
15:11:07 PR 84527  (711 of 14166)
15:11:09 PR 84526  (712 of 14166)
15:11:11 PR 84525  (713 of 14166)
15:11:13 PR 84523  (714 of 14166)
15:11:16 PR 84521  (715 of 14166)
15:11:20 PR 84520  (716 of 14166)
15:11:22 PR 84519  (717 of 14166)
15:11:24 PR 84518  (718 of 14166)
15:11:27 PR 84517  (719 of 14166)
15:11:28 PR 84516  (720 of 14166)
15:11:30 PR 84515  (721 of 14166)
15:11:32 PR 84514  (722 of 14166)
15:11:34 PR 84513  (723 of 14166)
15:11:36 PR 84512  (724 of 14166)
15:11:38 PR 84510  (725 of 14166)
15:11:40 PR 84509  (726 of 14166)
15:11:43 PR 84508  (727 of 14166)
15:11:44 PR 84507  (728 of 14166)
15:11:46 PR 84505  (729 of 14166)
15:11:48 PR 84504  (730 of 14166)
15:11:50 PR 84503  (731 of 14166)
15:11:53 PR 84502  (732 of 14166)
15:11:54 PR 84500  (733 of 14166)
15:11:57 PR 84499  (734 of 14166)
15:11:59 PR 84498  (735 of 14166)
15:12:01 PR 84497  (736 of 14166)
15:12:03 PR 84496  (737 of 14166)
15:12:05 PR 84495  (738 of 14166)
15:12:08 PR 84494  (739 of 14166)
15:12:10 PR 84492  (740 of 14166)
15:12:12 PR 84490  (741 of 14166)
15:12:15 PR 84487  (742 of 14166)
15:12:17 PR 84485  (743 of 14166)
15:12:19 PR 84483  (744 of 14166)
15:12:21 PR 84481  (745 of 14166)
15:12:23 PR 84480  (746 of 14166)
15:12:25 PR 84479  (747 of 14166)
15:12:27 PR 84478  (748 of 14166)
15:12:29 PR 84477  (749 of 14166)
15:12:31 PR 84476  (750 of 14166)
15:12:34 PR 84473  (751 of 14166)
15:12:36 PR 84472  (752 of 14166)
15:12:38 PR 84471  (753 of 14166)
15:12:40 PR 84470  (754 of 14166)
15:12:42 PR 84469  (755 of 14166)
15:12:44 PR 84467  (756 of 14166)
15:12:46 PR 84466  (757 of 14166)
15:12:48 PR 84465  (758 of 14166)
15:12:50 PR 84463  (759 of 14166)
15:12:52 PR 84462  (760 of 14166)
15:12:54 PR 84461  (761 of 14166)
15:12:56 PR 84458  (762 of 14166)
15:12:58 PR 84457  (763 of 14166)
15:12:59 PR 84454  (764 of 14166)
15:13:02 PR 84452  (765 of 14166)
15:13:04 PR 84451  (766 of 14166)
15:13:05 PR 84450  (767 of 14166)
15:13:08 PR 84449  (768 of 14166)
15:13:10 PR 84447  (769 of 14166)
15:13:12 PR 84446  (770 of 14166)
15:13:14 PR 84445  (771 of 14166)
15:13:16 PR 84440  (772 of 14166)
15:13:18 PR 84437  (773 of 14166)
15:13:20 PR 84436  (774 of 14166)
15:13:21 PR 84434  (775 of 14166)
15:13:23 PR 84433  (776 of 14166)
15:13:25 PR 84431  (777 of 14166)
15:13:27 PR 84430  (778 of 14166)
15:13:29 PR 84429  (779 of 14166)
15:13:31 PR 84427  (780 of 14166)
15:13:34 PR 84425  (781 of 14166)
15:13:36 PR 84423  (782 of 14166)
15:13:38 PR 84422  (783 of 14166)
15:13:40 PR 84421  (784 of 14166)
15:13:42 PR 84420  (785 of 14166)
15:13:44 PR 84419  (786 of 14166)
15:13:46 PR 84418  (787 of 14166)
15:13:47 PR 84416  (788 of 14166)
15:13:49 PR 84414  (789 of 14166)
15:13:51 PR 84412  (790 of 14166)
15:13:53 PR 84411  (791 of 14166)
15:13:56 PR 84410  (792 of 14166)
15:13:58 PR 84409  (793 of 14166)
15:13:59 PR 84408  (794 of 14166)
15:14:01 PR 84407  (795 of 14166)
15:14:03 PR 84406  (796 of 14166)
15:14:05 PR 84405  (797 of 14166)
15:14:07 PR 84404  (798 of 14166)
15:14:09 PR 84403  (799 of 14166)
15:14:11 PR 84402  (800 of 14166)
15:14:14 PR 84401  (801 of 14166)
15:14:15 PR 84400  (802 of 14166)
15:14:18 PR 84399  (803 of 14166)
15:14:20 PR 84398  (804 of 14166)
15:14:22 PR 84397  (805 of 14166)
15:14:24 PR 84396  (806 of 14166)
15:14:27 PR 84394  (807 of 14166)
15:14:29 PR 84393  (808 of 14166)
15:14:31 PR 84392  (809 of 14166)
15:14:33 PR 84391  (810 of 14166)
15:14:36 PR 84390  (811 of 14166)
15:14:38 PR 84389  (812 of 14166)
15:14:40 PR 84388  (813 of 14166)
15:14:43 PR 84387  (814 of 14166)
15:14:44 PR 84386  (815 of 14166)
15:14:46 PR 84385  (816 of 14166)
15:14:48 PR 84383  (817 of 14166)
15:14:50 PR 84382  (818 of 14166)
15:14:52 PR 84381  (819 of 14166)
15:30:07 starting - 819 PRs already saved, skipping those
15:30:07 reusing cached list of 14166 PR numbers
15:30:09 PR 84380  (820 of 14166)
15:30:12 PR 84379  (821 of 14166)
15:30:14 PR 84378  (822 of 14166)
15:30:16 PR 84377  (823 of 14166)
15:30:19 PR 84376  (824 of 14166)
15:30:21 PR 84375  (825 of 14166)
15:30:22 PR 84374  (826 of 14166)
15:30:25 PR 84373  (827 of 14166)
15:30:27 PR 84370  (828 of 14166)
15:30:30 PR 84369  (829 of 14166)
15:30:33 PR 84368  (830 of 14166)
15:30:36 PR 84367  (831 of 14166)
15:30:38 PR 84366  (832 of 14166)
15:30:40 PR 84365  (833 of 14166)
15:30:42 PR 84364  (834 of 14166)
15:30:44 PR 84362  (835 of 14166)
15:30:47 PR 84361  (836 of 14166)
15:30:49 PR 84360  (837 of 14166)
15:30:51 PR 84359  (838 of 14166)
15:30:53 PR 84358  (839 of 14166)
15:30:55 PR 84357  (840 of 14166)
15:30:57 PR 84356  (841 of 14166)
15:30:59 PR 84355  (842 of 14166)
15:31:01 PR 84354  (843 of 14166)
15:31:03 PR 84353  (844 of 14166)
15:31:05 PR 84352  (845 of 14166)
15:31:08 PR 84351  (846 of 14166)
15:31:10 PR 84350  (847 of 14166)
15:31:12 PR 84349  (848 of 14166)
15:31:14 PR 84348  (849 of 14166)
15:31:16 PR 84347  (850 of 14166)
15:31:18 PR 84346  (851 of 14166)
15:31:19 PR 84345  (852 of 14166)
15:31:22 PR 84344  (853 of 14166)
15:31:24 PR 84343  (854 of 14166)
15:31:26 PR 84342  (855 of 14166)
15:31:28 PR 84341  (856 of 14166)
15:31:29 PR 84338  (857 of 14166)
15:31:32 PR 84337  (858 of 14166)
15:31:33 PR 84336  (859 of 14166)
15:31:35 PR 84335  (860 of 14166)
15:31:38 PR 84334  (861 of 14166)
15:31:40 PR 84332  (862 of 14166)
15:31:42 PR 84331  (863 of 14166)
15:31:44 PR 84330  (864 of 14166)
15:31:46 PR 84327  (865 of 14166)
15:31:48 PR 84326  (866 of 14166)
15:31:50 PR 84325  (867 of 14166)
15:31:52 PR 84324  (868 of 14166)
15:31:55 PR 84323  (869 of 14166)
15:31:57 PR 84322  (870 of 14166)
15:31:59 PR 84321  (871 of 14166)
15:32:03 PR 84319  (872 of 14166)
15:32:05 PR 84318  (873 of 14166)
15:32:07 PR 84316  (874 of 14166)
15:32:09 PR 84313  (875 of 14166)
15:32:11 PR 84312  (876 of 14166)
15:32:13 PR 84310  (877 of 14166)
15:32:15 PR 84308  (878 of 14166)
15:32:17 PR 84307  (879 of 14166)
15:32:20 PR 84305  (880 of 14166)
15:32:22 PR 84304  (881 of 14166)
15:32:24 PR 84302  (882 of 14166)
15:32:28 PR 84301  (883 of 14166)
15:32:30 PR 84300  (884 of 14166)
15:32:32 PR 84299  (885 of 14166)
15:32:34 PR 84298  (886 of 14166)
15:32:36 PR 84297  (887 of 14166)
15:32:39 PR 84295  (888 of 14166)
15:32:41 PR 84293  (889 of 14166)
15:32:43 PR 84292  (890 of 14166)
15:32:45 PR 84290  (891 of 14166)
15:32:47 PR 84289  (892 of 14166)
15:32:49 PR 84287  (893 of 14166)
15:32:51 PR 84285  (894 of 14166)
15:32:54 PR 84284  (895 of 14166)
15:32:55 PR 84283  (896 of 14166)
15:32:57 PR 84282  (897 of 14166)
15:32:59 PR 84281  (898 of 14166)
15:33:01 PR 84280  (899 of 14166)
15:33:03 PR 84279  (900 of 14166)
15:33:05 PR 84278  (901 of 14166)
15:33:07 PR 84277  (902 of 14166)
15:33:09 PR 84276  (903 of 14166)
15:33:11 PR 84275  (904 of 14166)
15:33:13 PR 84273  (905 of 14166)
15:33:16 PR 84272  (906 of 14166)
15:33:18 PR 84271  (907 of 14166)
15:33:20 PR 84270  (908 of 14166)
15:33:22 PR 84269  (909 of 14166)
15:33:25 PR 84268  (910 of 14166)
15:33:27 PR 84267  (911 of 14166)
15:33:30 PR 84266  (912 of 14166)
15:33:32 PR 84265  (913 of 14166)
15:33:34 PR 84263  (914 of 14166)
15:33:35 PR 84262  (915 of 14166)
15:33:37 PR 84261  (916 of 14166)
15:33:39 PR 84260  (917 of 14166)
15:33:41 PR 84259  (918 of 14166)
15:33:43 PR 84258  (919 of 14166)
15:33:45 PR 84257  (920 of 14166)
15:33:48 PR 84256  (921 of 14166)
15:33:50 PR 84255  (922 of 14166)
15:33:52 PR 84254  (923 of 14166)
15:33:54 PR 84253  (924 of 14166)
15:33:56 PR 84249  (925 of 14166)
15:33:58 PR 84248  (926 of 14166)
15:34:00 PR 84247  (927 of 14166)
15:34:03 PR 84245  (928 of 14166)
15:34:05 PR 84243  (929 of 14166)
15:34:07 PR 84240  (930 of 14166)
15:34:09 PR 84239  (931 of 14166)
15:34:11 PR 84238  (932 of 14166)
15:34:14 PR 84237  (933 of 14166)
15:34:15 PR 84236  (934 of 14166)
15:34:17 PR 84232  (935 of 14166)
15:34:19 PR 84231  (936 of 14166)
15:34:21 PR 84229  (937 of 14166)
15:34:24 PR 84228  (938 of 14166)
15:34:26 PR 84227  (939 of 14166)
15:34:28 PR 84226  (940 of 14166)
15:34:30 PR 84225  (941 of 14166)
15:34:32 PR 84224  (942 of 14166)
15:34:34 PR 84223  (943 of 14166)
15:34:36 PR 84222  (944 of 14166)
15:34:38 PR 84221  (945 of 14166)
15:34:40 PR 84220  (946 of 14166)
15:34:42 PR 84219  (947 of 14166)
15:34:44 PR 84217  (948 of 14166)
15:34:47 PR 84215  (949 of 14166)
15:34:49 PR 84214  (950 of 14166)
15:34:51 PR 84212  (951 of 14166)
15:34:53 PR 84211  (952 of 14166)
15:34:55 PR 84210  (953 of 14166)
15:34:57 PR 84208  (954 of 14166)
15:34:59 PR 84207  (955 of 14166)
15:35:01 PR 84206  (956 of 14166)
15:35:03 PR 84205  (957 of 14166)
15:35:05 PR 84204  (958 of 14166)
15:35:07 PR 84201  (959 of 14166)
15:35:09 PR 84200  (960 of 14166)
15:35:13 PR 84197  (961 of 14166)
15:35:15 PR 84195  (962 of 14166)
15:35:19 PR 84194  (963 of 14166)
15:35:21 PR 84193  (964 of 14166)
15:35:23 PR 84192  (965 of 14166)
15:35:25 PR 84191  (966 of 14166)
15:35:28 PR 84190  (967 of 14166)
15:35:30 PR 84188  (968 of 14166)
15:35:33 PR 84186  (969 of 14166)
15:35:35 PR 84185  (970 of 14166)
15:35:36 PR 84184  (971 of 14166)
15:35:38 PR 84183  (972 of 14166)
15:35:41 PR 84181  (973 of 14166)
15:35:44 PR 84180  (974 of 14166)
15:35:47 PR 84179  (975 of 14166)
15:35:49 PR 84178  (976 of 14166)
15:35:51 PR 84177  (977 of 14166)
15:35:53 PR 84176  (978 of 14166)
15:35:55 PR 84175  (979 of 14166)
15:35:58 PR 84173  (980 of 14166)
15:36:00 PR 84172  (981 of 14166)
15:36:02 PR 84171  (982 of 14166)
15:36:06 PR 84170  (983 of 14166)
15:36:08 PR 84167  (984 of 14166)
15:36:10 PR 84166  (985 of 14166)
15:36:12 PR 84165  (986 of 14166)
15:36:14 PR 84163  (987 of 14166)
15:36:17 PR 84162  (988 of 14166)
15:36:18 PR 84161  (989 of 14166)
15:36:21 PR 84160  (990 of 14166)
15:36:23 PR 84159  (991 of 14166)
15:36:26 PR 84158  (992 of 14166)
15:36:28 PR 84154  (993 of 14166)
15:36:30 PR 84153  (994 of 14166)
15:36:32 PR 84152  (995 of 14166)
15:36:34 PR 84151  (996 of 14166)
15:36:36 PR 84149  (997 of 14166)
15:36:39 PR 84147  (998 of 14166)
15:36:41 PR 84144  (999 of 14166)
15:36:43 PR 84143  (1000 of 14166)
15:36:45 PR 84142  (1001 of 14166)
15:36:46 PR 84141  (1002 of 14166)
15:36:48 PR 84140  (1003 of 14166)
15:36:51 PR 84139  (1004 of 14166)
15:36:53 PR 84137  (1005 of 14166)
15:36:55 PR 84133  (1006 of 14166)
15:36:56 PR 84132  (1007 of 14166)
15:37:00 PR 84131  (1008 of 14166)
15:37:02 PR 84130  (1009 of 14166)
15:37:07 PR 84128  (1010 of 14166)
15:37:09 PR 84127  (1011 of 14166)
15:37:12 PR 84126  (1012 of 14166)
15:37:13 PR 84125  (1013 of 14166)
15:37:15 PR 84124  (1014 of 14166)
15:37:18 PR 84123  (1015 of 14166)
15:37:19 PR 84122  (1016 of 14166)
15:37:21 PR 84120  (1017 of 14166)
15:37:24 PR 84119  (1018 of 14166)
15:37:26 PR 84118  (1019 of 14166)
15:37:27 PR 84117  (1020 of 14166)
15:37:29 PR 84116  (1021 of 14166)
15:37:31 PR 84113  (1022 of 14166)
15:37:34 PR 84109  (1023 of 14166)
15:37:36 PR 84108  (1024 of 14166)
15:37:38 PR 84107  (1025 of 14166)
15:37:40 PR 84106  (1026 of 14166)
15:37:42 PR 84105  (1027 of 14166)
15:37:44 PR 84104  (1028 of 14166)
15:37:46 PR 84103  (1029 of 14166)
15:37:48 PR 84102  (1030 of 14166)
15:37:50 PR 84101  (1031 of 14166)
15:37:52 PR 84098  (1032 of 14166)
15:37:54 PR 84095  (1033 of 14166)
15:37:56 PR 84094  (1034 of 14166)
15:37:58 PR 84093  (1035 of 14166)
15:38:03 PR 84092  (1036 of 14166)
15:38:05 PR 84090  (1037 of 14166)
15:38:07 PR 84089  (1038 of 14166)
15:38:09 PR 84088  (1039 of 14166)
15:38:11 PR 84087  (1040 of 14166)
15:38:13 PR 84086  (1041 of 14166)
15:38:15 PR 84084  (1042 of 14166)
15:38:16 PR 84083  (1043 of 14166)
15:38:18 PR 84082  (1044 of 14166)
15:38:21 PR 84081  (1045 of 14166)
15:38:24 PR 84080  (1046 of 14166)
15:38:26 PR 84079  (1047 of 14166)
15:38:27 PR 84077  (1048 of 14166)
15:38:29 PR 84076  (1049 of 14166)
15:38:31 PR 84075  (1050 of 14166)
15:38:33 PR 84073  (1051 of 14166)
15:38:35 PR 84072  (1052 of 14166)
15:38:36 PR 84071  (1053 of 14166)
15:38:39 PR 84070  (1054 of 14166)
15:38:41 PR 84069  (1055 of 14166)
15:38:42 PR 84068  (1056 of 14166)
15:38:45 PR 84067  (1057 of 14166)
15:38:47 PR 84066  (1058 of 14166)
15:38:49 PR 84065  (1059 of 14166)
15:38:51 PR 84064  (1060 of 14166)
15:38:53 PR 85823  (1061 of 14166)
15:38:55 PR 85821  (1062 of 14166)
15:38:56 PR 85819  (1063 of 14166)
15:38:59 PR 85818  (1064 of 14166)
15:39:01 PR 85813  (1065 of 14166)
15:39:02 PR 85812  (1066 of 14166)
15:39:04 PR 85811  (1067 of 14166)
15:39:06 PR 85810  (1068 of 14166)
15:39:08 PR 85809  (1069 of 14166)
15:39:10 PR 85808  (1070 of 14166)
15:39:13 PR 85807  (1071 of 14166)
15:39:15 PR 85806  (1072 of 14166)
15:39:17 PR 85805  (1073 of 14166)
15:39:19 PR 85804  (1074 of 14166)
15:39:21 PR 85803  (1075 of 14166)
15:39:23 PR 85802  (1076 of 14166)
15:39:26 PR 85801  (1077 of 14166)
15:39:27 PR 85800  (1078 of 14166)
15:39:29 PR 85799  (1079 of 14166)
15:39:31 PR 85798  (1080 of 14166)
15:39:33 PR 85797  (1081 of 14166)
15:39:36 PR 85796  (1082 of 14166)
15:39:37 PR 85795  (1083 of 14166)
15:39:39 PR 85794  (1084 of 14166)
15:39:41 PR 85793  (1085 of 14166)
15:39:43 PR 85792  (1086 of 14166)
15:39:45 PR 85790  (1087 of 14166)
15:39:47 PR 85789  (1088 of 14166)
15:39:48 PR 85787  (1089 of 14166)
15:39:50 PR 85786  (1090 of 14166)
15:39:53 PR 85785  (1091 of 14166)
15:39:55 PR 85784  (1092 of 14166)
15:39:58 PR 85782  (1093 of 14166)
15:40:00 PR 85781  (1094 of 14166)
15:40:02 PR 85780  (1095 of 14166)
15:40:03 PR 85779  (1096 of 14166)
15:40:05 PR 85778  (1097 of 14166)
15:40:07 PR 85777  (1098 of 14166)
15:40:09 PR 85776  (1099 of 14166)
15:40:11 PR 85773  (1100 of 14166)
15:40:14 PR 85772  (1101 of 14166)
15:40:16 PR 85771  (1102 of 14166)
15:40:18 PR 85770  (1103 of 14166)
15:40:20 PR 85769  (1104 of 14166)
15:40:22 PR 85765  (1105 of 14166)
15:40:23 PR 85764  (1106 of 14166)
15:40:25 PR 85762  (1107 of 14166)
15:40:27 PR 85761  (1108 of 14166)
15:40:29 PR 85760  (1109 of 14166)
15:40:31 PR 85758  (1110 of 14166)
15:40:33 PR 85757  (1111 of 14166)
15:40:35 PR 85755  (1112 of 14166)
15:40:37 PR 85752  (1113 of 14166)
15:40:39 PR 85751  (1114 of 14166)
15:40:41 PR 85749  (1115 of 14166)
15:40:43 PR 85748  (1116 of 14166)
15:40:46 PR 85745  (1117 of 14166)
15:40:47 PR 85744  (1118 of 14166)
15:40:49 PR 85742  (1119 of 14166)
15:40:51 PR 85741  (1120 of 14166)
15:40:53 PR 85740  (1121 of 14166)
15:40:55 PR 85739  (1122 of 14166)
15:40:57 PR 85738  (1123 of 14166)
15:40:59 PR 85737  (1124 of 14166)
15:41:01 PR 85736  (1125 of 14166)
15:41:04 PR 85735  (1126 of 14166)
15:41:06 PR 85734  (1127 of 14166)
15:41:09 PR 85733  (1128 of 14166)
15:41:11 PR 85732  (1129 of 14166)
15:41:13 PR 85731  (1130 of 14166)
15:41:14 PR 85730  (1131 of 14166)
15:41:16 PR 85729  (1132 of 14166)
15:41:18 PR 85727  (1133 of 14166)
15:41:21 PR 85726  (1134 of 14166)
15:41:23 PR 85725  (1135 of 14166)
15:41:25 PR 85724  (1136 of 14166)
15:41:27 PR 85723  (1137 of 14166)
15:41:30 PR 85722  (1138 of 14166)
15:41:32 PR 85721  (1139 of 14166)
15:41:34 PR 85720  (1140 of 14166)
15:41:36 PR 85717  (1141 of 14166)
15:41:38 PR 85716  (1142 of 14166)
15:41:41 PR 85715  (1143 of 14166)
15:41:42 PR 85714  (1144 of 14166)
15:41:44 PR 85712  (1145 of 14166)
15:41:47 PR 85711  (1146 of 14166)
15:41:49 PR 85709  (1147 of 14166)
15:41:51 PR 85708  (1148 of 14166)
15:41:53 PR 85705  (1149 of 14166)
15:41:55 PR 85704  (1150 of 14166)
15:41:57 PR 85703  (1151 of 14166)
15:41:59 PR 85702  (1152 of 14166)
15:42:01 PR 85701  (1153 of 14166)
15:42:02 PR 85700  (1154 of 14166)
15:42:04 PR 85699  (1155 of 14166)
15:42:06 PR 85698  (1156 of 14166)
15:42:09 PR 85697  (1157 of 14166)
15:42:11 PR 85696  (1158 of 14166)
15:42:13 PR 85695  (1159 of 14166)
15:42:15 PR 85694  (1160 of 14166)
15:42:17 PR 85693  (1161 of 14166)
15:42:19 PR 85692  (1162 of 14166)
15:42:21 PR 85691  (1163 of 14166)
15:42:23 PR 85689  (1164 of 14166)
15:42:25 PR 85688  (1165 of 14166)
15:42:27 PR 85686  (1166 of 14166)
15:42:29 PR 85685  (1167 of 14166)
15:42:31 PR 85684  (1168 of 14166)
15:42:33 PR 85681  (1169 of 14166)
15:42:35 PR 85680  (1170 of 14166)
15:42:38 PR 85679  (1171 of 14166)
15:42:39 PR 85678  (1172 of 14166)
15:42:41 PR 85677  (1173 of 14166)
15:42:43 PR 85676  (1174 of 14166)
15:42:45 PR 85675  (1175 of 14166)
15:42:47 PR 85673  (1176 of 14166)
15:42:50 PR 85672  (1177 of 14166)
15:42:52 PR 85671  (1178 of 14166)
15:42:54 PR 85670  (1179 of 14166)
15:42:56 PR 85669  (1180 of 14166)
15:42:58 PR 85668  (1181 of 14166)
15:43:00 PR 85667  (1182 of 14166)
15:43:01 PR 85666  (1183 of 14166)
15:43:03 PR 85665  (1184 of 14166)
15:43:05 PR 85663  (1185 of 14166)
15:43:07 PR 85661  (1186 of 14166)
15:43:10 PR 85660  (1187 of 14166)
15:43:11 PR 85659  (1188 of 14166)
15:43:15 PR 85658  (1189 of 14166)
15:43:17 PR 85657  (1190 of 14166)
15:43:19 PR 85656  (1191 of 14166)
15:43:21 PR 85655  (1192 of 14166)
15:43:22 PR 85654  (1193 of 14166)
15:43:24 PR 85653  (1194 of 14166)
15:43:27 PR 85652  (1195 of 14166)
15:43:29 PR 85651  (1196 of 14166)
15:43:31 PR 85650  (1197 of 14166)
15:43:33 PR 85649  (1198 of 14166)
15:43:36 PR 85648  (1199 of 14166)
15:43:37 PR 85647  (1200 of 14166)
15:43:40 PR 85645  (1201 of 14166)
15:43:43 PR 85644  (1202 of 14166)
15:43:45 PR 85643  (1203 of 14166)
15:43:47 PR 85642  (1204 of 14166)
15:43:49 PR 85641  (1205 of 14166)
15:43:51 PR 85640  (1206 of 14166)
15:43:54 PR 85639  (1207 of 14166)
15:43:56 PR 85637  (1208 of 14166)
15:43:58 PR 85636  (1209 of 14166)
15:44:01 PR 85635  (1210 of 14166)
15:44:03 PR 85634  (1211 of 14166)
15:44:05 PR 85633  (1212 of 14166)
15:44:07 PR 85632  (1213 of 14166)
15:44:10 PR 85631  (1214 of 14166)
15:44:12 PR 85630  (1215 of 14166)
15:44:14 PR 85629  (1216 of 14166)
15:44:15 PR 85628  (1217 of 14166)
15:44:17 PR 85627  (1218 of 14166)
15:44:19 PR 85626  (1219 of 14166)
15:44:22 PR 85625  (1220 of 14166)
15:44:24 PR 85624  (1221 of 14166)
15:44:26 PR 85622  (1222 of 14166)
15:44:28 PR 85621  (1223 of 14166)
15:44:30 PR 85620  (1224 of 14166)
15:44:32 PR 85619  (1225 of 14166)
15:44:34 PR 85618  (1226 of 14166)
15:44:37 PR 85617  (1227 of 14166)
15:44:39 PR 85616  (1228 of 14166)
15:44:41 PR 85615  (1229 of 14166)
15:44:42 PR 85614  (1230 of 14166)
15:44:44 PR 85613  (1231 of 14166)
15:44:46 PR 85612  (1232 of 14166)
15:44:48 PR 85611  (1233 of 14166)
15:44:52 PR 85610  (1234 of 14166)
15:44:54 PR 85609  (1235 of 14166)
15:44:56 PR 85607  (1236 of 14166)
15:44:58 PR 85606  (1237 of 14166)
15:45:00 PR 85605  (1238 of 14166)
15:45:02 PR 85604  (1239 of 14166)
15:45:04 PR 85603  (1240 of 14166)
15:45:06 PR 85602  (1241 of 14166)
15:45:10 PR 85600  (1242 of 14166)
15:45:12 PR 85599  (1243 of 14166)
15:45:15 PR 85597  (1244 of 14166)
15:45:16 PR 85592  (1245 of 14166)
15:45:18 PR 85590  (1246 of 14166)
15:45:20 PR 85587  (1247 of 14166)
15:45:23 PR 85583  (1248 of 14166)
15:45:26 PR 85582  (1249 of 14166)
15:45:28 PR 85581  (1250 of 14166)
15:45:29 PR 85580  (1251 of 14166)
15:45:31 PR 85579  (1252 of 14166)
15:45:33 PR 85577  (1253 of 14166)
15:45:35 PR 85576  (1254 of 14166)
15:45:37 PR 85575  (1255 of 14166)
15:45:38 PR 85574  (1256 of 14166)
15:45:40 PR 85573  (1257 of 14166)
15:45:44 PR 85572  (1258 of 14166)
15:45:45 PR 85571  (1259 of 14166)
15:45:50 PR 85569  (1260 of 14166)
15:45:52 PR 85567  (1261 of 14166)
15:45:54 PR 85565  (1262 of 14166)
15:45:57 PR 85564  (1263 of 14166)
15:46:01 PR 85562  (1264 of 14166)
15:46:04 PR 85561  (1265 of 14166)
15:46:06 PR 85557  (1266 of 14166)
15:46:09 PR 85556  (1267 of 14166)
15:46:13 PR 85555  (1268 of 14166)
15:46:16 PR 85554  (1269 of 14166)
15:46:18 PR 85553  (1270 of 14166)
15:46:20 PR 85552  (1271 of 14166)
15:46:21 PR 85550  (1272 of 14166)
15:46:23 PR 85549  (1273 of 14166)
15:46:26 PR 85548  (1274 of 14166)
15:46:28 PR 85547  (1275 of 14166)
15:46:31 PR 85546  (1276 of 14166)
15:46:34 PR 85545  (1277 of 14166)
15:46:36 PR 85544  (1278 of 14166)
15:46:38 PR 85543  (1279 of 14166)
15:46:40 PR 85541  (1280 of 14166)
15:46:42 PR 85540  (1281 of 14166)
15:46:44 PR 85539  (1282 of 14166)
15:46:50 PR 85538  (1283 of 14166)
15:46:52 PR 85537  (1284 of 14166)
15:46:54 PR 85536  (1285 of 14166)
15:46:56 PR 85535  (1286 of 14166)
15:46:58 PR 85534  (1287 of 14166)
15:47:00 PR 85530  (1288 of 14166)
15:47:03 PR 85529  (1289 of 14166)
15:47:05 PR 85528  (1290 of 14166)
15:47:07 PR 85527  (1291 of 14166)
15:47:09 PR 85526  (1292 of 14166)
15:47:12 PR 85525  (1293 of 14166)
15:47:13 PR 85524  (1294 of 14166)
15:47:16 PR 85520  (1295 of 14166)
15:47:18 PR 85519  (1296 of 14166)
15:47:20 PR 85518  (1297 of 14166)
15:47:22 PR 85517  (1298 of 14166)
15:47:23 PR 85516  (1299 of 14166)
15:47:26 PR 85515  (1300 of 14166)
15:47:27 PR 85514  (1301 of 14166)
15:47:29 PR 85513  (1302 of 14166)
15:47:31 PR 85512  (1303 of 14166)
15:47:33 PR 85511  (1304 of 14166)
15:47:35 PR 85510  (1305 of 14166)
15:47:37 PR 85509  (1306 of 14166)
15:47:43 PR 85508  (1307 of 14166)
15:47:46 PR 85507  (1308 of 14166)
15:47:49 PR 85506  (1309 of 14166)
15:47:51 PR 85503  (1310 of 14166)
15:47:52 PR 85499  (1311 of 14166)
15:47:54 PR 85498  (1312 of 14166)
15:47:57 PR 85496  (1313 of 14166)
15:47:59 PR 85495  (1314 of 14166)
15:48:02 PR 85494  (1315 of 14166)
15:48:04 PR 85493  (1316 of 14166)
15:48:06 PR 85492  (1317 of 14166)
15:48:08 PR 85491  (1318 of 14166)
15:48:10 PR 85490  (1319 of 14166)
15:48:12 PR 85489  (1320 of 14166)
15:48:14 PR 85486  (1321 of 14166)
15:48:16 PR 85485  (1322 of 14166)
15:48:17 PR 85484  (1323 of 14166)
15:48:19 PR 85483  (1324 of 14166)
15:48:21 PR 85481  (1325 of 14166)
15:48:23 PR 85480  (1326 of 14166)
15:48:25 PR 85478  (1327 of 14166)
15:48:27 PR 85477  (1328 of 14166)
15:48:29 PR 85476  (1329 of 14166)
15:48:32 PR 85474  (1330 of 14166)
15:48:34 PR 85473  (1331 of 14166)
15:48:36 PR 85472  (1332 of 14166)
15:48:38 PR 85471  (1333 of 14166)
15:48:40 PR 85470  (1334 of 14166)
15:48:42 PR 85469  (1335 of 14166)
15:48:44 PR 85468  (1336 of 14166)
15:48:46 PR 85465  (1337 of 14166)
15:48:48 PR 85464  (1338 of 14166)
15:48:50 PR 85461  (1339 of 14166)
15:48:52 PR 85460  (1340 of 14166)
15:48:54 PR 85459  (1341 of 14166)
15:48:55 PR 85458  (1342 of 14166)
15:48:57 PR 85456  (1343 of 14166)
15:48:59 PR 85455  (1344 of 14166)
15:49:01 PR 85454  (1345 of 14166)
15:49:04 PR 85453  (1346 of 14166)
15:49:06 PR 85452  (1347 of 14166)
15:49:08 PR 85451  (1348 of 14166)
15:49:10 PR 85450  (1349 of 14166)
15:49:12 PR 85449  (1350 of 14166)
15:49:14 PR 85448  (1351 of 14166)
15:49:16 PR 85446  (1352 of 14166)
15:49:18 PR 85445  (1353 of 14166)
15:49:20 PR 85443  (1354 of 14166)
15:49:22 PR 85442  (1355 of 14166)
15:49:24 PR 85439  (1356 of 14166)
15:49:26 PR 85438  (1357 of 14166)
15:49:28 PR 85437  (1358 of 14166)
15:49:30 PR 85436  (1359 of 14166)
15:49:32 PR 85435  (1360 of 14166)
15:49:34 PR 85434  (1361 of 14166)
15:49:36 PR 85433  (1362 of 14166)
15:49:38 PR 85432  (1363 of 14166)
15:49:40 PR 85431  (1364 of 14166)
15:49:42 PR 85430  (1365 of 14166)
15:49:43 PR 85429  (1366 of 14166)
15:49:45 PR 85428  (1367 of 14166)
15:49:47 PR 85427  (1368 of 14166)
15:49:49 PR 85426  (1369 of 14166)
15:49:51 PR 85425  (1370 of 14166)
15:49:52 PR 85424  (1371 of 14166)
15:49:55 PR 85423  (1372 of 14166)
15:49:56 PR 85422  (1373 of 14166)
15:49:58 PR 85421  (1374 of 14166)
15:50:00 PR 85420  (1375 of 14166)
15:50:02 PR 85419  (1376 of 14166)
15:50:03 PR 85418  (1377 of 14166)
15:50:05 PR 85417  (1378 of 14166)
15:50:07 PR 85416  (1379 of 14166)
15:50:09 PR 85415  (1380 of 14166)
15:50:11 PR 85414  (1381 of 14166)
15:50:14 PR 85413  (1382 of 14166)
15:50:16 PR 85412  (1383 of 14166)
15:50:19 PR 85410  (1384 of 14166)
15:50:20 PR 85409  (1385 of 14166)
15:50:23 PR 85408  (1386 of 14166)
15:50:25 PR 85407  (1387 of 14166)
15:50:27 PR 85406  (1388 of 14166)
15:50:30 PR 85405  (1389 of 14166)
15:50:32 PR 85404  (1390 of 14166)
15:50:35 PR 85402  (1391 of 14166)
15:50:37 PR 85401  (1392 of 14166)
15:50:39 PR 85400  (1393 of 14166)
15:50:41 PR 85399  (1394 of 14166)
15:50:44 PR 85397  (1395 of 14166)
15:50:46 PR 85395  (1396 of 14166)
15:50:48 PR 85394  (1397 of 14166)
15:50:50 PR 85393  (1398 of 14166)
16:07:20 starting - 1398 PRs already saved, skipping those
16:07:21 reusing cached list of 14166 PR numbers
16:07:23 PR 85392  (1399 of 14166)
16:07:26 PR 85390  (1400 of 14166)
16:07:28 PR 85389  (1401 of 14166)
16:07:30 PR 85388  (1402 of 14166)
16:07:33 PR 85387  (1403 of 14166)
16:07:35 PR 85386  (1404 of 14166)
16:07:37 PR 85385  (1405 of 14166)
16:07:39 PR 85384  (1406 of 14166)
16:07:42 PR 85383  (1407 of 14166)
16:07:44 PR 85381  (1408 of 14166)
16:07:49 PR 85377  (1409 of 14166)
16:07:51 PR 85376  (1410 of 14166)
16:07:53 PR 85375  (1411 of 14166)
16:07:55 PR 85374  (1412 of 14166)
16:07:57 PR 85373  (1413 of 14166)
16:07:59 PR 85371  (1414 of 14166)
16:08:01 PR 85370  (1415 of 14166)
16:08:02 PR 85367  (1416 of 14166)
16:08:04 PR 85365  (1417 of 14166)
16:08:06 PR 85364  (1418 of 14166)
16:08:08 PR 85363  (1419 of 14166)
16:08:10 PR 85362  (1420 of 14166)
16:08:12 PR 85361  (1421 of 14166)
16:08:14 PR 85360  (1422 of 14166)
16:08:16 PR 85358  (1423 of 14166)
16:08:18 PR 85357  (1424 of 14166)
16:08:20 PR 85353  (1425 of 14166)
16:08:23 PR 85351  (1426 of 14166)
16:08:25 PR 85350  (1427 of 14166)
16:08:27 PR 85349  (1428 of 14166)
16:08:29 PR 85348  (1429 of 14166)
16:08:31 PR 85347  (1430 of 14166)
16:08:33 PR 85346  (1431 of 14166)
16:08:34 PR 85345  (1432 of 14166)
16:08:36 PR 85344  (1433 of 14166)
16:08:38 PR 85343  (1434 of 14166)
16:08:40 PR 85342  (1435 of 14166)
16:08:42 PR 85341  (1436 of 14166)
16:08:44 PR 85340  (1437 of 14166)
16:08:45 PR 85339  (1438 of 14166)
16:08:47 PR 85338  (1439 of 14166)
16:08:50 PR 85337  (1440 of 14166)
16:08:53 PR 85335  (1441 of 14166)
16:08:54 PR 85334  (1442 of 14166)
16:08:56 PR 85333  (1443 of 14166)
16:08:58 PR 85332  (1444 of 14166)
16:09:00 PR 85331  (1445 of 14166)
16:09:03 PR 85329  (1446 of 14166)
16:09:05 PR 85327  (1447 of 14166)
16:09:07 PR 85326  (1448 of 14166)
16:09:09 PR 85325  (1449 of 14166)
16:09:10 PR 85324  (1450 of 14166)
16:09:12 PR 85323  (1451 of 14166)
16:09:14 PR 85321  (1452 of 14166)
16:09:17 PR 85319  (1453 of 14166)
16:09:19 PR 85317  (1454 of 14166)
16:09:21 PR 85316  (1455 of 14166)
16:09:24 PR 85315  (1456 of 14166)
16:09:25 PR 85312  (1457 of 14166)
16:09:27 PR 85313  (1458 of 14166)
16:09:29 PR 85311  (1459 of 14166)
16:09:31 PR 85310  (1460 of 14166)
16:09:34 PR 85309  (1461 of 14166)
16:09:36 PR 85307  (1462 of 14166)
16:09:38 PR 85306  (1463 of 14166)
16:09:40 PR 85304  (1464 of 14166)
16:09:42 PR 85303  (1465 of 14166)
16:09:44 PR 85302  (1466 of 14166)
16:09:46 PR 85300  (1467 of 14166)
16:09:48 PR 85299  (1468 of 14166)
16:09:50 PR 85298  (1469 of 14166)
16:09:52 PR 85297  (1470 of 14166)
16:09:54 PR 85296  (1471 of 14166)
16:09:56 PR 85295  (1472 of 14166)
16:09:58 PR 85294  (1473 of 14166)
16:10:01 PR 85293  (1474 of 14166)
16:10:03 PR 85292  (1475 of 14166)
16:10:05 PR 85291  (1476 of 14166)
16:10:07 PR 85289  (1477 of 14166)
16:10:09 PR 85288  (1478 of 14166)
16:10:11 PR 85287  (1479 of 14166)
16:10:13 PR 85286  (1480 of 14166)
16:10:17 PR 85285  (1481 of 14166)
16:10:19 PR 85284  (1482 of 14166)
16:10:21 PR 85283  (1483 of 14166)
16:10:23 PR 85282  (1484 of 14166)
16:10:25 PR 85281  (1485 of 14166)
16:10:26 PR 85280  (1486 of 14166)
16:10:29 PR 85279  (1487 of 14166)
16:10:31 PR 85278  (1488 of 14166)
16:10:33 PR 85276  (1489 of 14166)
16:10:37 PR 85275  (1490 of 14166)
16:10:39 PR 85274  (1491 of 14166)
16:10:40 PR 85273  (1492 of 14166)
16:10:43 PR 85272  (1493 of 14166)
16:10:45 PR 85271  (1494 of 14166)
16:10:48 PR 85269  (1495 of 14166)
16:10:50 PR 85267  (1496 of 14166)
16:10:52 PR 85265  (1497 of 14166)
16:10:54 PR 85264  (1498 of 14166)
16:10:56 PR 85263  (1499 of 14166)
16:11:00 PR 85260  (1500 of 14166)
16:11:03 PR 85259  (1501 of 14166)
16:11:05 PR 85258  (1502 of 14166)
16:11:07 PR 85257  (1503 of 14166)
16:11:10 PR 85256  (1504 of 14166)
16:11:13 PR 85255  (1505 of 14166)
16:11:17 PR 85254  (1506 of 14166)
16:11:19 PR 85252  (1507 of 14166)
16:11:22 PR 85250  (1508 of 14166)
16:11:25 PR 85248  (1509 of 14166)
16:11:27 PR 85247  (1510 of 14166)
16:11:29 PR 85245  (1511 of 14166)
16:11:32 PR 85244  (1512 of 14166)
16:11:36 PR 85243  (1513 of 14166)
16:11:37 PR 85242  (1514 of 14166)
16:11:44 PR 85241  (1515 of 14166)
16:11:46 PR 85240  (1516 of 14166)
16:11:48 PR 85239  (1517 of 14166)
16:11:51 PR 85238  (1518 of 14166)
16:11:53 PR 85237  (1519 of 14166)
16:11:55 PR 85235  (1520 of 14166)
16:11:59 PR 85234  (1521 of 14166)
16:12:01 PR 85233  (1522 of 14166)
16:12:03 PR 85232  (1523 of 14166)
16:12:05 PR 85231  (1524 of 14166)
16:12:08 PR 85230  (1525 of 14166)
16:12:11 PR 85229  (1526 of 14166)
16:12:13 PR 85227  (1527 of 14166)
16:12:15 PR 85226  (1528 of 14166)
16:12:17 PR 85225  (1529 of 14166)
16:12:19 PR 85224  (1530 of 14166)
16:12:21 PR 85223  (1531 of 14166)
16:12:23 PR 85222  (1532 of 14166)
16:12:26 PR 85221  (1533 of 14166)
16:12:30 PR 85220  (1534 of 14166)
16:12:32 PR 85219  (1535 of 14166)
16:12:35 PR 85218  (1536 of 14166)
16:12:37 PR 85216  (1537 of 14166)
16:12:39 PR 85214  (1538 of 14166)
16:12:42 PR 85213  (1539 of 14166)
16:12:45 PR 85208  (1540 of 14166)
16:12:47 PR 85206  (1541 of 14166)
16:12:49 PR 85204  (1542 of 14166)
16:12:52 PR 85203  (1543 of 14166)
16:12:55 PR 85201  (1544 of 14166)
16:12:58 PR 85200  (1545 of 14166)
16:13:00 PR 85199  (1546 of 14166)
16:13:03 PR 85198  (1547 of 14166)
16:13:05 PR 85197  (1548 of 14166)
16:13:07 PR 85196  (1549 of 14166)
16:13:09 PR 85195  (1550 of 14166)
16:13:12 PR 85194  (1551 of 14166)
16:13:14 PR 85193  (1552 of 14166)
16:13:16 PR 85192  (1553 of 14166)
16:13:19 PR 85191  (1554 of 14166)
16:13:22 PR 85190  (1555 of 14166)
16:13:24 PR 85189  (1556 of 14166)
16:13:26 PR 85188  (1557 of 14166)
16:13:28 PR 85187  (1558 of 14166)
16:13:29 PR 85186  (1559 of 14166)
16:13:32 PR 85185  (1560 of 14166)
16:13:34 PR 85184  (1561 of 14166)
16:13:37 PR 85183  (1562 of 14166)
16:13:40 PR 85182  (1563 of 14166)
16:13:41 PR 85181  (1564 of 14166)
16:13:44 PR 85180  (1565 of 14166)
16:13:47 PR 85179  (1566 of 14166)
16:13:49 PR 85177  (1567 of 14166)
16:13:51 PR 85176  (1568 of 14166)
16:13:53 PR 85175  (1569 of 14166)
16:13:57 PR 85174  (1570 of 14166)
16:13:59 PR 85171  (1571 of 14166)
16:14:02 PR 85170  (1572 of 14166)
16:14:04 PR 85169  (1573 of 14166)
16:14:06 PR 85168  (1574 of 14166)
16:14:10 PR 85167  (1575 of 14166)
16:14:12 PR 85165  (1576 of 14166)
16:14:14 PR 85163  (1577 of 14166)
16:14:16 PR 85162  (1578 of 14166)
16:14:18 PR 85159  (1579 of 14166)
16:14:19 PR 85160  (1580 of 14166)
16:14:22 PR 85158  (1581 of 14166)
16:14:24 PR 85157  (1582 of 14166)
16:14:26 PR 85156  (1583 of 14166)
16:14:31 PR 85154  (1584 of 14166)
16:14:33 PR 85152  (1585 of 14166)
16:14:35 PR 85151  (1586 of 14166)
16:14:37 PR 85150  (1587 of 14166)
16:14:39 PR 85149  (1588 of 14166)
16:14:42 PR 85148  (1589 of 14166)
16:14:44 PR 85147  (1590 of 14166)
16:14:46 PR 85146  (1591 of 14166)
16:14:48 PR 85145  (1592 of 14166)
16:14:52 PR 85144  (1593 of 14166)
16:14:54 PR 85143  (1594 of 14166)
16:14:57 PR 85141  (1595 of 14166)
16:14:59 PR 85140  (1596 of 14166)
16:15:01 PR 85139  (1597 of 14166)
16:15:03 PR 85138  (1598 of 14166)
16:15:05 PR 85137  (1599 of 14166)
16:15:08 PR 85136  (1600 of 14166)
16:15:12 PR 85135  (1601 of 14166)
16:15:14 PR 85134  (1602 of 14166)
16:15:16 PR 85133  (1603 of 14166)
16:15:19 PR 85132  (1604 of 14166)
16:15:21 PR 85131  (1605 of 14166)
16:15:26 PR 85130  (1606 of 14166)
16:15:28 PR 85129  (1607 of 14166)
16:15:30 PR 85128  (1608 of 14166)
16:15:32 PR 85127  (1609 of 14166)
16:15:35 PR 85126  (1610 of 14166)
16:15:37 PR 85125  (1611 of 14166)
16:15:39 PR 85124  (1612 of 14166)
16:15:41 PR 85122  (1613 of 14166)
16:15:43 PR 85120  (1614 of 14166)
16:15:45 PR 85118  (1615 of 14166)
16:15:47 PR 85116  (1616 of 14166)
16:15:49 PR 85115  (1617 of 14166)
16:15:51 PR 85114  (1618 of 14166)
16:15:53 PR 85113  (1619 of 14166)
16:15:56 PR 85112  (1620 of 14166)
16:15:58 PR 85110  (1621 of 14166)
16:16:00 PR 85109  (1622 of 14166)
16:16:02 PR 85105  (1623 of 14166)
16:16:04 PR 85104  (1624 of 14166)
16:16:06 PR 85103  (1625 of 14166)
16:16:08 PR 85102  (1626 of 14166)
16:16:10 PR 85101  (1627 of 14166)
16:16:12 PR 85100  (1628 of 14166)
16:16:14 PR 85099  (1629 of 14166)
16:16:15 PR 85098  (1630 of 14166)
16:16:18 PR 85097  (1631 of 14166)
16:16:20 PR 85096  (1632 of 14166)
16:16:22 PR 85094  (1633 of 14166)
16:16:25 PR 85093  (1634 of 14166)
16:16:27 PR 85092  (1635 of 14166)
16:16:29 PR 85091  (1636 of 14166)
16:16:31 PR 85090  (1637 of 14166)
16:16:33 PR 85089  (1638 of 14166)
16:16:35 PR 85088  (1639 of 14166)
16:16:37 PR 85087  (1640 of 14166)
16:16:40 PR 85086  (1641 of 14166)
16:16:42 PR 85085  (1642 of 14166)
16:16:43 PR 85084  (1643 of 14166)
16:16:45 PR 85083  (1644 of 14166)
16:16:47 PR 85082  (1645 of 14166)
16:16:50 PR 85080  (1646 of 14166)
16:16:52 PR 85079  (1647 of 14166)
16:16:54 PR 85078  (1648 of 14166)
16:16:56 PR 85076  (1649 of 14166)
16:16:58 PR 85075  (1650 of 14166)
16:17:00 PR 85074  (1651 of 14166)
16:17:02 PR 85073  (1652 of 14166)
16:17:03 PR 85071  (1653 of 14166)
16:17:05 PR 85069  (1654 of 14166)
16:17:07 PR 85068  (1655 of 14166)
16:17:09 PR 85067  (1656 of 14166)
16:17:11 PR 85066  (1657 of 14166)
16:17:13 PR 85064  (1658 of 14166)
16:17:15 PR 85063  (1659 of 14166)
16:17:17 PR 85062  (1660 of 14166)
16:17:19 PR 85061  (1661 of 14166)
16:17:21 PR 85060  (1662 of 14166)
16:17:23 PR 85058  (1663 of 14166)
16:17:26 PR 85056  (1664 of 14166)
16:17:28 PR 85055  (1665 of 14166)
16:17:29 PR 85054  (1666 of 14166)
16:17:31 PR 85052  (1667 of 14166)
16:17:33 PR 85051  (1668 of 14166)
16:17:35 PR 85049  (1669 of 14166)
16:17:36 PR 85048  (1670 of 14166)
16:17:38 PR 85047  (1671 of 14166)
16:17:40 PR 85046  (1672 of 14166)
16:17:42 PR 85045  (1673 of 14166)
16:17:44 PR 85044  (1674 of 14166)
16:17:47 PR 85040  (1675 of 14166)
16:17:49 PR 85039  (1676 of 14166)
16:17:51 PR 85038  (1677 of 14166)
16:17:53 PR 85037  (1678 of 14166)
16:17:56 PR 85036  (1679 of 14166)
16:17:58 PR 85034  (1680 of 14166)
16:18:01 PR 85033  (1681 of 14166)
16:18:03 PR 85032  (1682 of 14166)
16:18:05 PR 85031  (1683 of 14166)
16:18:07 PR 85030  (1684 of 14166)
16:18:09 PR 85029  (1685 of 14166)
16:18:11 PR 85027  (1686 of 14166)
16:18:13 PR 85026  (1687 of 14166)
16:18:15 PR 85024  (1688 of 14166)
16:18:17 PR 85023  (1689 of 14166)
16:18:21 PR 85022  (1690 of 14166)
16:18:23 PR 85019  (1691 of 14166)
16:18:25 PR 85017  (1692 of 14166)
16:18:27 PR 85016  (1693 of 14166)
16:18:30 PR 85015  (1694 of 14166)
16:18:32 PR 85014  (1695 of 14166)
16:18:34 PR 85012  (1696 of 14166)
16:18:36 PR 85010  (1697 of 14166)
16:18:39 PR 85009  (1698 of 14166)
16:18:41 PR 85008  (1699 of 14166)
16:18:43 PR 85007  (1700 of 14166)
16:18:45 PR 85006  (1701 of 14166)
16:18:47 PR 85005  (1702 of 14166)
16:18:49 PR 85004  (1703 of 14166)
16:18:52 PR 86502  (1704 of 14166)
16:18:54 PR 86501  (1705 of 14166)
16:18:56 PR 86500  (1706 of 14166)
16:18:57 PR 86498  (1707 of 14166)
16:19:01 PR 86497  (1708 of 14166)
16:19:03 PR 86496  (1709 of 14166)
16:19:06 PR 86495  (1710 of 14166)
16:19:08 PR 86493  (1711 of 14166)
16:19:09 PR 86492  (1712 of 14166)
16:19:11 PR 86491  (1713 of 14166)
16:19:14 PR 86490  (1714 of 14166)
16:19:16 PR 86489  (1715 of 14166)
16:19:18 PR 86487  (1716 of 14166)
16:19:20 PR 86486  (1717 of 14166)
16:19:23 PR 86485  (1718 of 14166)
16:19:25 PR 86484  (1719 of 14166)
16:19:28 PR 86481  (1720 of 14166)
16:19:31 PR 86479  (1721 of 14166)
16:19:33 PR 86478  (1722 of 14166)
16:19:35 PR 86476  (1723 of 14166)
16:19:37 PR 86475  (1724 of 14166)
16:19:39 PR 86474  (1725 of 14166)
16:19:41 PR 86473  (1726 of 14166)
16:19:44 PR 86472  (1727 of 14166)
16:19:46 PR 86471  (1728 of 14166)
16:19:49 PR 86470  (1729 of 14166)
16:19:51 PR 86469  (1730 of 14166)
16:19:53 PR 86468  (1731 of 14166)
16:19:54 PR 86467  (1732 of 14166)
16:19:57 PR 86466  (1733 of 14166)
16:19:59 PR 86465  (1734 of 14166)
16:20:01 PR 86464  (1735 of 14166)
16:20:03 PR 86463  (1736 of 14166)
16:20:05 PR 86462  (1737 of 14166)
16:20:07 PR 86461  (1738 of 14166)
16:20:09 PR 86460  (1739 of 14166)
16:20:12 PR 86459  (1740 of 14166)
16:20:14 PR 86458  (1741 of 14166)
16:20:16 PR 86457  (1742 of 14166)
16:20:18 PR 86456  (1743 of 14166)
16:20:21 PR 86455  (1744 of 14166)
16:20:23 PR 86454  (1745 of 14166)
16:20:25 PR 86453  (1746 of 14166)
16:20:27 PR 86452  (1747 of 14166)
16:20:29 PR 86451  (1748 of 14166)
16:20:31 PR 86450  (1749 of 14166)
16:20:33 PR 86449  (1750 of 14166)
16:20:35 PR 86448  (1751 of 14166)
16:20:38 PR 86446  (1752 of 14166)
16:20:40 PR 86445  (1753 of 14166)
16:20:43 PR 86442  (1754 of 14166)
16:20:45 PR 86441  (1755 of 14166)
16:20:47 PR 86440  (1756 of 14166)
16:20:49 PR 86439  (1757 of 14166)
16:20:52 PR 86436  (1758 of 14166)
16:20:54 PR 86434  (1759 of 14166)
16:20:56 PR 86433  (1760 of 14166)
16:20:59 PR 86431  (1761 of 14166)
16:21:01 PR 86430  (1762 of 14166)
16:21:04 PR 86429  (1763 of 14166)
16:21:06 PR 86428  (1764 of 14166)
16:21:10 PR 86427  (1765 of 14166)
16:21:13 PR 86425  (1766 of 14166)
16:21:16 PR 86424  (1767 of 14166)
16:21:18 PR 86423  (1768 of 14166)
16:21:20 PR 86422  (1769 of 14166)
16:21:23 PR 86421  (1770 of 14166)
16:21:25 PR 86420  (1771 of 14166)
16:21:27 PR 86419  (1772 of 14166)
16:21:30 PR 86418  (1773 of 14166)
16:21:32 PR 86416  (1774 of 14166)
16:21:35 PR 86415  (1775 of 14166)
16:21:37 PR 86414  (1776 of 14166)
16:21:39 PR 86411  (1777 of 14166)
16:21:41 PR 86410  (1778 of 14166)
16:21:43 PR 86408  (1779 of 14166)
16:21:45 PR 86407  (1780 of 14166)
16:21:47 PR 86404  (1781 of 14166)
16:21:49 PR 86403  (1782 of 14166)
16:21:50 PR 86402  (1783 of 14166)
16:21:52 PR 86401  (1784 of 14166)
16:21:55 PR 86400  (1785 of 14166)
16:21:57 PR 86396  (1786 of 14166)
16:22:00 PR 86395  (1787 of 14166)
16:22:02 PR 86394  (1788 of 14166)
16:22:04 PR 86393  (1789 of 14166)
16:22:06 PR 86392  (1790 of 14166)
16:22:08 PR 86391  (1791 of 14166)
16:22:11 PR 86390  (1792 of 14166)
16:22:13 PR 86389  (1793 of 14166)
16:22:15 PR 86388  (1794 of 14166)
16:22:17 PR 86386  (1795 of 14166)
16:22:20 PR 86384  (1796 of 14166)
16:22:22 PR 86383  (1797 of 14166)
16:22:24 PR 86382  (1798 of 14166)
16:22:26 PR 86381  (1799 of 14166)
16:22:28 PR 86379  (1800 of 14166)
16:22:30 PR 86378  (1801 of 14166)
16:22:32 PR 86376  (1802 of 14166)
16:22:34 PR 86375  (1803 of 14166)
16:22:36 PR 86372  (1804 of 14166)
16:22:38 PR 86370  (1805 of 14166)
16:22:40 PR 86369  (1806 of 14166)
16:22:42 PR 86368  (1807 of 14166)
16:22:44 PR 86367  (1808 of 14166)
16:22:46 PR 86366  (1809 of 14166)
16:22:48 PR 86365  (1810 of 14166)
16:22:50 PR 86364  (1811 of 14166)
16:22:53 PR 86363  (1812 of 14166)
16:22:55 PR 86362  (1813 of 14166)
16:22:57 PR 86361  (1814 of 14166)
16:22:59 PR 86360  (1815 of 14166)
16:23:01 PR 86359  (1816 of 14166)
16:23:04 PR 86358  (1817 of 14166)
16:23:06 PR 86357  (1818 of 14166)
16:23:08 PR 86356  (1819 of 14166)
16:23:10 PR 86355  (1820 of 14166)
16:23:13 PR 86354  (1821 of 14166)
16:23:15 PR 86353  (1822 of 14166)
16:23:18 PR 86352  (1823 of 14166)
16:23:19 PR 86350  (1824 of 14166)
16:23:21 PR 86349  (1825 of 14166)
16:23:24 PR 86347  (1826 of 14166)
16:23:26 PR 86345  (1827 of 14166)
16:23:29 PR 86344  (1828 of 14166)
16:23:31 PR 86343  (1829 of 14166)
16:23:32 PR 86342  (1830 of 14166)
16:23:35 PR 86341  (1831 of 14166)
16:23:37 PR 86340  (1832 of 14166)
16:23:39 PR 86339  (1833 of 14166)
16:23:42 PR 86336  (1834 of 14166)
16:23:44 PR 86335  (1835 of 14166)
16:23:45 PR 86334  (1836 of 14166)
16:23:48 PR 86333  (1837 of 14166)
16:23:50 PR 86332  (1838 of 14166)
16:23:52 PR 86331  (1839 of 14166)
16:23:54 PR 86327  (1840 of 14166)
16:23:56 PR 86325  (1841 of 14166)
16:23:58 PR 86324  (1842 of 14166)
16:24:00 PR 86322  (1843 of 14166)
16:24:02 PR 86321  (1844 of 14166)
16:24:04 PR 86320  (1845 of 14166)
16:24:07 PR 86319  (1846 of 14166)
16:24:09 PR 86316  (1847 of 14166)
16:24:11 PR 86315  (1848 of 14166)
16:24:13 PR 86314  (1849 of 14166)
16:24:15 PR 86313  (1850 of 14166)
16:24:17 PR 86309  (1851 of 14166)
16:24:19 PR 86308  (1852 of 14166)
16:24:22 PR 86307  (1853 of 14166)
16:24:23 PR 86306  (1854 of 14166)
16:24:26 PR 86305  (1855 of 14166)
16:24:28 PR 86304  (1856 of 14166)
16:24:30 PR 86303  (1857 of 14166)
16:24:32 PR 86300  (1858 of 14166)
16:24:34 PR 86299  (1859 of 14166)
16:24:36 PR 86298  (1860 of 14166)
16:24:38 PR 86297  (1861 of 14166)
16:24:40 PR 86296  (1862 of 14166)
16:24:43 PR 86295  (1863 of 14166)
16:24:45 PR 86294  (1864 of 14166)
16:24:47 PR 86293  (1865 of 14166)
16:24:49 PR 86292  (1866 of 14166)
16:24:51 PR 86291  (1867 of 14166)
16:24:54 PR 86290  (1868 of 14166)
16:24:56 PR 86289  (1869 of 14166)
16:24:58 PR 86288  (1870 of 14166)
16:24:59 PR 86287  (1871 of 14166)
16:25:01 PR 86286  (1872 of 14166)
16:25:04 PR 86285  (1873 of 14166)
16:25:05 PR 86284  (1874 of 14166)
16:25:07 PR 86283  (1875 of 14166)
16:25:09 PR 86282  (1876 of 14166)
16:25:11 PR 86281  (1877 of 14166)
16:25:13 PR 86280  (1878 of 14166)
16:25:15 PR 86279  (1879 of 14166)
16:25:17 PR 86278  (1880 of 14166)
16:25:19 PR 86277  (1881 of 14166)
16:25:22 PR 86276  (1882 of 14166)
16:25:25 PR 86275  (1883 of 14166)
16:25:27 PR 86274  (1884 of 14166)
16:25:28 PR 86273  (1885 of 14166)
16:25:30 PR 86270  (1886 of 14166)
16:25:32 PR 86269  (1887 of 14166)
16:25:34 PR 86268  (1888 of 14166)
16:25:36 PR 86267  (1889 of 14166)
16:25:38 PR 86266  (1890 of 14166)
16:25:40 PR 86263  (1891 of 14166)
16:25:42 PR 86262  (1892 of 14166)
16:25:44 PR 86261  (1893 of 14166)
16:25:45 PR 86260  (1894 of 14166)
16:25:48 PR 86257  (1895 of 14166)
16:25:50 PR 86256  (1896 of 14166)
16:25:51 PR 86254  (1897 of 14166)
16:25:54 PR 86251  (1898 of 14166)
16:25:56 PR 86250  (1899 of 14166)
16:25:58 PR 86249  (1900 of 14166)
16:26:01 PR 86248  (1901 of 14166)
16:26:03 PR 86247  (1902 of 14166)
16:26:04 PR 86246  (1903 of 14166)
16:26:07 PR 86244  (1904 of 14166)
16:26:08 PR 86243  (1905 of 14166)
16:26:10 PR 86242  (1906 of 14166)
16:26:13 PR 86240  (1907 of 14166)
16:26:15 PR 86238  (1908 of 14166)
16:26:16 PR 86235  (1909 of 14166)
16:26:18 PR 86234  (1910 of 14166)
16:26:20 PR 86233  (1911 of 14166)
16:26:22 PR 86232  (1912 of 14166)
16:26:24 PR 86231  (1913 of 14166)
16:26:26 PR 86230  (1914 of 14166)
16:26:28 PR 86229  (1915 of 14166)
16:26:30 PR 86228  (1916 of 14166)
16:26:32 PR 86226  (1917 of 14166)
16:26:34 PR 86225  (1918 of 14166)
16:26:36 PR 86224  (1919 of 14166)
16:26:38 PR 86221  (1920 of 14166)
16:26:40 PR 86220  (1921 of 14166)
16:26:42 PR 86218  (1922 of 14166)
16:26:44 PR 86217  (1923 of 14166)
16:26:46 PR 86216  (1924 of 14166)
16:26:47 PR 86215  (1925 of 14166)
16:26:50 PR 86214  (1926 of 14166)
16:26:52 PR 86213  (1927 of 14166)
16:26:54 PR 86212  (1928 of 14166)
16:26:56 PR 86208  (1929 of 14166)
16:26:58 PR 86206  (1930 of 14166)
16:26:59 PR 86205  (1931 of 14166)
16:27:02 PR 86204  (1932 of 14166)
16:27:04 PR 86203  (1933 of 14166)
16:27:06 PR 86202  (1934 of 14166)
16:27:08 PR 86201  (1935 of 14166)
16:27:10 PR 86200  (1936 of 14166)
16:27:12 PR 86199  (1937 of 14166)
16:27:14 PR 86198  (1938 of 14166)
16:27:16 PR 86197  (1939 of 14166)
16:27:19 PR 86195  (1940 of 14166)
16:27:21 PR 86191  (1941 of 14166)
16:27:23 PR 86190  (1942 of 14166)
16:27:25 PR 86189  (1943 of 14166)
16:27:26 PR 86188  (1944 of 14166)
16:27:28 PR 86187  (1945 of 14166)
16:27:30 PR 86186  (1946 of 14166)
16:27:32 PR 86184  (1947 of 14166)
16:27:34 PR 86183  (1948 of 14166)
16:27:36 PR 86182  (1949 of 14166)
16:27:38 PR 86181  (1950 of 14166)
16:27:40 PR 86180  (1951 of 14166)
16:27:42 PR 86179  (1952 of 14166)
16:27:44 PR 86176  (1953 of 14166)
16:27:45 PR 86175  (1954 of 14166)
16:27:47 PR 86174  (1955 of 14166)
16:27:49 PR 86173  (1956 of 14166)
16:27:51 PR 86171  (1957 of 14166)
16:27:53 PR 86170  (1958 of 14166)
16:27:55 PR 86169  (1959 of 14166)
16:27:56 PR 86166  (1960 of 14166)
16:27:59 PR 86164  (1961 of 14166)
16:28:01 PR 86163  (1962 of 14166)
16:28:03 PR 86162  (1963 of 14166)
16:28:05 PR 86161  (1964 of 14166)
16:28:07 PR 86160  (1965 of 14166)
16:28:09 PR 86159  (1966 of 14166)
16:28:11 PR 86158  (1967 of 14166)
16:28:13 PR 86157  (1968 of 14166)
16:28:15 PR 86156  (1969 of 14166)
16:28:19 PR 86155  (1970 of 14166)
16:28:21 PR 86154  (1971 of 14166)
16:28:22 PR 86153  (1972 of 14166)
16:28:24 PR 86150  (1973 of 14166)
16:28:26 PR 86147  (1974 of 14166)
16:28:29 PR 86146  (1975 of 14166)
16:28:31 PR 86144  (1976 of 14166)
16:28:33 PR 86143  (1977 of 14166)
16:28:35 PR 86141  (1978 of 14166)
16:28:37 PR 86140  (1979 of 14166)
16:28:39 PR 86139  (1980 of 14166)
16:28:41 PR 86138  (1981 of 14166)
16:28:44 PR 86137  (1982 of 14166)
16:28:46 PR 86136  (1983 of 14166)
16:28:48 PR 86135  (1984 of 14166)
16:28:50 PR 86134  (1985 of 14166)
16:28:52 PR 86133  (1986 of 14166)
16:28:54 PR 86131  (1987 of 14166)
16:28:55 PR 86130  (1988 of 14166)
16:28:58 PR 86129  (1989 of 14166)
16:29:00 PR 86128  (1990 of 14166)
16:29:02 PR 86126  (1991 of 14166)
16:29:04 PR 86125  (1992 of 14166)
16:29:07 PR 86124  (1993 of 14166)
16:29:09 PR 86122  (1994 of 14166)
16:29:12 PR 86119  (1995 of 14166)
16:29:14 PR 86117  (1996 of 14166)
16:29:16 PR 86115  (1997 of 14166)
16:29:17 PR 86113  (1998 of 14166)
16:29:19 PR 86111  (1999 of 14166)
16:29:21 PR 86110  (2000 of 14166)
16:29:23 PR 86109  (2001 of 14166)
16:29:25 PR 86108  (2002 of 14166)
16:29:27 PR 86107  (2003 of 14166)
16:29:28 PR 86106  (2004 of 14166)
16:29:30 PR 86105  (2005 of 14166)
16:29:32 PR 86104  (2006 of 14166)
16:29:34 PR 86103  (2007 of 14166)
16:29:36 PR 86102  (2008 of 14166)
16:29:40 PR 86100  (2009 of 14166)
16:29:41 PR 86099  (2010 of 14166)
16:29:43 PR 86098  (2011 of 14166)
16:29:45 PR 86097  (2012 of 14166)
16:29:47 PR 86096  (2013 of 14166)
16:29:48 PR 86094  (2014 of 14166)
16:29:51 PR 86093  (2015 of 14166)
16:29:53 PR 86092  (2016 of 14166)
16:29:55 PR 86090  (2017 of 14166)
16:29:57 PR 86089  (2018 of 14166)
16:29:59 PR 86088  (2019 of 14166)
16:30:01 PR 86087  (2020 of 14166)
16:30:04 PR 86086  (2021 of 14166)
16:30:05 PR 86085  (2022 of 14166)
16:30:07 PR 86083  (2023 of 14166)
16:30:09 PR 86081  (2024 of 14166)
16:30:11 PR 86080  (2025 of 14166)
16:30:13 PR 86079  (2026 of 14166)
16:30:15 PR 86078  (2027 of 14166)
16:30:17 PR 86077  (2028 of 14166)
16:30:19 PR 86076  (2029 of 14166)
16:30:21 PR 86075  (2030 of 14166)
16:30:23 PR 86074  (2031 of 14166)
16:30:25 PR 86071  (2032 of 14166)
16:30:27 PR 86070  (2033 of 14166)
16:30:29 PR 86069  (2034 of 14166)
16:30:31 PR 86068  (2035 of 14166)
16:30:33 PR 86067  (2036 of 14166)
16:30:35 PR 86064  (2037 of 14166)
16:30:39 PR 86063  (2038 of 14166)
16:30:41 PR 86060  (2039 of 14166)
16:30:45 PR 86056  (2040 of 14166)
16:30:47 PR 86055  (2041 of 14166)
16:30:49 PR 86054  (2042 of 14166)
16:30:51 PR 86053  (2043 of 14166)
16:30:52 PR 86050  (2044 of 14166)
16:30:55 PR 86049  (2045 of 14166)
16:30:57 PR 86048  (2046 of 14166)
16:31:00 PR 86047  (2047 of 14166)
16:31:02 PR 86046  (2048 of 14166)
16:31:04 PR 86045  (2049 of 14166)
16:31:07 PR 86044  (2050 of 14166)
16:31:09 PR 86041  (2051 of 14166)
16:31:10 PR 86040  (2052 of 14166)
16:31:12 PR 86039  (2053 of 14166)
16:31:14 PR 86038  (2054 of 14166)
16:31:18 PR 86037  (2055 of 14166)
16:31:20 PR 86036  (2056 of 14166)
16:31:22 PR 86035  (2057 of 14166)
16:31:23 PR 86033  (2058 of 14166)
16:31:25 PR 86032  (2059 of 14166)
16:31:27 PR 86031  (2060 of 14166)
16:31:29 PR 86030  (2061 of 14166)
16:31:31 PR 86029  (2062 of 14166)
16:31:33 PR 86028  (2063 of 14166)
16:31:35 PR 86027  (2064 of 14166)
16:31:37 PR 86026  (2065 of 14166)
16:31:39 PR 86024  (2066 of 14166)
16:31:41 PR 86023  (2067 of 14166)
16:31:43 PR 86022  (2068 of 14166)
16:31:46 PR 86020  (2069 of 14166)
16:31:48 PR 86017  (2070 of 14166)
16:31:50 PR 86016  (2071 of 14166)
16:31:52 PR 86015  (2072 of 14166)
16:31:54 PR 86014  (2073 of 14166)
16:31:56 PR 86013  (2074 of 14166)
16:31:58 PR 86012  (2075 of 14166)
16:32:00 PR 86011  (2076 of 14166)
16:32:02 PR 86010  (2077 of 14166)
16:32:04 PR 86008  (2078 of 14166)
16:32:06 PR 86007  (2079 of 14166)
16:32:08 PR 86005  (2080 of 14166)
16:32:10 PR 86004  (2081 of 14166)
16:32:12 PR 86003  (2082 of 14166)
16:32:14 PR 86002  (2083 of 14166)
16:32:16 PR 86001  (2084 of 14166)
16:32:18 PR 85999  (2085 of 14166)
16:32:21 PR 85998  (2086 of 14166)
16:32:23 PR 85997  (2087 of 14166)
16:32:25 PR 85996  (2088 of 14166)
16:32:27 PR 85995  (2089 of 14166)
16:32:30 PR 85994  (2090 of 14166)
16:32:32 PR 85993  (2091 of 14166)
16:32:34 PR 85992  (2092 of 14166)
16:32:36 PR 85991  (2093 of 14166)
16:32:38 PR 85990  (2094 of 14166)
16:32:39 PR 85989  (2095 of 14166)
16:32:41 PR 85988  (2096 of 14166)
16:32:43 PR 85987  (2097 of 14166)
16:32:45 PR 85986  (2098 of 14166)
16:32:47 PR 85985  (2099 of 14166)
16:32:49 PR 85984  (2100 of 14166)
16:32:50 PR 85983  (2101 of 14166)
16:32:52 PR 85980  (2102 of 14166)
16:32:55 PR 85979  (2103 of 14166)
16:32:57 PR 85978  (2104 of 14166)
16:32:59 PR 85977  (2105 of 14166)
16:33:02 PR 85976  (2106 of 14166)
16:33:04 PR 85975  (2107 of 14166)
16:33:06 PR 85973  (2108 of 14166)
16:33:08 PR 85972  (2109 of 14166)
16:33:10 PR 85971  (2110 of 14166)
16:33:12 PR 85970  (2111 of 14166)
16:33:15 PR 85969  (2112 of 14166)
16:33:18 PR 85968  (2113 of 14166)
16:33:19 PR 85967  (2114 of 14166)
16:33:22 PR 85966  (2115 of 14166)
16:33:24 PR 85964  (2116 of 14166)
16:33:26 PR 85963  (2117 of 14166)
16:33:28 PR 85961  (2118 of 14166)
16:33:30 PR 85959  (2119 of 14166)
16:33:32 PR 85958  (2120 of 14166)
16:33:34 PR 85956  (2121 of 14166)
16:33:36 PR 85955  (2122 of 14166)
16:33:39 PR 85954  (2123 of 14166)
16:33:40 PR 85953  (2124 of 14166)
16:33:42 PR 85950  (2125 of 14166)
16:33:44 PR 85949  (2126 of 14166)
16:33:46 PR 85948  (2127 of 14166)
16:33:48 PR 85947  (2128 of 14166)
16:33:50 PR 85946  (2129 of 14166)
16:33:52 PR 85945  (2130 of 14166)
16:33:54 PR 85944  (2131 of 14166)
16:33:57 PR 85943  (2132 of 14166)
16:33:59 PR 85941  (2133 of 14166)
16:34:01 PR 85940  (2134 of 14166)
16:34:04 PR 85939  (2135 of 14166)
16:34:05 PR 85938  (2136 of 14166)
16:34:07 PR 85935  (2137 of 14166)
16:34:10 PR 85934  (2138 of 14166)
16:34:12 PR 85932  (2139 of 14166)
16:34:15 PR 85931  (2140 of 14166)
16:34:17 PR 85930  (2141 of 14166)
16:34:19 PR 85929  (2142 of 14166)
16:34:21 PR 85928  (2143 of 14166)
16:34:23 PR 85927  (2144 of 14166)
16:34:26 PR 85926  (2145 of 14166)
16:34:28 PR 85925  (2146 of 14166)
16:34:30 PR 85920  (2147 of 14166)
16:34:31 PR 85919  (2148 of 14166)
16:34:33 PR 85918  (2149 of 14166)
16:34:38 PR 85917  (2150 of 14166)
16:34:40 PR 85915  (2151 of 14166)
16:34:41 PR 85914  (2152 of 14166)
16:34:44 PR 85913  (2153 of 14166)
16:34:45 PR 85912  (2154 of 14166)
16:34:50 PR 85910  (2155 of 14166)
16:34:53 PR 85909  (2156 of 14166)
16:34:55 PR 85908  (2157 of 14166)
16:34:59 PR 85907  (2158 of 14166)
16:35:02 PR 85906  (2159 of 14166)
16:35:05 PR 85905  (2160 of 14166)
16:35:08 PR 85904  (2161 of 14166)
16:35:10 PR 85903  (2162 of 14166)
16:35:12 PR 85902  (2163 of 14166)
16:35:13 PR 85900  (2164 of 14166)
16:35:16 PR 85898  (2165 of 14166)
16:35:17 PR 85897  (2166 of 14166)
16:35:19 PR 85894  (2167 of 14166)
16:35:21 PR 85893  (2168 of 14166)
16:35:23 PR 85892  (2169 of 14166)
16:35:25 PR 85891  (2170 of 14166)
16:35:27 PR 85890  (2171 of 14166)
16:35:29 PR 85889  (2172 of 14166)
16:35:31 PR 85888  (2173 of 14166)
16:35:33 PR 85887  (2174 of 14166)
16:35:35 PR 85884  (2175 of 14166)
16:35:37 PR 85883  (2176 of 14166)
16:35:39 PR 85881  (2177 of 14166)
16:35:41 PR 85880  (2178 of 14166)
16:35:43 PR 85879  (2179 of 14166)
16:35:45 PR 85878  (2180 of 14166)
16:35:48 PR 85877  (2181 of 14166)
16:35:49 PR 85876  (2182 of 14166)
16:35:51 PR 85874  (2183 of 14166)
16:35:53 PR 85873  (2184 of 14166)
16:35:55 PR 85872  (2185 of 14166)
16:35:57 PR 85871  (2186 of 14166)
16:35:59 PR 85870  (2187 of 14166)
16:36:02 PR 85869  (2188 of 14166)
16:36:04 PR 85868  (2189 of 14166)
16:36:07 PR 85866  (2190 of 14166)
16:36:09 PR 85865  (2191 of 14166)
16:36:11 PR 85861  (2192 of 14166)
16:36:13 PR 85860  (2193 of 14166)
16:36:15 PR 85858  (2194 of 14166)
16:36:17 PR 85856  (2195 of 14166)
16:36:19 PR 85855  (2196 of 14166)
16:36:21 PR 85853  (2197 of 14166)
16:36:23 PR 85852  (2198 of 14166)
16:36:24 PR 85849  (2199 of 14166)
16:36:26 PR 85848  (2200 of 14166)
16:36:28 PR 85847  (2201 of 14166)
16:36:31 PR 85846  (2202 of 14166)
16:36:32 PR 85845  (2203 of 14166)
16:36:34 PR 85843  (2204 of 14166)
16:36:37 PR 85840  (2205 of 14166)
16:36:39 PR 85839  (2206 of 14166)
16:36:41 PR 85838  (2207 of 14166)
16:36:43 PR 85837  (2208 of 14166)
16:36:45 PR 85836  (2209 of 14166)
16:36:47 PR 85835  (2210 of 14166)
16:36:49 PR 85834  (2211 of 14166)
16:36:52 PR 85833  (2212 of 14166)
16:36:55 PR 85831  (2213 of 14166)
16:36:57 PR 85830  (2214 of 14166)
16:37:00 PR 85829  (2215 of 14166)
16:37:02 PR 85828  (2216 of 14166)
16:37:04 PR 85827  (2217 of 14166)
16:37:05 PR 85826  (2218 of 14166)
16:37:07 PR 85825  (2219 of 14166)
16:37:09 PR 85824  (2220 of 14166)
16:37:11 PR 87160  (2221 of 14166)
16:37:13 PR 87159  (2222 of 14166)
16:37:15 PR 87158  (2223 of 14166)
16:37:18 PR 87157  (2224 of 14166)
16:37:20 PR 87156  (2225 of 14166)
16:37:22 PR 87155  (2226 of 14166)
16:37:24 PR 87154  (2227 of 14166)
16:37:27 PR 87153  (2228 of 14166)
16:37:29 PR 87152  (2229 of 14166)
16:37:31 PR 87151  (2230 of 14166)
16:37:34 PR 87149  (2231 of 14166)
16:37:37 PR 87148  (2232 of 14166)
16:37:38 PR 87146  (2233 of 14166)
16:37:41 PR 87145  (2234 of 14166)
16:37:43 PR 87144  (2235 of 14166)
16:37:45 PR 87143  (2236 of 14166)
16:37:47 PR 87142  (2237 of 14166)
16:37:49 PR 87141  (2238 of 14166)
16:37:50 PR 87140  (2239 of 14166)
16:37:52 PR 87139  (2240 of 14166)
16:37:55 PR 87138  (2241 of 14166)
16:37:57 PR 87137  (2242 of 14166)
16:37:59 PR 87136  (2243 of 14166)
16:38:01 PR 87135  (2244 of 14166)
16:38:03 PR 87134  (2245 of 14166)
16:38:05 PR 87133  (2246 of 14166)
16:38:07 PR 87132  (2247 of 14166)
16:38:09 PR 87130  (2248 of 14166)
16:38:11 PR 87129  (2249 of 14166)
16:38:13 PR 87126  (2250 of 14166)
16:38:16 PR 87125  (2251 of 14166)
16:38:18 PR 87124  (2252 of 14166)
16:38:20 PR 87123  (2253 of 14166)
16:38:23 PR 87122  (2254 of 14166)
16:38:25 PR 87121  (2255 of 14166)
16:38:27 PR 87120  (2256 of 14166)
16:38:28 PR 87119  (2257 of 14166)
16:38:30 PR 87118  (2258 of 14166)
16:38:32 PR 87117  (2259 of 14166)
16:38:35 PR 87115  (2260 of 14166)
16:38:37 PR 87114  (2261 of 14166)
16:38:39 PR 87113  (2262 of 14166)
16:38:41 PR 87112  (2263 of 14166)
16:38:43 PR 87111  (2264 of 14166)
16:38:45 PR 87110  (2265 of 14166)
16:38:47 PR 87107  (2266 of 14166)
16:38:50 PR 87106  (2267 of 14166)
16:38:53 PR 87105  (2268 of 14166)
16:38:54 PR 87104  (2269 of 14166)
16:38:56 PR 87103  (2270 of 14166)
16:38:58 PR 87101  (2271 of 14166)
16:38:59 PR 87100  (2272 of 14166)
16:39:02 PR 87099  (2273 of 14166)
16:39:04 PR 87098  (2274 of 14166)
16:39:05 PR 87097  (2275 of 14166)
16:39:07 PR 87096  (2276 of 14166)
16:39:10 PR 87095  (2277 of 14166)
16:39:12 PR 87093  (2278 of 14166)
16:39:14 PR 87092  (2279 of 14166)
16:39:16 PR 87089  (2280 of 14166)
16:39:19 PR 87088  (2281 of 14166)
16:39:20 PR 87087  (2282 of 14166)
16:39:22 PR 87086  (2283 of 14166)
16:39:24 PR 87084  (2284 of 14166)
16:39:26 PR 87083  (2285 of 14166)
16:39:28 PR 87082  (2286 of 14166)
16:39:30 PR 87081  (2287 of 14166)
16:39:32 PR 87080  (2288 of 14166)
16:39:34 PR 87076  (2289 of 14166)
16:39:36 PR 87075  (2290 of 14166)
16:39:38 PR 87074  (2291 of 14166)
16:39:40 PR 87073  (2292 of 14166)
16:39:42 PR 87072  (2293 of 14166)
16:39:44 PR 87071  (2294 of 14166)
16:39:47 PR 87070  (2295 of 14166)
16:39:49 PR 87069  (2296 of 14166)
16:39:51 PR 87068  (2297 of 14166)
16:39:53 PR 87067  (2298 of 14166)
16:39:55 PR 87066  (2299 of 14166)
16:39:56 PR 87063  (2300 of 14166)
16:39:59 PR 87062  (2301 of 14166)
16:40:02 PR 87061  (2302 of 14166)
16:40:04 PR 87058  (2303 of 14166)
16:40:06 PR 87057  (2304 of 14166)
16:40:08 PR 87056  (2305 of 14166)
16:40:10 PR 87055  (2306 of 14166)
16:40:12 PR 87053  (2307 of 14166)
16:40:14 PR 87052  (2308 of 14166)
16:40:16 PR 87049  (2309 of 14166)
16:40:18 PR 87048  (2310 of 14166)
16:40:22 PR 87045  (2311 of 14166)
16:40:24 PR 87044  (2312 of 14166)
16:40:26 PR 87043  (2313 of 14166)
16:40:28 PR 87042  (2314 of 14166)
16:40:30 PR 87041  (2315 of 14166)
16:40:32 PR 87040  (2316 of 14166)
16:40:34 PR 87038  (2317 of 14166)
16:40:37 PR 87037  (2318 of 14166)
16:40:39 PR 87036  (2319 of 14166)
16:40:42 PR 87035  (2320 of 14166)
16:40:44 PR 87034  (2321 of 14166)
16:40:46 PR 87033  (2322 of 14166)
16:40:48 PR 87031  (2323 of 14166)
16:40:49 PR 87030  (2324 of 14166)
16:40:51 PR 87029  (2325 of 14166)
16:40:54 PR 87028  (2326 of 14166)
16:40:56 PR 87027  (2327 of 14166)
16:40:58 PR 87026  (2328 of 14166)
16:41:00 PR 87025  (2329 of 14166)
16:41:02 PR 87023  (2330 of 14166)
16:41:04 PR 87022  (2331 of 14166)
16:41:06 PR 87020  (2332 of 14166)
16:41:08 PR 87019  (2333 of 14166)
16:41:11 PR 87017  (2334 of 14166)
16:41:13 PR 87016  (2335 of 14166)
16:41:15 PR 87015  (2336 of 14166)
16:41:17 PR 87014  (2337 of 14166)
16:41:19 PR 87012  (2338 of 14166)
16:41:22 PR 87011  (2339 of 14166)
16:41:24 PR 87010  (2340 of 14166)
16:41:26 PR 87009  (2341 of 14166)
16:41:28 PR 87008  (2342 of 14166)
16:41:30 PR 87007  (2343 of 14166)
16:41:31 PR 87006  (2344 of 14166)
16:41:34 PR 87005  (2345 of 14166)
16:41:36 PR 87004  (2346 of 14166)
16:41:39 PR 87003  (2347 of 14166)
16:41:41 PR 87002  (2348 of 14166)
16:41:43 PR 87001  (2349 of 14166)
16:41:45 PR 87000  (2350 of 14166)
16:41:48 PR 86999  (2351 of 14166)
16:41:50 PR 86998  (2352 of 14166)
16:41:51 PR 86997  (2353 of 14166)
16:41:53 PR 86996  (2354 of 14166)
16:41:55 PR 86995  (2355 of 14166)
16:41:57 PR 86994  (2356 of 14166)
16:41:59 PR 86993  (2357 of 14166)
16:42:01 PR 86992  (2358 of 14166)
16:42:03 PR 86989  (2359 of 14166)
16:42:04 PR 86988  (2360 of 14166)
16:42:07 PR 86987  (2361 of 14166)
16:42:09 PR 86986  (2362 of 14166)
16:42:11 PR 86985  (2363 of 14166)
16:42:13 PR 86984  (2364 of 14166)
16:42:15 PR 86980  (2365 of 14166)
16:42:17 PR 86979  (2366 of 14166)
16:42:19 PR 86978  (2367 of 14166)
16:42:21 PR 86976  (2368 of 14166)
16:42:23 PR 86974  (2369 of 14166)
16:42:25 PR 86973  (2370 of 14166)
16:42:27 PR 86972  (2371 of 14166)
16:42:29 PR 86971  (2372 of 14166)
16:42:32 PR 86970  (2373 of 14166)
16:42:33 PR 86969  (2374 of 14166)
16:42:36 PR 86968  (2375 of 14166)
16:42:38 PR 86967  (2376 of 14166)
16:42:39 PR 86966  (2377 of 14166)
16:42:41 PR 86965  (2378 of 14166)
16:42:43 PR 86963  (2379 of 14166)
16:42:45 PR 86962  (2380 of 14166)
16:42:48 PR 86961  (2381 of 14166)
16:42:50 PR 86958  (2382 of 14166)
16:42:52 PR 86957  (2383 of 14166)
16:42:54 PR 86956  (2384 of 14166)
16:42:56 PR 86955  (2385 of 14166)
16:42:58 PR 86953  (2386 of 14166)
16:43:02 PR 86952  (2387 of 14166)
16:43:04 PR 86951  (2388 of 14166)
16:43:06 PR 86950  (2389 of 14166)
16:43:09 PR 86949  (2390 of 14166)
16:43:11 PR 86948  (2391 of 14166)
16:43:13 PR 86947  (2392 of 14166)
16:43:15 PR 86946  (2393 of 14166)
16:43:17 PR 86944  (2394 of 14166)
16:43:19 PR 86942  (2395 of 14166)
16:43:22 PR 86941  (2396 of 14166)
16:43:24 PR 86940  (2397 of 14166)
16:49:47 starting - 2397 PRs already saved, skipping those
16:49:47 reusing cached list of 14166 PR numbers
16:56:43 starting - 2397 PRs already saved, skipping those
16:56:43 reusing cached list of 14166 PR numbers
17:01:24 starting - 2397 PRs already saved, skipping those
17:01:24 reusing cached list of 14166 PR numbers
17:10:43 starting - 2397 PRs already saved, skipping those
17:10:43 reusing cached list of 14166 PR numbers
17:10:46 PR 86939  (2398 of 14166)
17:10:48 PR 86938  (2399 of 14166)
17:10:50 PR 86937  (2400 of 14166)
17:10:53 PR 86936  (2401 of 14166)
17:10:55 PR 86935  (2402 of 14166)
17:10:58 PR 86934  (2403 of 14166)
17:11:01 PR 86933  (2404 of 14166)
17:11:05 PR 86927  (2405 of 14166)
17:11:07 PR 86926  (2406 of 14166)
17:11:09 PR 86925  (2407 of 14166)
17:11:12 PR 86923  (2408 of 14166)
17:11:14 PR 86922  (2409 of 14166)
17:11:16 PR 86921  (2410 of 14166)
17:11:18 PR 86920  (2411 of 14166)
17:11:21 PR 86919  (2412 of 14166)
17:11:23 PR 86918  (2413 of 14166)
17:11:25 PR 86917  (2414 of 14166)
17:11:27 PR 86916  (2415 of 14166)
17:11:29 PR 86915  (2416 of 14166)
17:11:31 PR 86914  (2417 of 14166)
17:11:34 PR 86913  (2418 of 14166)
17:11:36 PR 86911  (2419 of 14166)
17:11:38 PR 86910  (2420 of 14166)
17:11:41 PR 86909  (2421 of 14166)
17:11:43 PR 86907  (2422 of 14166)
17:11:44 PR 86906  (2423 of 14166)
17:11:46 PR 86905  (2424 of 14166)
17:11:48 PR 86904  (2425 of 14166)
17:11:51 PR 86903  (2426 of 14166)
17:11:52 PR 86902  (2427 of 14166)
17:11:54 PR 86901  (2428 of 14166)
17:11:56 PR 86900  (2429 of 14166)
17:11:58 PR 86899  (2430 of 14166)
17:12:00 PR 86897  (2431 of 14166)
17:12:02 PR 86896  (2432 of 14166)
17:12:04 PR 86895  (2433 of 14166)
17:12:06 PR 86894  (2434 of 14166)
17:12:08 PR 86893  (2435 of 14166)
17:12:10 PR 86892  (2436 of 14166)
17:12:12 PR 86891  (2437 of 14166)
17:12:15 PR 86890  (2438 of 14166)
17:12:17 PR 86889  (2439 of 14166)
17:12:18 PR 86888  (2440 of 14166)
17:12:20 PR 86887  (2441 of 14166)
17:12:22 PR 86886  (2442 of 14166)
17:12:24 PR 86885  (2443 of 14166)
17:12:26 PR 86884  (2444 of 14166)
17:12:28 PR 86883  (2445 of 14166)
17:12:29 PR 86881  (2446 of 14166)
17:12:31 PR 86880  (2447 of 14166)
17:12:33 PR 86879  (2448 of 14166)
17:12:35 PR 86878  (2449 of 14166)
17:12:36 PR 86876  (2450 of 14166)
17:12:38 PR 86875  (2451 of 14166)
17:12:40 PR 86874  (2452 of 14166)
17:12:41 PR 86872  (2453 of 14166)
17:12:43 PR 86871  (2454 of 14166)
17:12:45 PR 86870  (2455 of 14166)
17:12:47 PR 86869  (2456 of 14166)
17:12:49 PR 86868  (2457 of 14166)
17:12:50 PR 86866  (2458 of 14166)
17:12:52 PR 86864  (2459 of 14166)
17:12:54 PR 86863  (2460 of 14166)
17:12:55 PR 86862  (2461 of 14166)
17:12:57 PR 86861  (2462 of 14166)
17:12:59 PR 86860  (2463 of 14166)
17:13:00 PR 86858  (2464 of 14166)
17:13:03 PR 86857  (2465 of 14166)
17:13:05 PR 86856  (2466 of 14166)
17:13:06 PR 86854  (2467 of 14166)
17:13:08 PR 86852  (2468 of 14166)
17:13:11 PR 86851  (2469 of 14166)
17:13:12 PR 86846  (2470 of 14166)
17:13:14 PR 86845  (2471 of 14166)
17:13:15 PR 86844  (2472 of 14166)
17:13:17 PR 86843  (2473 of 14166)
17:13:19 PR 86842  (2474 of 14166)
17:13:20 PR 86841  (2475 of 14166)
17:13:22 PR 86840  (2476 of 14166)
17:13:24 PR 86839  (2477 of 14166)
17:13:26 PR 86838  (2478 of 14166)
17:13:28 PR 86835  (2479 of 14166)
17:13:30 PR 86834  (2480 of 14166)
17:13:32 PR 86833  (2481 of 14166)
17:13:35 PR 86832  (2482 of 14166)
17:13:38 PR 86831  (2483 of 14166)
17:13:39 PR 86830  (2484 of 14166)
17:13:41 PR 86829  (2485 of 14166)
17:13:43 PR 86828  (2486 of 14166)
17:13:45 PR 86826  (2487 of 14166)
17:13:47 PR 86824  (2488 of 14166)
17:13:50 PR 86823  (2489 of 14166)
17:13:54 PR 86822  (2490 of 14166)
17:13:56 PR 86821  (2491 of 14166)
17:13:58 PR 86819  (2492 of 14166)
17:14:00 PR 86818  (2493 of 14166)
17:14:03 PR 86815  (2494 of 14166)
17:14:06 PR 86814  (2495 of 14166)
17:14:09 PR 86812  (2496 of 14166)
17:14:11 PR 86811  (2497 of 14166)
17:14:13 PR 86810  (2498 of 14166)
17:14:15 PR 86809  (2499 of 14166)
17:14:17 PR 86807  (2500 of 14166)
17:14:19 PR 86806  (2501 of 14166)
17:14:21 PR 86805  (2502 of 14166)
17:14:24 PR 86803  (2503 of 14166)
17:14:26 PR 86801  (2504 of 14166)
17:14:29 PR 86800  (2505 of 14166)
17:14:30 PR 86798  (2506 of 14166)
17:14:32 PR 86797  (2507 of 14166)
17:14:34 PR 86796  (2508 of 14166)
17:14:35 PR 86795  (2509 of 14166)
17:14:37 PR 86794  (2510 of 14166)
17:14:39 PR 86793  (2511 of 14166)
17:14:41 PR 86792  (2512 of 14166)
17:14:43 PR 86791  (2513 of 14166)
17:14:45 PR 86790  (2514 of 14166)
17:14:46 PR 86789  (2515 of 14166)
17:14:48 PR 86788  (2516 of 14166)
17:14:50 PR 86787  (2517 of 14166)
17:14:51 PR 86786  (2518 of 14166)
17:14:53 PR 86785  (2519 of 14166)
17:14:55 PR 86784  (2520 of 14166)
17:14:57 PR 86783  (2521 of 14166)
17:14:59 PR 86782  (2522 of 14166)
17:15:01 PR 86781  (2523 of 14166)
17:15:03 PR 86778  (2524 of 14166)
17:15:05 PR 86777  (2525 of 14166)
17:15:07 PR 86775  (2526 of 14166)
17:15:09 PR 86774  (2527 of 14166)
17:15:11 PR 86773  (2528 of 14166)
17:15:13 PR 86772  (2529 of 14166)
17:15:16 PR 86771  (2530 of 14166)
17:15:18 PR 86770  (2531 of 14166)
17:15:20 PR 86769  (2532 of 14166)
17:15:23 PR 86768  (2533 of 14166)
17:15:25 PR 86767  (2534 of 14166)
17:15:27 PR 86766  (2535 of 14166)
17:15:29 PR 86765  (2536 of 14166)
17:15:30 PR 86763  (2537 of 14166)
17:15:32 PR 86762  (2538 of 14166)
17:15:34 PR 86760  (2539 of 14166)
17:15:36 PR 86759  (2540 of 14166)
17:15:38 PR 86758  (2541 of 14166)
17:15:40 PR 86757  (2542 of 14166)
17:15:43 PR 86756  (2543 of 14166)
17:15:47 PR 86755  (2544 of 14166)
17:15:49 PR 86754  (2545 of 14166)
17:15:51 PR 86753  (2546 of 14166)
17:15:53 PR 86752  (2547 of 14166)
17:15:55 PR 86751  (2548 of 14166)
17:15:57 PR 86750  (2549 of 14166)
17:15:59 PR 86749  (2550 of 14166)
17:16:00 PR 86748  (2551 of 14166)
17:16:03 PR 86747  (2552 of 14166)
17:16:05 PR 86746  (2553 of 14166)
17:16:06 PR 86745  (2554 of 14166)
17:16:08 PR 86744  (2555 of 14166)
17:16:10 PR 86743  (2556 of 14166)
17:16:12 PR 86741  (2557 of 14166)
17:16:15 PR 86740  (2558 of 14166)
17:16:17 PR 86739  (2559 of 14166)
17:16:19 PR 86738  (2560 of 14166)
17:16:21 PR 86737  (2561 of 14166)
17:16:23 PR 86736  (2562 of 14166)
17:16:25 PR 86734  (2563 of 14166)
17:16:27 PR 86733  (2564 of 14166)
17:16:29 PR 86732  (2565 of 14166)
17:16:31 PR 86731  (2566 of 14166)
17:16:34 PR 86730  (2567 of 14166)
17:16:36 PR 86729  (2568 of 14166)
17:16:38 PR 86728  (2569 of 14166)
17:16:40 PR 86727  (2570 of 14166)
17:16:42 PR 86726  (2571 of 14166)
17:16:43 PR 86725  (2572 of 14166)
17:16:45 PR 86724  (2573 of 14166)
17:16:47 PR 86723  (2574 of 14166)
17:16:49 PR 86721  (2575 of 14166)
17:16:51 PR 86719  (2576 of 14166)
17:16:55 PR 86717  (2577 of 14166)
17:16:57 PR 86716  (2578 of 14166)
17:16:58 PR 86715  (2579 of 14166)
17:17:00 PR 86714  (2580 of 14166)
17:17:03 PR 86713  (2581 of 14166)
17:17:05 PR 86712  (2582 of 14166)
17:17:07 PR 86711  (2583 of 14166)
17:17:09 PR 86710  (2584 of 14166)
17:17:11 PR 86709  (2585 of 14166)
17:17:13 PR 86708  (2586 of 14166)
17:17:15 PR 86707  (2587 of 14166)
17:17:17 PR 86706  (2588 of 14166)
17:17:19 PR 86704  (2589 of 14166)
17:17:21 PR 86703  (2590 of 14166)
17:17:23 PR 86702  (2591 of 14166)
17:17:24 PR 86701  (2592 of 14166)
17:17:26 PR 86700  (2593 of 14166)
17:17:28 PR 86696  (2594 of 14166)
17:17:30 PR 86695  (2595 of 14166)
17:17:32 PR 86694  (2596 of 14166)
17:17:34 PR 86693  (2597 of 14166)
17:17:36 PR 86692  (2598 of 14166)
17:17:38 PR 86691  (2599 of 14166)
17:17:40 PR 86690  (2600 of 14166)
17:17:42 PR 86688  (2601 of 14166)
17:17:43 PR 86687  (2602 of 14166)
17:17:45 PR 86686  (2603 of 14166)
17:17:47 PR 86685  (2604 of 14166)
17:17:48 PR 86683  (2605 of 14166)
17:17:51 PR 86682  (2606 of 14166)
17:17:53 PR 86679  (2607 of 14166)
17:17:55 PR 86678  (2608 of 14166)
17:17:57 PR 86677  (2609 of 14166)
17:17:59 PR 86676  (2610 of 14166)
17:18:01 PR 86675  (2611 of 14166)
17:18:03 PR 86671  (2612 of 14166)
17:18:06 PR 86670  (2613 of 14166)
17:18:08 PR 86668  (2614 of 14166)
17:18:10 PR 86667  (2615 of 14166)
17:18:11 PR 86666  (2616 of 14166)
17:18:13 PR 86665  (2617 of 14166)
17:18:15 PR 86664  (2618 of 14166)
17:18:17 PR 86663  (2619 of 14166)
17:18:19 PR 86662  (2620 of 14166)
17:18:21 PR 86661  (2621 of 14166)
17:18:23 PR 86660  (2622 of 14166)
17:18:24 PR 86659  (2623 of 14166)
17:18:26 PR 86658  (2624 of 14166)
17:18:28 PR 86656  (2625 of 14166)
17:18:30 PR 86655  (2626 of 14166)
17:18:32 PR 86654  (2627 of 14166)
17:18:34 PR 86653  (2628 of 14166)
17:18:38 PR 86650  (2629 of 14166)
17:18:41 PR 86649  (2630 of 14166)
17:18:43 PR 86648  (2631 of 14166)
17:18:46 PR 86646  (2632 of 14166)
17:18:48 PR 86645  (2633 of 14166)
17:18:50 PR 86644  (2634 of 14166)
17:18:54 PR 86643  (2635 of 14166)
17:18:56 PR 86642  (2636 of 14166)
17:18:58 PR 86641  (2637 of 14166)
17:18:59 PR 86640  (2638 of 14166)
17:19:01 PR 86639  (2639 of 14166)
17:19:03 PR 86638  (2640 of 14166)
17:19:05 PR 86636  (2641 of 14166)
17:19:07 PR 86635  (2642 of 14166)
17:19:09 PR 86634  (2643 of 14166)
17:19:10 PR 86631  (2644 of 14166)
17:19:13 PR 86629  (2645 of 14166)
17:19:15 PR 86628  (2646 of 14166)
17:19:17 PR 86627  (2647 of 14166)
17:19:19 PR 86626  (2648 of 14166)
17:19:21 PR 86625  (2649 of 14166)
17:19:23 PR 86624  (2650 of 14166)
17:19:26 PR 86623  (2651 of 14166)
17:19:27 PR 86622  (2652 of 14166)
17:19:30 PR 86621  (2653 of 14166)
17:19:32 PR 86620  (2654 of 14166)
17:19:35 PR 86619  (2655 of 14166)
17:19:38 PR 86618  (2656 of 14166)
17:19:40 PR 86617  (2657 of 14166)
17:19:42 PR 86616  (2658 of 14166)
17:19:44 PR 86615  (2659 of 14166)
17:19:46 PR 86614  (2660 of 14166)
17:19:48 PR 86612  (2661 of 14166)
17:19:51 PR 86610  (2662 of 14166)
17:19:54 PR 86607  (2663 of 14166)
17:19:56 PR 86606  (2664 of 14166)
17:19:59 PR 86604  (2665 of 14166)
17:20:01 PR 86602  (2666 of 14166)
17:20:03 PR 86601  (2667 of 14166)
17:20:05 PR 86599  (2668 of 14166)
17:20:07 PR 86597  (2669 of 14166)
17:20:08 PR 86595  (2670 of 14166)
17:20:10 PR 86594  (2671 of 14166)
17:20:12 PR 86593  (2672 of 14166)
17:20:14 PR 86591  (2673 of 14166)
17:20:15 PR 86590  (2674 of 14166)
17:20:18 PR 86588  (2675 of 14166)
17:20:20 PR 86587  (2676 of 14166)
17:20:22 PR 86586  (2677 of 14166)
17:20:24 PR 86584  (2678 of 14166)
17:20:25 PR 86583  (2679 of 14166)
17:20:27 PR 86582  (2680 of 14166)
17:20:29 PR 86581  (2681 of 14166)
17:20:31 PR 86580  (2682 of 14166)
17:20:32 PR 86579  (2683 of 14166)
17:20:34 PR 86578  (2684 of 14166)
17:20:37 PR 86577  (2685 of 14166)
17:20:38 PR 86576  (2686 of 14166)
17:20:40 PR 86575  (2687 of 14166)
17:20:42 PR 86574  (2688 of 14166)
17:20:44 PR 86573  (2689 of 14166)
17:20:46 PR 86572  (2690 of 14166)
17:20:48 PR 86571  (2691 of 14166)
17:20:51 PR 86569  (2692 of 14166)
17:20:52 PR 86568  (2693 of 14166)
17:20:54 PR 86567  (2694 of 14166)
17:20:56 PR 86566  (2695 of 14166)
17:20:58 PR 86565  (2696 of 14166)
17:21:00 PR 86564  (2697 of 14166)
17:21:02 PR 86562  (2698 of 14166)
17:21:03 PR 86553  (2699 of 14166)
17:21:06 PR 86548  (2700 of 14166)
17:21:07 PR 86545  (2701 of 14166)
17:21:09 PR 86544  (2702 of 14166)
17:21:14 PR 86543  (2703 of 14166)
17:21:16 PR 86542  (2704 of 14166)
17:21:18 PR 86541  (2705 of 14166)
17:21:20 PR 86540  (2706 of 14166)
17:21:22 PR 86538  (2707 of 14166)
17:21:25 PR 86537  (2708 of 14166)
17:21:28 PR 86536  (2709 of 14166)
17:21:29 PR 86535  (2710 of 14166)
17:21:31 PR 86534  (2711 of 14166)
17:21:34 PR 86533  (2712 of 14166)
17:21:36 PR 86532  (2713 of 14166)
17:21:38 PR 86531  (2714 of 14166)
17:21:40 PR 86529  (2715 of 14166)
17:21:42 PR 86527  (2716 of 14166)
17:21:43 PR 86526  (2717 of 14166)
17:21:46 PR 86525  (2718 of 14166)
17:21:48 PR 86524  (2719 of 14166)
17:21:50 PR 86523  (2720 of 14166)
17:21:52 PR 86522  (2721 of 14166)
17:21:54 PR 86521  (2722 of 14166)
17:21:56 PR 86518  (2723 of 14166)
17:21:58 PR 86517  (2724 of 14166)
17:22:00 PR 86514  (2725 of 14166)
17:22:03 PR 86513  (2726 of 14166)
17:22:05 PR 86512  (2727 of 14166)
17:22:06 PR 86511  (2728 of 14166)
17:22:08 PR 86510  (2729 of 14166)
17:22:10 PR 86509  (2730 of 14166)
17:22:12 PR 86507  (2731 of 14166)
17:22:13 PR 86506  (2732 of 14166)
17:22:15 PR 86505  (2733 of 14166)
17:22:17 PR 86504  (2734 of 14166)
17:22:19 PR 87934  (2735 of 14166)
17:22:21 PR 87933  (2736 of 14166)
17:22:23 PR 87931  (2737 of 14166)
17:22:25 PR 87930  (2738 of 14166)
17:22:26 PR 87929  (2739 of 14166)
17:22:28 PR 87928  (2740 of 14166)
17:22:30 PR 87927  (2741 of 14166)
17:22:32 PR 87926  (2742 of 14166)
17:22:34 PR 87925  (2743 of 14166)
17:22:36 PR 87923  (2744 of 14166)
17:22:39 PR 87922  (2745 of 14166)
17:22:42 PR 87921  (2746 of 14166)
17:22:44 PR 87920  (2747 of 14166)
17:22:46 PR 87919  (2748 of 14166)
17:22:49 PR 87918  (2749 of 14166)
17:22:51 PR 87917  (2750 of 14166)
17:22:53 PR 87916  (2751 of 14166)
17:22:55 PR 87915  (2752 of 14166)
17:22:58 PR 87914  (2753 of 14166)
17:23:00 PR 87913  (2754 of 14166)
17:23:02 PR 87912  (2755 of 14166)
17:23:04 PR 87911  (2756 of 14166)
17:23:06 PR 87910  (2757 of 14166)
17:23:08 PR 87909  (2758 of 14166)
17:23:10 PR 87908  (2759 of 14166)
17:23:11 PR 87905  (2760 of 14166)
17:23:13 PR 87904  (2761 of 14166)
17:23:15 PR 87903  (2762 of 14166)
17:23:17 PR 87902  (2763 of 14166)
17:23:19 PR 87901  (2764 of 14166)
17:23:20 PR 87900  (2765 of 14166)
17:23:22 PR 87897  (2766 of 14166)
17:23:25 PR 87896  (2767 of 14166)
17:23:27 PR 87895  (2768 of 14166)
17:23:29 PR 87893  (2769 of 14166)
17:23:31 PR 87891  (2770 of 14166)
17:23:34 PR 87890  (2771 of 14166)
17:23:36 PR 87889  (2772 of 14166)
17:23:38 PR 87888  (2773 of 14166)
17:23:40 PR 87887  (2774 of 14166)
17:23:42 PR 87885  (2775 of 14166)
17:23:43 PR 87884  (2776 of 14166)
17:23:46 PR 87883  (2777 of 14166)
17:23:49 PR 87882  (2778 of 14166)
17:23:51 PR 87881  (2779 of 14166)
17:23:53 PR 87879  (2780 of 14166)
17:23:55 PR 87878  (2781 of 14166)
17:23:57 PR 87875  (2782 of 14166)
17:24:00 PR 87874  (2783 of 14166)
17:24:02 PR 87873  (2784 of 14166)
17:24:03 PR 87872  (2785 of 14166)
17:24:06 PR 87871  (2786 of 14166)
17:24:07 PR 87869  (2787 of 14166)
17:24:09 PR 87868  (2788 of 14166)
17:24:11 PR 87867  (2789 of 14166)
17:24:13 PR 87866  (2790 of 14166)
17:24:15 PR 87865  (2791 of 14166)
17:24:17 PR 87864  (2792 of 14166)
17:24:18 PR 87863  (2793 of 14166)
17:24:20 PR 87861  (2794 of 14166)
17:24:22 PR 87860  (2795 of 14166)
17:24:24 PR 87859  (2796 of 14166)
17:24:26 PR 87858  (2797 of 14166)
17:24:27 PR 87857  (2798 of 14166)
17:24:30 PR 87855  (2799 of 14166)
17:24:31 PR 87854  (2800 of 14166)
17:24:33 PR 87848  (2801 of 14166)
17:24:35 PR 87847  (2802 of 14166)
17:24:37 PR 87846  (2803 of 14166)
17:24:39 PR 87845  (2804 of 14166)
17:24:41 PR 87843  (2805 of 14166)
17:24:43 PR 87842  (2806 of 14166)
17:24:44 PR 87841  (2807 of 14166)
17:24:46 PR 87840  (2808 of 14166)
17:24:50 PR 87839  (2809 of 14166)
17:24:52 PR 87838  (2810 of 14166)
17:24:54 PR 87836  (2811 of 14166)
17:24:55 PR 87835  (2812 of 14166)
17:24:58 PR 87834  (2813 of 14166)
17:25:00 PR 87832  (2814 of 14166)
17:25:01 PR 87831  (2815 of 14166)
17:25:03 PR 87830  (2816 of 14166)
17:25:05 PR 87829  (2817 of 14166)
17:25:07 PR 87828  (2818 of 14166)
17:25:09 PR 87827  (2819 of 14166)
17:25:11 PR 87826  (2820 of 14166)
17:25:13 PR 87825  (2821 of 14166)
17:25:15 PR 87824  (2822 of 14166)
17:25:17 PR 87823  (2823 of 14166)
17:25:19 PR 87822  (2824 of 14166)
17:25:21 PR 87821  (2825 of 14166)
17:25:24 PR 87818  (2826 of 14166)
17:25:25 PR 87817  (2827 of 14166)
17:25:28 PR 87816  (2828 of 14166)
17:25:29 PR 87815  (2829 of 14166)
17:25:31 PR 87814  (2830 of 14166)
17:25:33 PR 87813  (2831 of 14166)
17:25:35 PR 87812  (2832 of 14166)
17:25:36 PR 87811  (2833 of 14166)
17:25:39 PR 87810  (2834 of 14166)
17:25:41 PR 87809  (2835 of 14166)
17:25:43 PR 87808  (2836 of 14166)
17:25:44 PR 87807  (2837 of 14166)
17:25:46 PR 87806  (2838 of 14166)
17:25:49 PR 87805  (2839 of 14166)
17:25:50 PR 87804  (2840 of 14166)
17:25:53 PR 87800  (2841 of 14166)
17:25:55 PR 87799  (2842 of 14166)
17:25:56 PR 87798  (2843 of 14166)
17:25:58 PR 87797  (2844 of 14166)
17:26:00 PR 87796  (2845 of 14166)
17:26:03 PR 87792  (2846 of 14166)
17:26:06 PR 87791  (2847 of 14166)
17:26:08 PR 87790  (2848 of 14166)
17:26:10 PR 87789  (2849 of 14166)
17:26:12 PR 87788  (2850 of 14166)
17:26:14 PR 87787  (2851 of 14166)
17:26:16 PR 87786  (2852 of 14166)
17:26:18 PR 87785  (2853 of 14166)
17:26:20 PR 87784  (2854 of 14166)
17:26:23 PR 87782  (2855 of 14166)
17:26:25 PR 87781  (2856 of 14166)
17:26:26 PR 87779  (2857 of 14166)
17:26:31 PR 87778  (2858 of 14166)
17:26:33 PR 87777  (2859 of 14166)
17:26:35 PR 87776  (2860 of 14166)
17:26:37 PR 87775  (2861 of 14166)
17:26:39 PR 87774  (2862 of 14166)
17:26:42 PR 87773  (2863 of 14166)
17:26:44 PR 87772  (2864 of 14166)
17:26:45 PR 87770  (2865 of 14166)
17:26:47 PR 87767  (2866 of 14166)
17:26:49 PR 87766  (2867 of 14166)
17:26:51 PR 87764  (2868 of 14166)
17:26:53 PR 87763  (2869 of 14166)
17:26:56 PR 87762  (2870 of 14166)
17:26:58 PR 87761  (2871 of 14166)
17:27:00 PR 87760  (2872 of 14166)
17:27:01 PR 87758  (2873 of 14166)
17:27:03 PR 87757  (2874 of 14166)
17:27:06 PR 87756  (2875 of 14166)
17:27:08 PR 87755  (2876 of 14166)
17:27:10 PR 87753  (2877 of 14166)
17:27:12 PR 87752  (2878 of 14166)
17:27:14 PR 87750  (2879 of 14166)
17:27:16 PR 87749  (2880 of 14166)
17:27:19 PR 87746  (2881 of 14166)
17:27:21 PR 87745  (2882 of 14166)
17:27:23 PR 87744  (2883 of 14166)
17:27:25 PR 87743  (2884 of 14166)
17:27:27 PR 87742  (2885 of 14166)
17:27:29 PR 87741  (2886 of 14166)
17:27:30 PR 87740  (2887 of 14166)
17:27:32 PR 87738  (2888 of 14166)
17:27:34 PR 87736  (2889 of 14166)
17:27:36 PR 87735  (2890 of 14166)
17:27:38 PR 87734  (2891 of 14166)
17:27:40 PR 87733  (2892 of 14166)
17:27:43 PR 87731  (2893 of 14166)
17:27:45 PR 87730  (2894 of 14166)
17:27:48 PR 87729  (2895 of 14166)
17:27:49 PR 87727  (2896 of 14166)
17:27:51 PR 87726  (2897 of 14166)
17:27:53 PR 87725  (2898 of 14166)
17:27:55 PR 87723  (2899 of 14166)
17:27:57 PR 87721  (2900 of 14166)
17:27:59 PR 87720  (2901 of 14166)
17:28:01 PR 87719  (2902 of 14166)
17:28:03 PR 87717  (2903 of 14166)
17:28:05 PR 87716  (2904 of 14166)
17:28:07 PR 87715  (2905 of 14166)
17:28:09 PR 87714  (2906 of 14166)
17:28:12 PR 87713  (2907 of 14166)
17:28:14 PR 87712  (2908 of 14166)
17:28:15 PR 87711  (2909 of 14166)
17:28:18 PR 87710  (2910 of 14166)
17:28:21 PR 87709  (2911 of 14166)
17:28:23 PR 87708  (2912 of 14166)
17:28:25 PR 87707  (2913 of 14166)
17:28:27 PR 87706  (2914 of 14166)
17:28:29 PR 87703  (2915 of 14166)
17:28:31 PR 87702  (2916 of 14166)
17:28:33 PR 87701  (2917 of 14166)
17:28:35 PR 87700  (2918 of 14166)
17:28:37 PR 87699  (2919 of 14166)
17:28:39 PR 87697  (2920 of 14166)
17:28:41 PR 87696  (2921 of 14166)
17:28:43 PR 87695  (2922 of 14166)
17:28:45 PR 87693  (2923 of 14166)
17:28:47 PR 87692  (2924 of 14166)
17:28:48 PR 87691  (2925 of 14166)
17:28:50 PR 87689  (2926 of 14166)
17:28:52 PR 87688  (2927 of 14166)
17:28:58 PR 87687  (2928 of 14166)
17:28:59 PR 87686  (2929 of 14166)
17:29:01 PR 87685  (2930 of 14166)
17:29:03 PR 87684  (2931 of 14166)
17:29:06 PR 87683  (2932 of 14166)
17:29:08 PR 87682  (2933 of 14166)
17:29:10 PR 87681  (2934 of 14166)
17:29:12 PR 87680  (2935 of 14166)
17:29:14 PR 87678  (2936 of 14166)
17:29:15 PR 87677  (2937 of 14166)
17:29:17 PR 87676  (2938 of 14166)
17:29:19 PR 87675  (2939 of 14166)
17:29:20 PR 87674  (2940 of 14166)
17:29:23 PR 87673  (2941 of 14166)
17:29:24 PR 87672  (2942 of 14166)
17:29:26 PR 87670  (2943 of 14166)
17:29:30 PR 87669  (2944 of 14166)
17:29:32 PR 87668  (2945 of 14166)
17:29:34 PR 87667  (2946 of 14166)
17:29:36 PR 87666  (2947 of 14166)
17:29:38 PR 87665  (2948 of 14166)
17:29:40 PR 87664  (2949 of 14166)
17:29:42 PR 87663  (2950 of 14166)
17:29:44 PR 87661  (2951 of 14166)
17:29:45 PR 87660  (2952 of 14166)
17:29:47 PR 87658  (2953 of 14166)
17:29:50 PR 87657  (2954 of 14166)
17:29:53 PR 87656  (2955 of 14166)
17:29:55 PR 87655  (2956 of 14166)
17:29:57 PR 87654  (2957 of 14166)
17:29:59 PR 87653  (2958 of 14166)
17:30:00 PR 87652  (2959 of 14166)
17:30:02 PR 87651  (2960 of 14166)
17:30:04 PR 87648  (2961 of 14166)
17:30:07 PR 87646  (2962 of 14166)
17:30:09 PR 87645  (2963 of 14166)
17:30:11 PR 87644  (2964 of 14166)
17:30:13 PR 87643  (2965 of 14166)
17:30:15 PR 87642  (2966 of 14166)
17:30:17 PR 87641  (2967 of 14166)
17:30:19 PR 87640  (2968 of 14166)
17:30:22 PR 87639  (2969 of 14166)
17:30:23 PR 87637  (2970 of 14166)
17:30:25 PR 87636  (2971 of 14166)
17:30:28 PR 87635  (2972 of 14166)
17:30:30 PR 87634  (2973 of 14166)
17:30:32 PR 87633  (2974 of 14166)
17:30:35 PR 87632  (2975 of 14166)
17:30:36 PR 87631  (2976 of 14166)
17:30:39 PR 87630  (2977 of 14166)
17:30:41 PR 87629  (2978 of 14166)
17:30:44 PR 87628  (2979 of 14166)
17:30:45 PR 87627  (2980 of 14166)
17:30:47 PR 87626  (2981 of 14166)
17:30:49 PR 87624  (2982 of 14166)
17:30:51 PR 87623  (2983 of 14166)
17:30:53 PR 87622  (2984 of 14166)
17:30:54 PR 87620  (2985 of 14166)
17:30:56 PR 87619  (2986 of 14166)
17:30:58 PR 87617  (2987 of 14166)
17:31:00 PR 87616  (2988 of 14166)
17:31:02 PR 87615  (2989 of 14166)
17:31:04 PR 87614  (2990 of 14166)
17:31:06 PR 87613  (2991 of 14166)
17:31:07 PR 87612  (2992 of 14166)
17:31:09 PR 87611  (2993 of 14166)
17:31:11 PR 87610  (2994 of 14166)
17:31:14 PR 87609  (2995 of 14166)
17:31:16 PR 87608  (2996 of 14166)
17:31:18 PR 87607  (2997 of 14166)
17:31:20 PR 87606  (2998 of 14166)
17:31:22 PR 87605  (2999 of 14166)
17:31:24 PR 87604  (3000 of 14166)
17:31:27 PR 87603  (3001 of 14166)
17:31:30 PR 87601  (3002 of 14166)
17:31:32 PR 87600  (3003 of 14166)
17:31:34 PR 87599  (3004 of 14166)
17:31:36 PR 87598  (3005 of 14166)
17:31:38 PR 87597  (3006 of 14166)
17:31:40 PR 87596  (3007 of 14166)
17:31:43 PR 87595  (3008 of 14166)
17:31:46 PR 87594  (3009 of 14166)
17:31:50 PR 87593  (3010 of 14166)
17:31:52 PR 87592  (3011 of 14166)
17:31:54 PR 87591  (3012 of 14166)
17:31:57 PR 87590  (3013 of 14166)
17:31:58 PR 87589  (3014 of 14166)
17:32:00 PR 87588  (3015 of 14166)
17:32:02 PR 87587  (3016 of 14166)
17:32:04 PR 87585  (3017 of 14166)
17:32:06 PR 87584  (3018 of 14166)
17:32:08 PR 87582  (3019 of 14166)
17:32:10 PR 87580  (3020 of 14166)
17:32:12 PR 87579  (3021 of 14166)
17:32:14 PR 87578  (3022 of 14166)
17:32:17 PR 87577  (3023 of 14166)
17:32:19 PR 87576  (3024 of 14166)
17:32:21 PR 87575  (3025 of 14166)
17:32:23 PR 87574  (3026 of 14166)
17:32:25 PR 87573  (3027 of 14166)
17:32:26 PR 87572  (3028 of 14166)
17:32:28 PR 87571  (3029 of 14166)
17:32:31 PR 87570  (3030 of 14166)
17:32:33 PR 87568  (3031 of 14166)
17:32:35 PR 87567  (3032 of 14166)
17:32:37 PR 87566  (3033 of 14166)
17:32:39 PR 87565  (3034 of 14166)
17:32:40 PR 87564  (3035 of 14166)
17:32:42 PR 87563  (3036 of 14166)
17:32:44 PR 87562  (3037 of 14166)
17:32:46 PR 87559  (3038 of 14166)
17:32:48 PR 87558  (3039 of 14166)
17:32:52 PR 87557  (3040 of 14166)
17:32:53 PR 87556  (3041 of 14166)
17:32:55 PR 87555  (3042 of 14166)
17:32:57 PR 87554  (3043 of 14166)
17:32:59 PR 87553  (3044 of 14166)
17:33:00 PR 87552  (3045 of 14166)
17:33:02 PR 87550  (3046 of 14166)
17:33:04 PR 87549  (3047 of 14166)
17:33:06 PR 87548  (3048 of 14166)
17:33:08 PR 87546  (3049 of 14166)
17:33:10 PR 87545  (3050 of 14166)
17:33:12 PR 87544  (3051 of 14166)
17:33:14 PR 87542  (3052 of 14166)
17:33:16 PR 87541  (3053 of 14166)
17:33:18 PR 87540  (3054 of 14166)
17:33:20 PR 87538  (3055 of 14166)
17:33:22 PR 87537  (3056 of 14166)
17:33:24 PR 87536  (3057 of 14166)
17:33:26 PR 87535  (3058 of 14166)
17:33:28 PR 87534  (3059 of 14166)
17:33:29 PR 87533  (3060 of 14166)
17:33:31 PR 87532  (3061 of 14166)
17:33:33 PR 87530  (3062 of 14166)
17:33:35 PR 87529  (3063 of 14166)
17:33:37 PR 87528  (3064 of 14166)
17:33:39 PR 87526  (3065 of 14166)
17:33:42 PR 87525  (3066 of 14166)
17:33:44 PR 87524  (3067 of 14166)
17:33:46 PR 87523  (3068 of 14166)
17:33:49 PR 87522  (3069 of 14166)
17:33:51 PR 87521  (3070 of 14166)
17:33:52 PR 87520  (3071 of 14166)
17:33:54 PR 87518  (3072 of 14166)
17:33:56 PR 87517  (3073 of 14166)
17:33:58 PR 87515  (3074 of 14166)
17:34:00 PR 87514  (3075 of 14166)
17:34:01 PR 87513  (3076 of 14166)
17:34:03 PR 87512  (3077 of 14166)
17:34:05 PR 87511  (3078 of 14166)
17:34:07 PR 87510  (3079 of 14166)
17:34:08 PR 87509  (3080 of 14166)
17:34:10 PR 87508  (3081 of 14166)
17:34:13 PR 87506  (3082 of 14166)
17:34:14 PR 87505  (3083 of 14166)
17:34:16 PR 87502  (3084 of 14166)
17:34:19 PR 87501  (3085 of 14166)
17:34:21 PR 87500  (3086 of 14166)
17:34:23 PR 87499  (3087 of 14166)
17:34:25 PR 87498  (3088 of 14166)
17:34:27 PR 87496  (3089 of 14166)
17:34:29 PR 87495  (3090 of 14166)
17:34:31 PR 87494  (3091 of 14166)
17:34:33 PR 87493  (3092 of 14166)
17:34:35 PR 87492  (3093 of 14166)
17:34:38 PR 87491  (3094 of 14166)
17:34:40 PR 87490  (3095 of 14166)
17:34:42 PR 87489  (3096 of 14166)
17:34:44 PR 87488  (3097 of 14166)
17:34:47 PR 87487  (3098 of 14166)
17:34:49 PR 87485  (3099 of 14166)
17:34:51 PR 87484  (3100 of 14166)
17:34:53 PR 87483  (3101 of 14166)
17:34:55 PR 87482  (3102 of 14166)
17:34:57 PR 87481  (3103 of 14166)
17:34:59 PR 87480  (3104 of 14166)
17:35:01 PR 87479  (3105 of 14166)
17:35:03 PR 87478  (3106 of 14166)
17:35:05 PR 87477  (3107 of 14166)
17:35:07 PR 87476  (3108 of 14166)
17:35:09 PR 87474  (3109 of 14166)
17:35:11 PR 87472  (3110 of 14166)
17:35:15 PR 87471  (3111 of 14166)
17:35:16 PR 87470  (3112 of 14166)
17:35:18 PR 87469  (3113 of 14166)
17:35:21 PR 87468  (3114 of 14166)
17:35:23 PR 87467  (3115 of 14166)
17:35:25 PR 87466  (3116 of 14166)
17:35:27 PR 87465  (3117 of 14166)
17:35:29 PR 87464  (3118 of 14166)
17:35:32 PR 87462  (3119 of 14166)
17:35:34 PR 87461  (3120 of 14166)
17:35:36 PR 87460  (3121 of 14166)
17:35:37 PR 87459  (3122 of 14166)
17:35:39 PR 87457  (3123 of 14166)
17:35:41 PR 87456  (3124 of 14166)
17:35:43 PR 87455  (3125 of 14166)
17:35:45 PR 87453  (3126 of 14166)
17:35:47 PR 87452  (3127 of 14166)
17:35:49 PR 87451  (3128 of 14166)
17:35:52 PR 87450  (3129 of 14166)
17:35:54 PR 87448  (3130 of 14166)
17:35:56 PR 87447  (3131 of 14166)
17:35:58 PR 87446  (3132 of 14166)
17:36:00 PR 87445  (3133 of 14166)
17:36:01 PR 87443  (3134 of 14166)
17:36:04 PR 87438  (3135 of 14166)
17:36:06 PR 87436  (3136 of 14166)
17:36:08 PR 87435  (3137 of 14166)
17:36:10 PR 87434  (3138 of 14166)
17:36:12 PR 87433  (3139 of 14166)
17:36:15 PR 87432  (3140 of 14166)
17:36:19 PR 87431  (3141 of 14166)
17:36:20 PR 87430  (3142 of 14166)
17:36:22 PR 87429  (3143 of 14166)
17:36:24 PR 87428  (3144 of 14166)
17:36:27 PR 87427  (3145 of 14166)
17:36:29 PR 87426  (3146 of 14166)
17:36:30 PR 87425  (3147 of 14166)
17:36:33 PR 87423  (3148 of 14166)
17:36:35 PR 87421  (3149 of 14166)
17:36:37 PR 87420  (3150 of 14166)
17:36:40 PR 87418  (3151 of 14166)
17:36:42 PR 87417  (3152 of 14166)
17:36:44 PR 87416  (3153 of 14166)
17:36:47 PR 87415  (3154 of 14166)
17:36:49 PR 87414  (3155 of 14166)
17:36:52 PR 87413  (3156 of 14166)
17:36:54 PR 87411  (3157 of 14166)
17:36:55 PR 87410  (3158 of 14166)
17:36:57 PR 87409  (3159 of 14166)
17:36:59 PR 87408  (3160 of 14166)
17:37:01 PR 87407  (3161 of 14166)
17:37:03 PR 87406  (3162 of 14166)
17:37:05 PR 87405  (3163 of 14166)
17:37:07 PR 87404  (3164 of 14166)
17:37:09 PR 87403  (3165 of 14166)
17:37:11 PR 87400  (3166 of 14166)
17:37:14 PR 87399  (3167 of 14166)
17:37:16 PR 87398  (3168 of 14166)
17:37:18 PR 87397  (3169 of 14166)
17:37:20 PR 87396  (3170 of 14166)
17:37:21 PR 87395  (3171 of 14166)
17:37:24 PR 87394  (3172 of 14166)
17:37:26 PR 87393  (3173 of 14166)
17:37:27 PR 87392  (3174 of 14166)
17:37:29 PR 87391  (3175 of 14166)
17:37:31 PR 87390  (3176 of 14166)
17:37:33 PR 87389  (3177 of 14166)
17:37:34 PR 87388  (3178 of 14166)
17:37:36 PR 87387  (3179 of 14166)
17:37:38 PR 87386  (3180 of 14166)
17:37:40 PR 87385  (3181 of 14166)
17:37:43 PR 87384  (3182 of 14166)
17:37:45 PR 87383  (3183 of 14166)
17:37:47 PR 87382  (3184 of 14166)
17:37:49 PR 87381  (3185 of 14166)
17:37:51 PR 87379  (3186 of 14166)
17:37:53 PR 87377  (3187 of 14166)
17:37:55 PR 87375  (3188 of 14166)
17:37:56 PR 87374  (3189 of 14166)
17:37:58 PR 87372  (3190 of 14166)
17:38:00 PR 87371  (3191 of 14166)
17:38:02 PR 87370  (3192 of 14166)
17:38:04 PR 87369  (3193 of 14166)
17:38:06 PR 87368  (3194 of 14166)
17:38:08 PR 87366  (3195 of 14166)
17:38:11 PR 87365  (3196 of 14166)
17:38:13 PR 87364  (3197 of 14166)
17:38:14 PR 87362  (3198 of 14166)
17:38:18 PR 87361  (3199 of 14166)
17:38:19 PR 87359  (3200 of 14166)
17:38:22 PR 87358  (3201 of 14166)
17:38:24 PR 87357  (3202 of 14166)
17:38:26 PR 87356  (3203 of 14166)
17:38:28 PR 87355  (3204 of 14166)
17:38:31 PR 87354  (3205 of 14166)
17:38:33 PR 87353  (3206 of 14166)
17:38:35 PR 87352  (3207 of 14166)
17:38:37 PR 87350  (3208 of 14166)
17:38:38 PR 87349  (3209 of 14166)
17:38:40 PR 87348  (3210 of 14166)
17:38:42 PR 87346  (3211 of 14166)
17:38:45 PR 87345  (3212 of 14166)
17:38:47 PR 87343  (3213 of 14166)
17:38:49 PR 87342  (3214 of 14166)
17:38:50 PR 87341  (3215 of 14166)
17:38:53 PR 87339  (3216 of 14166)
17:38:56 PR 87338  (3217 of 14166)
17:38:58 PR 87337  (3218 of 14166)
17:39:00 PR 87336  (3219 of 14166)
17:39:02 PR 87333  (3220 of 14166)
17:39:04 PR 87332  (3221 of 14166)
17:39:06 PR 87331  (3222 of 14166)
17:39:07 PR 87329  (3223 of 14166)
17:39:09 PR 87328  (3224 of 14166)
17:39:11 PR 87326  (3225 of 14166)
17:39:13 PR 87325  (3226 of 14166)
17:39:14 PR 87324  (3227 of 14166)
17:39:17 PR 87321  (3228 of 14166)
17:39:19 PR 87320  (3229 of 14166)
17:39:21 PR 87319  (3230 of 14166)
17:39:23 PR 87318  (3231 of 14166)
17:39:25 PR 87317  (3232 of 14166)
17:39:27 PR 87316  (3233 of 14166)
17:39:29 PR 87315  (3234 of 14166)
17:39:31 PR 87314  (3235 of 14166)
17:39:33 PR 87313  (3236 of 14166)
17:39:35 PR 87312  (3237 of 14166)
17:39:37 PR 87311  (3238 of 14166)
17:39:39 PR 87310  (3239 of 14166)
17:39:41 PR 87309  (3240 of 14166)
17:39:43 PR 87307  (3241 of 14166)
17:39:45 PR 87306  (3242 of 14166)
17:39:47 PR 87305  (3243 of 14166)
17:39:49 PR 87304  (3244 of 14166)
17:39:51 PR 87303  (3245 of 14166)
17:39:53 PR 87302  (3246 of 14166)
17:39:55 PR 87301  (3247 of 14166)
17:39:56 PR 87300  (3248 of 14166)
17:39:58 PR 87299  (3249 of 14166)
17:39:59 PR 87298  (3250 of 14166)
17:40:02 PR 87296  (3251 of 14166)
17:40:04 PR 87295  (3252 of 14166)
17:40:06 PR 87294  (3253 of 14166)
17:40:08 PR 87292  (3254 of 14166)
17:40:10 PR 87291  (3255 of 14166)
17:40:12 PR 87290  (3256 of 14166)
17:40:14 PR 87288  (3257 of 14166)
17:40:16 PR 87286  (3258 of 14166)
17:40:18 PR 87285  (3259 of 14166)
17:40:20 PR 87283  (3260 of 14166)
17:40:22 PR 87282  (3261 of 14166)
17:40:24 PR 87280  (3262 of 14166)
17:40:26 PR 87279  (3263 of 14166)
17:40:28 PR 87278  (3264 of 14166)
17:40:30 PR 87277  (3265 of 14166)
17:40:32 PR 87275  (3266 of 14166)
17:40:34 PR 87274  (3267 of 14166)
17:40:36 PR 87272  (3268 of 14166)
17:40:37 PR 87271  (3269 of 14166)
17:40:40 PR 87269  (3270 of 14166)
17:40:41 PR 87268  (3271 of 14166)
17:40:43 PR 87267  (3272 of 14166)
17:40:45 PR 87266  (3273 of 14166)
17:40:47 PR 87265  (3274 of 14166)
17:40:49 PR 87264  (3275 of 14166)
17:40:52 PR 87263  (3276 of 14166)
17:40:54 PR 87262  (3277 of 14166)
17:40:56 PR 87259  (3278 of 14166)
17:40:58 PR 87258  (3279 of 14166)
17:41:00 PR 87257  (3280 of 14166)
17:41:01 PR 87256  (3281 of 14166)
17:41:03 PR 87255  (3282 of 14166)
17:41:05 PR 87254  (3283 of 14166)
17:41:07 PR 87253  (3284 of 14166)
17:41:09 PR 87252  (3285 of 14166)
17:41:11 PR 87251  (3286 of 14166)
17:41:13 PR 87250  (3287 of 14166)
17:41:15 PR 87249  (3288 of 14166)
17:41:17 PR 87248  (3289 of 14166)
17:41:19 PR 87247  (3290 of 14166)
17:41:21 PR 87246  (3291 of 14166)
17:41:24 PR 87245  (3292 of 14166)
17:41:25 PR 87244  (3293 of 14166)
17:41:28 PR 87243  (3294 of 14166)
17:41:30 PR 87242  (3295 of 14166)
17:41:32 PR 87241  (3296 of 14166)
17:41:33 PR 87238  (3297 of 14166)
17:41:35 PR 87236  (3298 of 14166)
17:41:38 PR 87235  (3299 of 14166)
17:41:39 PR 87234  (3300 of 14166)
17:41:41 PR 87233  (3301 of 14166)
17:41:43 PR 87231  (3302 of 14166)
17:41:44 PR 87230  (3303 of 14166)
17:41:46 PR 87227  (3304 of 14166)
17:41:48 PR 87225  (3305 of 14166)
17:41:49 PR 87222  (3306 of 14166)
17:41:52 PR 87221  (3307 of 14166)
17:41:55 PR 87220  (3308 of 14166)
17:41:57 PR 87219  (3309 of 14166)
17:41:59 PR 87218  (3310 of 14166)
17:42:00 PR 87217  (3311 of 14166)
17:42:02 PR 87216  (3312 of 14166)
17:42:04 PR 87215  (3313 of 14166)
17:42:06 PR 87214  (3314 of 14166)
17:42:08 PR 87212  (3315 of 14166)
17:42:09 PR 87211  (3316 of 14166)
17:42:11 PR 87209  (3317 of 14166)
17:42:13 PR 87207  (3318 of 14166)
17:42:15 PR 87204  (3319 of 14166)
17:42:17 PR 87203  (3320 of 14166)
17:42:19 PR 87202  (3321 of 14166)
17:42:22 PR 87201  (3322 of 14166)
17:42:24 PR 87199  (3323 of 14166)
17:42:26 PR 87198  (3324 of 14166)
17:42:28 PR 87197  (3325 of 14166)
17:42:29 PR 87195  (3326 of 14166)
17:42:31 PR 87194  (3327 of 14166)
17:42:33 PR 87193  (3328 of 14166)
17:42:35 PR 87192  (3329 of 14166)
17:42:37 PR 87191  (3330 of 14166)
17:42:39 PR 87190  (3331 of 14166)
17:42:41 PR 87189  (3332 of 14166)
17:42:42 PR 87188  (3333 of 14166)
17:42:45 PR 87187  (3334 of 14166)
17:42:47 PR 87186  (3335 of 14166)
17:42:48 PR 87185  (3336 of 14166)
17:42:50 PR 87184  (3337 of 14166)
17:42:52 PR 87183  (3338 of 14166)
17:42:54 PR 87182  (3339 of 14166)
17:42:56 PR 87181  (3340 of 14166)
17:42:58 PR 87180  (3341 of 14166)
17:43:00 PR 87179  (3342 of 14166)
17:43:02 PR 87178  (3343 of 14166)
17:43:05 PR 87177  (3344 of 14166)
17:43:06 PR 87176  (3345 of 14166)
17:43:08 PR 87175  (3346 of 14166)
17:43:10 PR 87174  (3347 of 14166)
17:43:12 PR 87173  (3348 of 14166)
17:43:14 PR 87172  (3349 of 14166)
17:43:16 PR 87169  (3350 of 14166)
17:43:19 PR 87168  (3351 of 14166)
17:43:23 PR 87167  (3352 of 14166)
17:43:25 PR 87166  (3353 of 14166)
17:43:26 PR 87165  (3354 of 14166)
17:43:28 PR 87164  (3355 of 14166)
17:43:30 PR 88685  (3356 of 14166)
17:43:32 PR 88683  (3357 of 14166)
17:43:34 PR 88682  (3358 of 14166)
17:43:36 PR 88681  (3359 of 14166)
17:43:37 PR 88680  (3360 of 14166)
17:43:40 PR 88679  (3361 of 14166)
17:43:41 PR 88677  (3362 of 14166)
17:43:44 PR 88676  (3363 of 14166)
17:43:45 PR 88675  (3364 of 14166)
17:43:47 PR 88674  (3365 of 14166)
17:43:49 PR 88673  (3366 of 14166)
17:43:52 PR 88671  (3367 of 14166)
17:43:54 PR 88669  (3368 of 14166)
17:43:56 PR 88667  (3369 of 14166)
17:43:58 PR 88664  (3370 of 14166)
17:44:00 PR 88663  (3371 of 14166)
17:44:02 PR 88662  (3372 of 14166)
17:44:05 PR 88661  (3373 of 14166)
17:44:06 PR 88659  (3374 of 14166)
17:44:09 PR 88658  (3375 of 14166)
17:44:10 PR 88657  (3376 of 14166)
17:44:12 PR 88656  (3377 of 14166)
17:44:14 PR 88655  (3378 of 14166)
17:44:17 PR 88653  (3379 of 14166)
17:44:19 PR 88652  (3380 of 14166)
17:44:22 PR 88651  (3381 of 14166)
17:44:24 PR 88650  (3382 of 14166)
17:44:26 PR 88649  (3383 of 14166)
17:44:28 PR 88648  (3384 of 14166)
17:44:30 PR 88647  (3385 of 14166)
17:44:32 PR 88646  (3386 of 14166)
17:44:34 PR 88645  (3387 of 14166)
17:44:37 PR 88644  (3388 of 14166)
17:44:39 PR 88643  (3389 of 14166)
17:44:40 PR 88642  (3390 of 14166)
17:44:43 PR 88641  (3391 of 14166)
17:44:44 PR 88640  (3392 of 14166)
17:44:46 PR 88639  (3393 of 14166)
17:44:48 PR 88637  (3394 of 14166)
17:44:50 PR 88635  (3395 of 14166)
17:44:52 PR 88634  (3396 of 14166)
18:16:19 starting - 3396 PRs already saved, skipping those
18:16:19 reusing cached list of 14166 PR numbers
18:16:21 PR 88633  (3397 of 14166)
18:16:23 PR 88632  (3398 of 14166)
18:16:26 PR 88631  (3399 of 14166)
18:16:28 PR 88629  (3400 of 14166)
18:16:30 PR 88628  (3401 of 14166)
18:16:32 PR 88627  (3402 of 14166)
18:16:33 PR 88626  (3403 of 14166)
18:16:35 PR 88625  (3404 of 14166)
18:16:38 PR 88624  (3405 of 14166)
18:16:40 PR 88623  (3406 of 14166)
18:16:41 PR 88622  (3407 of 14166)
18:16:44 PR 88620  (3408 of 14166)
18:16:46 PR 88619  (3409 of 14166)
18:16:47 PR 88618  (3410 of 14166)
18:16:49 PR 88617  (3411 of 14166)
18:16:51 PR 88616  (3412 of 14166)
18:16:53 PR 88615  (3413 of 14166)
18:16:55 PR 88614  (3414 of 14166)
18:16:57 PR 88613  (3415 of 14166)
18:16:59 PR 88612  (3416 of 14166)
18:17:03 PR 88611  (3417 of 14166)
18:17:05 PR 88610  (3418 of 14166)
18:17:06 PR 88609  (3419 of 14166)
18:17:08 PR 88608  (3420 of 14166)
18:17:10 PR 88607  (3421 of 14166)
18:17:12 PR 88606  (3422 of 14166)
18:17:15 PR 88605  (3423 of 14166)
18:17:17 PR 88604  (3424 of 14166)
18:17:18 PR 88602  (3425 of 14166)
18:17:21 PR 88600  (3426 of 14166)
18:17:22 PR 88599  (3427 of 14166)
18:17:25 PR 88598  (3428 of 14166)
18:17:27 PR 88597  (3429 of 14166)
18:17:29 PR 88595  (3430 of 14166)
18:17:31 PR 88594  (3431 of 14166)
18:17:32 PR 88593  (3432 of 14166)
18:17:34 PR 88591  (3433 of 14166)
18:17:36 PR 88590  (3434 of 14166)
18:17:38 PR 88589  (3435 of 14166)
18:17:40 PR 88588  (3436 of 14166)
18:17:42 PR 88585  (3437 of 14166)
18:17:45 PR 88584  (3438 of 14166)
18:17:46 PR 88583  (3439 of 14166)
18:17:48 PR 88582  (3440 of 14166)
18:17:50 PR 88581  (3441 of 14166)
18:17:54 PR 88579  (3442 of 14166)
18:17:56 PR 88578  (3443 of 14166)
18:17:58 PR 88577  (3444 of 14166)
18:18:00 PR 88576  (3445 of 14166)
18:18:01 PR 88575  (3446 of 14166)
18:18:04 PR 88574  (3447 of 14166)
18:18:06 PR 88573  (3448 of 14166)
18:18:08 PR 88572  (3449 of 14166)
18:18:09 PR 88571  (3450 of 14166)
18:18:11 PR 88570  (3451 of 14166)
18:18:13 PR 88569  (3452 of 14166)
18:18:16 PR 88568  (3453 of 14166)
18:18:17 PR 88567  (3454 of 14166)
18:18:21 PR 88566  (3455 of 14166)
18:18:23 PR 88565  (3456 of 14166)
18:18:26 PR 88564  (3457 of 14166)
18:18:28 PR 88562  (3458 of 14166)
18:18:30 PR 88560  (3459 of 14166)
18:18:32 PR 88559  (3460 of 14166)
18:18:33 PR 88557  (3461 of 14166)
18:18:35 PR 88554  (3462 of 14166)
18:18:37 PR 88553  (3463 of 14166)
18:18:39 PR 88551  (3464 of 14166)
18:18:42 PR 88550  (3465 of 14166)
18:18:44 PR 88549  (3466 of 14166)
18:18:46 PR 88548  (3467 of 14166)
18:18:48 PR 88547  (3468 of 14166)
18:18:49 PR 88545  (3469 of 14166)
18:18:52 PR 88544  (3470 of 14166)
18:18:53 PR 88543  (3471 of 14166)
18:18:56 PR 88542  (3472 of 14166)
18:18:58 PR 88541  (3473 of 14166)
18:19:00 PR 88540  (3474 of 14166)
18:19:02 PR 88538  (3475 of 14166)
18:19:04 PR 88537  (3476 of 14166)
18:19:05 PR 88536  (3477 of 14166)
18:19:08 PR 88535  (3478 of 14166)
18:19:10 PR 88533  (3479 of 14166)
18:19:12 PR 88531  (3480 of 14166)
18:19:14 PR 88530  (3481 of 14166)
18:19:16 PR 88529  (3482 of 14166)
18:19:18 PR 88528  (3483 of 14166)
18:19:20 PR 88527  (3484 of 14166)
18:19:21 PR 88526  (3485 of 14166)
18:19:23 PR 88525  (3486 of 14166)
18:19:25 PR 88524  (3487 of 14166)
18:19:27 PR 88523  (3488 of 14166)
18:19:29 PR 88522  (3489 of 14166)
18:19:30 PR 88520  (3490 of 14166)
18:19:33 PR 88519  (3491 of 14166)
18:19:34 PR 88518  (3492 of 14166)
18:19:36 PR 88516  (3493 of 14166)
18:19:38 PR 88515  (3494 of 14166)
18:19:40 PR 88514  (3495 of 14166)
18:19:42 PR 88513  (3496 of 14166)
18:19:44 PR 88511  (3497 of 14166)
18:19:46 PR 88509  (3498 of 14166)
18:19:48 PR 88508  (3499 of 14166)
18:19:50 PR 88505  (3500 of 14166)
18:19:52 PR 88504  (3501 of 14166)
18:19:54 PR 88503  (3502 of 14166)
18:19:57 PR 88502  (3503 of 14166)
18:20:00 PR 88501  (3504 of 14166)
18:20:02 PR 88500  (3505 of 14166)
18:20:03 PR 88498  (3506 of 14166)
18:20:05 PR 88497  (3507 of 14166)
18:20:07 PR 88496  (3508 of 14166)
18:20:09 PR 88495  (3509 of 14166)
18:20:11 PR 88494  (3510 of 14166)
18:20:13 PR 88492  (3511 of 14166)
18:20:15 PR 88490  (3512 of 14166)
18:20:17 PR 88489  (3513 of 14166)
18:20:19 PR 88487  (3514 of 14166)
18:20:21 PR 88486  (3515 of 14166)
18:20:23 PR 88485  (3516 of 14166)
18:20:25 PR 88483  (3517 of 14166)
18:20:27 PR 88482  (3518 of 14166)
18:20:28 PR 88481  (3519 of 14166)
18:20:30 PR 88480  (3520 of 14166)
18:20:32 PR 88479  (3521 of 14166)
18:20:35 PR 88478  (3522 of 14166)
18:20:36 PR 88477  (3523 of 14166)
18:20:38 PR 88476  (3524 of 14166)
18:20:40 PR 88475  (3525 of 14166)
18:20:42 PR 88474  (3526 of 14166)
18:20:44 PR 88473  (3527 of 14166)
18:20:47 PR 88472  (3528 of 14166)
18:20:49 PR 88471  (3529 of 14166)
18:20:52 PR 88470  (3530 of 14166)
18:20:54 PR 88469  (3531 of 14166)
18:20:56 PR 88468  (3532 of 14166)
18:20:59 PR 88467  (3533 of 14166)
18:21:01 PR 88466  (3534 of 14166)
18:21:02 PR 88465  (3535 of 14166)
18:21:04 PR 88464  (3536 of 14166)
18:21:06 PR 88463  (3537 of 14166)
18:21:08 PR 88462  (3538 of 14166)
18:21:10 PR 88458  (3539 of 14166)
18:21:12 PR 88457  (3540 of 14166)
18:21:14 PR 88456  (3541 of 14166)
18:21:16 PR 88455  (3542 of 14166)
18:21:18 PR 88454  (3543 of 14166)
18:21:20 PR 88452  (3544 of 14166)
18:21:21 PR 88451  (3545 of 14166)
18:21:24 PR 88450  (3546 of 14166)
18:21:25 PR 88448  (3547 of 14166)
18:21:27 PR 88447  (3548 of 14166)
18:21:29 PR 88446  (3549 of 14166)
18:21:31 PR 88442  (3550 of 14166)
18:21:33 PR 88440  (3551 of 14166)
18:21:35 PR 88439  (3552 of 14166)
18:21:37 PR 88438  (3553 of 14166)
18:21:39 PR 88437  (3554 of 14166)
18:21:41 PR 88436  (3555 of 14166)
18:21:43 PR 88433  (3556 of 14166)
18:21:45 PR 88432  (3557 of 14166)
18:21:47 PR 88431  (3558 of 14166)
18:21:48 PR 88430  (3559 of 14166)
18:21:50 PR 88429  (3560 of 14166)
18:21:52 PR 88428  (3561 of 14166)
18:21:53 PR 88427  (3562 of 14166)
18:21:55 PR 88426  (3563 of 14166)
18:21:57 PR 88425  (3564 of 14166)
18:22:00 PR 88423  (3565 of 14166)
18:22:02 PR 88422  (3566 of 14166)
18:22:03 PR 88420  (3567 of 14166)
18:22:05 PR 88419  (3568 of 14166)
18:22:06 PR 88418  (3569 of 14166)
18:22:08 PR 88417  (3570 of 14166)
18:22:10 PR 88416  (3571 of 14166)
18:22:13 PR 88415  (3572 of 14166)
18:22:14 PR 88414  (3573 of 14166)
18:22:16 PR 88412  (3574 of 14166)
18:22:18 PR 88411  (3575 of 14166)
18:22:20 PR 88410  (3576 of 14166)
18:22:22 PR 88409  (3577 of 14166)
18:22:28 PR 88407  (3578 of 14166)
18:22:29 PR 88406  (3579 of 14166)
18:22:31 PR 88405  (3580 of 14166)
18:22:33 PR 88403  (3581 of 14166)
18:22:36 PR 88402  (3582 of 14166)
18:22:37 PR 88401  (3583 of 14166)
18:22:39 PR 88399  (3584 of 14166)
18:22:41 PR 88397  (3585 of 14166)
18:22:43 PR 88395  (3586 of 14166)
18:22:46 PR 88394  (3587 of 14166)
18:22:48 PR 88393  (3588 of 14166)
18:22:50 PR 88392  (3589 of 14166)
18:22:52 PR 88391  (3590 of 14166)
18:22:53 PR 88390  (3591 of 14166)
18:22:56 PR 88389  (3592 of 14166)
18:22:58 PR 88388  (3593 of 14166)
18:23:00 PR 88387  (3594 of 14166)
18:23:02 PR 88386  (3595 of 14166)
18:23:05 PR 88384  (3596 of 14166)
18:23:07 PR 88383  (3597 of 14166)
18:23:08 PR 88382  (3598 of 14166)
18:23:10 PR 88380  (3599 of 14166)
18:23:13 PR 88378  (3600 of 14166)
18:23:15 PR 88377  (3601 of 14166)
18:23:17 PR 88375  (3602 of 14166)
18:23:19 PR 88369  (3603 of 14166)
18:23:21 PR 88368  (3604 of 14166)
18:23:23 PR 88367  (3605 of 14166)
18:23:25 PR 88365  (3606 of 14166)
18:23:27 PR 88364  (3607 of 14166)
18:23:28 PR 88363  (3608 of 14166)
18:23:31 PR 88362  (3609 of 14166)
18:23:33 PR 88361  (3610 of 14166)
18:23:35 PR 88360  (3611 of 14166)
18:23:37 PR 88359  (3612 of 14166)
18:23:40 PR 88358  (3613 of 14166)
18:23:42 PR 88357  (3614 of 14166)
18:23:44 PR 88356  (3615 of 14166)
18:23:46 PR 88354  (3616 of 14166)
18:23:49 PR 88352  (3617 of 14166)
18:23:51 PR 88351  (3618 of 14166)
18:23:54 PR 88350  (3619 of 14166)
18:23:56 PR 88349  (3620 of 14166)
18:23:58 PR 88348  (3621 of 14166)
18:23:59 PR 88347  (3622 of 14166)
18:24:01 PR 88346  (3623 of 14166)
18:24:04 PR 88345  (3624 of 14166)
18:24:06 PR 88344  (3625 of 14166)
18:24:09 PR 88343  (3626 of 14166)
18:24:10 PR 88342  (3627 of 14166)
18:24:13 PR 88341  (3628 of 14166)
18:24:15 PR 88340  (3629 of 14166)
18:24:17 PR 88339  (3630 of 14166)
18:24:19 PR 88335  (3631 of 14166)
18:24:21 PR 88334  (3632 of 14166)
18:24:23 PR 88332  (3633 of 14166)
18:24:26 PR 88331  (3634 of 14166)
18:24:29 PR 88330  (3635 of 14166)
18:24:31 PR 88329  (3636 of 14166)
18:24:33 PR 88327  (3637 of 14166)
18:24:35 PR 88326  (3638 of 14166)
18:24:38 PR 88325  (3639 of 14166)
18:24:40 PR 88323  (3640 of 14166)
18:24:43 PR 88322  (3641 of 14166)
18:24:45 PR 88321  (3642 of 14166)
18:24:47 PR 88320  (3643 of 14166)
18:24:49 PR 88316  (3644 of 14166)
18:24:51 PR 88315  (3645 of 14166)
18:24:53 PR 88314  (3646 of 14166)
18:24:55 PR 88313  (3647 of 14166)
18:24:57 PR 88312  (3648 of 14166)
18:24:59 PR 88311  (3649 of 14166)
18:25:01 PR 88310  (3650 of 14166)
18:25:03 PR 88309  (3651 of 14166)
18:25:05 PR 88307  (3652 of 14166)
18:25:07 PR 88306  (3653 of 14166)
18:25:09 PR 88305  (3654 of 14166)
18:25:11 PR 88302  (3655 of 14166)
18:25:13 PR 88300  (3656 of 14166)
18:25:15 PR 88299  (3657 of 14166)
18:25:18 PR 88298  (3658 of 14166)
18:25:20 PR 88297  (3659 of 14166)
18:25:22 PR 88296  (3660 of 14166)
18:25:24 PR 88295  (3661 of 14166)
18:25:27 PR 88292  (3662 of 14166)
18:25:29 PR 88291  (3663 of 14166)
18:25:30 PR 88290  (3664 of 14166)
18:25:33 PR 88289  (3665 of 14166)
18:25:35 PR 88288  (3666 of 14166)
18:25:36 PR 88287  (3667 of 14166)
18:25:38 PR 88286  (3668 of 14166)
18:25:40 PR 88285  (3669 of 14166)
18:25:42 PR 88284  (3670 of 14166)
18:25:45 PR 88283  (3671 of 14166)
18:25:47 PR 88282  (3672 of 14166)
18:25:49 PR 88280  (3673 of 14166)
18:25:51 PR 88279  (3674 of 14166)
18:25:53 PR 88278  (3675 of 14166)
18:25:55 PR 88274  (3676 of 14166)
18:25:57 PR 88273  (3677 of 14166)
18:25:59 PR 88272  (3678 of 14166)
18:26:01 PR 88271  (3679 of 14166)
18:26:03 PR 88270  (3680 of 14166)
18:26:05 PR 88269  (3681 of 14166)
18:26:08 PR 88268  (3682 of 14166)
18:26:11 PR 88267  (3683 of 14166)
18:26:13 PR 88266  (3684 of 14166)
18:26:15 PR 88264  (3685 of 14166)
18:26:17 PR 88263  (3686 of 14166)
18:26:19 PR 88262  (3687 of 14166)
18:26:21 PR 88260  (3688 of 14166)
18:26:24 PR 88259  (3689 of 14166)
18:26:25 PR 88258  (3690 of 14166)
18:26:27 PR 88257  (3691 of 14166)
18:26:29 PR 88256  (3692 of 14166)
18:26:32 PR 88255  (3693 of 14166)
18:26:34 PR 88254  (3694 of 14166)
18:26:36 PR 88253  (3695 of 14166)
18:26:38 PR 88252  (3696 of 14166)
18:26:40 PR 88251  (3697 of 14166)
20:16:54 starting - 3697 PRs already saved, skipping those
20:16:54 reusing cached list of 14166 PR numbers
20:16:56 PR 88250  (3698 of 14166)
20:16:58 PR 88249  (3699 of 14166)
20:17:00 PR 88248  (3700 of 14166)
20:17:02 PR 88247  (3701 of 14166)
20:17:04 PR 88246  (3702 of 14166)
20:17:06 PR 88245  (3703 of 14166)
20:17:07 PR 88244  (3704 of 14166)
20:17:10 PR 88243  (3705 of 14166)
20:17:13 PR 88242  (3706 of 14166)
20:17:15 PR 88241  (3707 of 14166)
20:17:17 PR 88239  (3708 of 14166)
20:17:20 PR 88238  (3709 of 14166)
20:17:21 PR 88236  (3710 of 14166)
20:17:23 PR 88235  (3711 of 14166)
20:17:26 PR 88234  (3712 of 14166)
20:17:28 PR 88232  (3713 of 14166)
20:17:30 PR 88231  (3714 of 14166)
20:17:32 PR 88230  (3715 of 14166)
20:17:33 PR 88228  (3716 of 14166)
20:17:35 PR 88225  (3717 of 14166)
20:17:37 PR 88224  (3718 of 14166)
20:17:39 PR 88223  (3719 of 14166)
20:17:41 PR 88222  (3720 of 14166)
20:17:43 PR 88221  (3721 of 14166)
20:17:45 PR 88219  (3722 of 14166)
20:17:46 PR 88218  (3723 of 14166)
20:17:48 PR 88215  (3724 of 14166)
20:17:51 PR 88214  (3725 of 14166)
20:17:52 PR 88213  (3726 of 14166)
20:17:56 PR 88212  (3727 of 14166)
20:17:58 PR 88207  (3728 of 14166)
20:18:01 PR 88205  (3729 of 14166)
20:18:04 PR 88203  (3730 of 14166)
20:18:05 PR 88202  (3731 of 14166)
20:18:08 PR 88201  (3732 of 14166)
20:18:10 PR 88200  (3733 of 14166)
20:18:12 PR 88198  (3734 of 14166)
20:18:14 PR 88197  (3735 of 14166)
20:18:16 PR 88195  (3736 of 14166)
20:18:18 PR 88193  (3737 of 14166)
20:18:20 PR 88191  (3738 of 14166)
20:18:21 PR 88190  (3739 of 14166)
20:18:24 PR 88189  (3740 of 14166)
20:18:26 PR 88188  (3741 of 14166)
20:18:29 PR 88186  (3742 of 14166)
20:18:33 PR 88185  (3743 of 14166)
20:18:35 PR 88184  (3744 of 14166)
20:18:37 PR 88183  (3745 of 14166)
20:18:40 PR 88182  (3746 of 14166)
20:18:42 PR 88181  (3747 of 14166)
20:18:43 PR 88180  (3748 of 14166)
20:18:46 PR 88178  (3749 of 14166)
20:18:49 PR 88177  (3750 of 14166)
20:18:51 PR 88176  (3751 of 14166)
20:18:53 PR 88174  (3752 of 14166)
20:18:55 PR 88173  (3753 of 14166)
20:18:57 PR 88172  (3754 of 14166)
20:18:59 PR 88171  (3755 of 14166)
20:19:01 PR 88170  (3756 of 14166)
20:19:03 PR 88169  (3757 of 14166)
20:19:05 PR 88168  (3758 of 14166)
20:19:07 PR 88167  (3759 of 14166)
20:19:09 PR 88166  (3760 of 14166)
20:19:11 PR 88165  (3761 of 14166)
20:19:13 PR 88164  (3762 of 14166)
20:19:15 PR 88162  (3763 of 14166)
20:19:17 PR 88161  (3764 of 14166)
20:19:19 PR 88160  (3765 of 14166)
20:19:21 PR 88159  (3766 of 14166)
20:19:23 PR 88157  (3767 of 14166)
20:19:25 PR 88156  (3768 of 14166)
20:19:27 PR 88155  (3769 of 14166)
20:19:30 PR 88154  (3770 of 14166)
20:19:32 PR 88153  (3771 of 14166)
20:19:34 PR 88152  (3772 of 14166)
20:19:36 PR 88151  (3773 of 14166)
20:19:38 PR 88150  (3774 of 14166)
20:19:40 PR 88149  (3775 of 14166)
20:19:42 PR 88148  (3776 of 14166)
20:19:45 PR 88147  (3777 of 14166)
20:19:48 PR 88146  (3778 of 14166)
20:19:50 PR 88145  (3779 of 14166)
20:19:52 PR 88144  (3780 of 14166)
20:19:55 PR 88143  (3781 of 14166)
20:19:57 PR 88142  (3782 of 14166)
20:19:59 PR 88141  (3783 of 14166)
20:20:02 PR 88138  (3784 of 14166)
20:20:04 PR 88136  (3785 of 14166)
20:20:06 PR 88134  (3786 of 14166)
20:20:08 PR 88133  (3787 of 14166)
20:20:10 PR 88132  (3788 of 14166)
20:20:12 PR 88131  (3789 of 14166)
20:20:15 PR 88130  (3790 of 14166)
20:20:17 PR 88129  (3791 of 14166)
20:20:20 PR 88128  (3792 of 14166)
20:20:22 PR 88127  (3793 of 14166)
20:20:24 PR 88126  (3794 of 14166)
20:20:27 PR 88125  (3795 of 14166)
20:20:30 PR 88124  (3796 of 14166)
20:20:32 PR 88123  (3797 of 14166)
20:20:34 PR 88122  (3798 of 14166)
20:20:37 PR 88121  (3799 of 14166)
20:20:39 PR 88120  (3800 of 14166)
20:20:41 PR 88119  (3801 of 14166)
20:20:43 PR 88118  (3802 of 14166)
20:20:44 PR 88117  (3803 of 14166)
20:20:47 PR 88116  (3804 of 14166)
20:20:49 PR 88114  (3805 of 14166)
20:20:52 PR 88113  (3806 of 14166)
20:20:55 PR 88112  (3807 of 14166)
20:20:56 PR 88111  (3808 of 14166)
20:20:58 PR 88110  (3809 of 14166)
20:21:02 PR 88108  (3810 of 14166)
20:21:05 PR 88107  (3811 of 14166)
20:21:07 PR 88106  (3812 of 14166)
20:21:09 PR 88105  (3813 of 14166)
20:21:12 PR 88103  (3814 of 14166)
20:21:14 PR 88102  (3815 of 14166)
20:21:16 PR 88101  (3816 of 14166)
20:21:19 PR 88100  (3817 of 14166)
20:21:21 PR 88099  (3818 of 14166)
20:21:23 PR 88095  (3819 of 14166)
20:21:25 PR 88094  (3820 of 14166)
20:21:28 PR 88092  (3821 of 14166)
20:21:30 PR 88091  (3822 of 14166)
20:21:32 PR 88089  (3823 of 14166)
20:21:34 PR 88088  (3824 of 14166)
20:21:36 PR 88086  (3825 of 14166)
20:21:38 PR 88084  (3826 of 14166)
20:21:41 PR 88082  (3827 of 14166)
20:21:43 PR 88081  (3828 of 14166)
20:21:45 PR 88078  (3829 of 14166)
20:21:46 PR 88077  (3830 of 14166)
20:21:49 PR 88076  (3831 of 14166)
20:21:53 PR 88075  (3832 of 14166)
20:21:55 PR 88074  (3833 of 14166)
20:21:57 PR 88073  (3834 of 14166)
20:21:59 PR 88072  (3835 of 14166)
20:22:01 PR 88070  (3836 of 14166)
20:22:03 PR 88067  (3837 of 14166)
20:22:06 PR 88065  (3838 of 14166)
20:22:08 PR 88063  (3839 of 14166)
20:22:10 PR 88062  (3840 of 14166)
20:22:12 PR 88061  (3841 of 14166)
20:22:15 PR 88059  (3842 of 14166)
20:22:17 PR 88058  (3843 of 14166)
20:22:19 PR 88056  (3844 of 14166)
20:22:21 PR 88055  (3845 of 14166)
20:22:23 PR 88054  (3846 of 14166)
20:22:24 PR 88053  (3847 of 14166)
20:22:27 PR 88052  (3848 of 14166)
20:22:31 PR 88051  (3849 of 14166)
20:22:33 PR 88050  (3850 of 14166)
20:22:36 PR 88049  (3851 of 14166)
20:22:38 PR 88046  (3852 of 14166)
20:22:41 PR 88045  (3853 of 14166)
20:22:44 PR 88044  (3854 of 14166)
20:22:46 PR 88043  (3855 of 14166)
20:22:48 PR 88042  (3856 of 14166)
20:22:50 PR 88041  (3857 of 14166)
20:22:53 PR 88040  (3858 of 14166)
20:22:55 PR 88039  (3859 of 14166)
20:22:57 PR 88038  (3860 of 14166)
20:23:00 PR 88036  (3861 of 14166)
20:23:02 PR 88035  (3862 of 14166)
20:23:04 PR 88034  (3863 of 14166)
20:23:06 PR 88032  (3864 of 14166)
20:23:09 PR 88031  (3865 of 14166)
20:23:11 PR 88030  (3866 of 14166)
20:23:12 PR 88029  (3867 of 14166)
20:23:15 PR 88028  (3868 of 14166)
20:23:17 PR 88026  (3869 of 14166)
20:23:19 PR 88025  (3870 of 14166)
20:23:22 PR 88024  (3871 of 14166)
20:23:25 PR 88023  (3872 of 14166)
20:23:26 PR 88021  (3873 of 14166)
20:23:28 PR 88020  (3874 of 14166)
20:23:30 PR 88019  (3875 of 14166)
20:23:32 PR 88018  (3876 of 14166)
20:23:34 PR 88017  (3877 of 14166)
20:23:37 PR 88016  (3878 of 14166)
20:23:39 PR 88013  (3879 of 14166)
20:23:41 PR 88012  (3880 of 14166)
20:23:44 PR 88011  (3881 of 14166)
20:23:46 PR 88010  (3882 of 14166)
20:23:48 PR 88008  (3883 of 14166)
20:23:50 PR 88006  (3884 of 14166)
20:23:53 PR 88005  (3885 of 14166)
20:23:54 PR 88004  (3886 of 14166)
20:23:57 PR 88003  (3887 of 14166)
20:23:59 PR 88002  (3888 of 14166)
20:24:01 PR 88001  (3889 of 14166)
20:24:03 PR 87999  (3890 of 14166)
20:24:05 PR 87998  (3891 of 14166)
20:24:09 PR 87997  (3892 of 14166)
20:24:12 PR 87995  (3893 of 14166)
20:24:14 PR 87994  (3894 of 14166)
20:24:16 PR 87993  (3895 of 14166)
20:24:20 PR 87992  (3896 of 14166)
20:24:22 PR 87991  (3897 of 14166)
20:24:24 PR 87990  (3898 of 14166)
20:24:25 PR 87989  (3899 of 14166)
20:24:28 PR 87988  (3900 of 14166)
20:24:31 PR 87987  (3901 of 14166)
20:24:34 PR 87985  (3902 of 14166)
20:24:37 PR 87984  (3903 of 14166)
20:24:39 PR 87983  (3904 of 14166)
20:24:41 PR 87982  (3905 of 14166)
20:24:45 PR 87981  (3906 of 14166)
20:24:47 PR 87980  (3907 of 14166)
20:24:49 PR 87979  (3908 of 14166)
20:24:51 PR 87978  (3909 of 14166)
20:24:53 PR 87977  (3910 of 14166)
20:24:55 PR 87976  (3911 of 14166)
20:24:57 PR 87974  (3912 of 14166)
20:24:59 PR 87973  (3913 of 14166)
20:25:02 PR 87972  (3914 of 14166)
20:25:04 PR 87971  (3915 of 14166)
20:25:08 PR 87970  (3916 of 14166)
20:25:10 PR 87969  (3917 of 14166)
20:25:13 PR 87968  (3918 of 14166)
20:25:15 PR 87967  (3919 of 14166)
20:25:16 PR 87966  (3920 of 14166)
20:25:19 PR 87965  (3921 of 14166)
20:25:21 PR 87964  (3922 of 14166)
20:25:23 PR 87963  (3923 of 14166)
20:25:25 PR 87962  (3924 of 14166)
20:25:27 PR 87961  (3925 of 14166)
20:25:29 PR 87959  (3926 of 14166)
20:25:32 PR 87958  (3927 of 14166)
20:25:34 PR 87957  (3928 of 14166)
20:25:36 PR 87956  (3929 of 14166)
20:25:38 PR 87955  (3930 of 14166)
20:25:40 PR 87954  (3931 of 14166)
20:25:43 PR 87953  (3932 of 14166)
20:25:45 PR 87952  (3933 of 14166)
20:25:46 PR 87951  (3934 of 14166)
20:25:48 PR 87949  (3935 of 14166)
20:25:50 PR 87948  (3936 of 14166)
20:25:52 PR 87946  (3937 of 14166)
20:25:54 PR 87945  (3938 of 14166)
20:25:56 PR 87944  (3939 of 14166)
20:25:59 PR 87943  (3940 of 14166)
20:26:01 PR 87942  (3941 of 14166)
20:26:04 PR 87941  (3942 of 14166)
20:26:06 PR 87940  (3943 of 14166)
20:26:08 PR 87939  (3944 of 14166)
20:26:10 PR 87937  (3945 of 14166)
20:26:17 PR 87936  (3946 of 14166)
20:26:21 PR 87935  (3947 of 14166)
20:26:24 PR 89355  (3948 of 14166)
20:26:26 PR 89354  (3949 of 14166)
20:26:27 PR 89353  (3950 of 14166)
20:26:31 PR 89352  (3951 of 14166)
20:26:33 PR 89351  (3952 of 14166)
20:26:34 PR 89348  (3953 of 14166)
20:26:37 PR 89347  (3954 of 14166)
20:26:38 PR 89346  (3955 of 14166)
20:26:40 PR 89344  (3956 of 14166)
20:26:42 PR 89341  (3957 of 14166)
20:26:45 PR 89340  (3958 of 14166)
20:26:47 PR 89339  (3959 of 14166)
20:26:49 PR 89338  (3960 of 14166)
20:26:51 PR 89337  (3961 of 14166)
20:26:53 PR 89336  (3962 of 14166)
20:26:55 PR 89335  (3963 of 14166)
20:26:57 PR 89334  (3964 of 14166)
20:27:00 PR 89333  (3965 of 14166)
20:27:02 PR 89332  (3966 of 14166)
20:27:04 PR 89329  (3967 of 14166)
20:27:06 PR 89328  (3968 of 14166)
20:27:08 PR 89327  (3969 of 14166)
20:27:10 PR 89325  (3970 of 14166)
20:27:13 PR 89324  (3971 of 14166)
20:27:15 PR 89323  (3972 of 14166)
20:27:17 PR 89322  (3973 of 14166)
20:27:19 PR 89321  (3974 of 14166)
20:27:22 PR 89319  (3975 of 14166)
20:27:24 PR 89318  (3976 of 14166)
20:27:26 PR 89317  (3977 of 14166)
20:27:28 PR 89316  (3978 of 14166)
20:27:30 PR 89315  (3979 of 14166)
20:27:33 PR 89314  (3980 of 14166)
20:27:36 PR 89313  (3981 of 14166)
20:27:38 PR 89312  (3982 of 14166)
20:27:41 PR 89311  (3983 of 14166)
20:27:43 PR 89310  (3984 of 14166)
20:27:45 PR 89309  (3985 of 14166)
20:27:47 PR 89308  (3986 of 14166)
20:27:48 PR 89307  (3987 of 14166)
20:27:50 PR 89304  (3988 of 14166)
20:27:52 PR 89302  (3989 of 14166)
20:27:55 PR 89301  (3990 of 14166)
20:27:57 PR 89300  (3991 of 14166)
20:27:59 PR 89299  (3992 of 14166)
20:28:01 PR 89297  (3993 of 14166)
20:28:03 PR 89296  (3994 of 14166)
20:28:06 PR 89294  (3995 of 14166)
20:28:10 PR 89293  (3996 of 14166)
20:28:12 PR 89292  (3997 of 14166)
20:28:14 PR 89291  (3998 of 14166)
20:28:17 PR 89290  (3999 of 14166)
20:28:20 PR 89289  (4000 of 14166)
20:28:22 PR 89288  (4001 of 14166)
20:28:25 PR 89284  (4002 of 14166)
20:28:27 PR 89278  (4003 of 14166)
20:28:29 PR 89277  (4004 of 14166)
20:28:31 PR 89276  (4005 of 14166)
20:28:33 PR 89275  (4006 of 14166)
20:28:37 PR 89274  (4007 of 14166)
20:28:39 PR 89273  (4008 of 14166)
20:28:41 PR 89272  (4009 of 14166)
20:28:43 PR 89271  (4010 of 14166)
20:28:45 PR 89270  (4011 of 14166)
20:28:47 PR 89269  (4012 of 14166)
20:28:49 PR 89267  (4013 of 14166)
20:28:51 PR 89266  (4014 of 14166)
20:28:54 PR 89265  (4015 of 14166)
20:28:56 PR 89264  (4016 of 14166)
20:28:59 PR 89263  (4017 of 14166)
20:29:02 PR 89262  (4018 of 14166)
20:29:04 PR 89261  (4019 of 14166)
20:29:06 PR 89260  (4020 of 14166)
20:29:09 PR 89259  (4021 of 14166)
20:29:12 PR 89258  (4022 of 14166)
20:29:14 PR 89257  (4023 of 14166)
20:29:16 PR 89256  (4024 of 14166)
20:29:18 PR 89255  (4025 of 14166)
20:29:20 PR 89254  (4026 of 14166)
20:29:22 PR 89253  (4027 of 14166)
20:29:24 PR 89252  (4028 of 14166)
20:29:26 PR 89250  (4029 of 14166)
20:29:28 PR 89249  (4030 of 14166)
20:29:31 PR 89248  (4031 of 14166)
20:29:33 PR 89247  (4032 of 14166)
20:29:35 PR 89246  (4033 of 14166)
20:29:38 PR 89245  (4034 of 14166)
20:29:40 PR 89243  (4035 of 14166)
20:29:42 PR 89242  (4036 of 14166)
20:29:45 PR 89241  (4037 of 14166)
20:29:47 PR 89240  (4038 of 14166)
20:29:49 PR 89239  (4039 of 14166)
20:29:52 PR 89237  (4040 of 14166)
20:29:53 PR 89236  (4041 of 14166)
20:29:55 PR 89235  (4042 of 14166)
20:29:58 PR 89234  (4043 of 14166)
20:29:59 PR 89231  (4044 of 14166)
20:30:01 PR 89230  (4045 of 14166)
20:30:03 PR 89229  (4046 of 14166)
20:30:05 PR 89227  (4047 of 14166)
20:30:07 PR 89226  (4048 of 14166)
20:30:10 PR 89225  (4049 of 14166)
20:30:12 PR 89224  (4050 of 14166)
20:30:14 PR 89223  (4051 of 14166)
20:30:16 PR 89222  (4052 of 14166)
20:30:18 PR 89221  (4053 of 14166)
20:30:20 PR 89220  (4054 of 14166)
20:30:21 PR 89216  (4055 of 14166)
20:30:23 PR 89212  (4056 of 14166)
20:30:25 PR 89211  (4057 of 14166)
20:30:27 PR 89210  (4058 of 14166)
20:30:29 PR 89209  (4059 of 14166)
20:30:31 PR 89208  (4060 of 14166)
20:30:34 PR 89207  (4061 of 14166)
20:30:36 PR 89206  (4062 of 14166)
20:30:39 PR 89205  (4063 of 14166)
20:30:41 PR 89204  (4064 of 14166)
20:30:43 PR 89203  (4065 of 14166)
20:30:45 PR 89202  (4066 of 14166)
20:30:47 PR 89201  (4067 of 14166)
20:30:49 PR 89200  (4068 of 14166)
20:30:51 PR 89199  (4069 of 14166)
20:30:53 PR 89197  (4070 of 14166)
20:30:55 PR 89196  (4071 of 14166)
20:30:56 PR 89194  (4072 of 14166)
20:30:58 PR 89191  (4073 of 14166)
20:31:01 PR 89189  (4074 of 14166)
20:31:03 PR 89188  (4075 of 14166)
20:31:06 PR 89187  (4076 of 14166)
20:31:07 PR 89186  (4077 of 14166)
20:31:09 PR 89185  (4078 of 14166)
20:31:11 PR 89184  (4079 of 14166)
20:31:13 PR 89183  (4080 of 14166)
20:31:15 PR 89182  (4081 of 14166)
20:31:17 PR 89179  (4082 of 14166)
20:31:19 PR 89178  (4083 of 14166)
20:31:24 PR 89176  (4084 of 14166)
20:31:26 PR 89174  (4085 of 14166)
20:31:28 PR 89173  (4086 of 14166)
20:31:30 PR 89172  (4087 of 14166)
20:31:32 PR 89171  (4088 of 14166)
20:31:34 PR 89170  (4089 of 14166)
20:31:36 PR 89169  (4090 of 14166)
20:31:38 PR 89168  (4091 of 14166)
20:31:40 PR 89167  (4092 of 14166)
20:31:41 PR 89166  (4093 of 14166)
20:31:45 PR 89165  (4094 of 14166)
20:31:47 PR 89164  (4095 of 14166)
20:31:49 PR 89162  (4096 of 14166)
20:31:51 PR 89161  (4097 of 14166)
20:31:53 PR 89160  (4098 of 14166)
20:31:56 PR 89159  (4099 of 14166)
20:31:59 PR 89157  (4100 of 14166)
20:32:01 PR 89155  (4101 of 14166)
20:32:03 PR 89154  (4102 of 14166)
20:46:26 starting - 4102 PRs already saved, skipping those
20:46:26 reusing cached list of 14166 PR numbers
20:46:28 PR 89153  (4103 of 14166)
20:46:31 PR 89152  (4104 of 14166)
20:46:33 PR 89151  (4105 of 14166)
20:46:35 PR 89149  (4106 of 14166)
20:46:37 PR 89148  (4107 of 14166)
20:46:39 PR 89146  (4108 of 14166)
20:46:43 PR 89145  (4109 of 14166)
20:46:45 PR 89143  (4110 of 14166)
20:46:46 PR 89141  (4111 of 14166)
20:46:49 PR 89140  (4112 of 14166)
20:46:52 PR 89139  (4113 of 14166)
20:46:54 PR 89138  (4114 of 14166)
20:46:56 PR 89137  (4115 of 14166)
20:46:58 PR 89135  (4116 of 14166)
20:47:00 PR 89134  (4117 of 14166)
20:47:03 PR 89131  (4118 of 14166)
20:47:05 PR 89130  (4119 of 14166)
20:47:07 PR 89129  (4120 of 14166)
20:47:10 PR 89128  (4121 of 14166)
20:47:12 PR 89127  (4122 of 14166)
20:47:15 PR 89124  (4123 of 14166)
20:47:19 PR 89123  (4124 of 14166)
20:47:21 PR 89122  (4125 of 14166)
20:47:23 PR 89121  (4126 of 14166)
20:47:29 PR 89119  (4127 of 14166)
20:47:31 PR 89118  (4128 of 14166)
20:47:33 PR 89116  (4129 of 14166)
20:47:36 PR 89115  (4130 of 14166)
20:47:38 PR 89114  (4131 of 14166)
20:47:40 PR 89113  (4132 of 14166)
20:47:42 PR 89112  (4133 of 14166)
20:47:44 PR 89111  (4134 of 14166)
20:47:47 PR 89110  (4135 of 14166)
20:47:51 PR 89108  (4136 of 14166)
20:47:53 PR 89107  (4137 of 14166)
20:47:55 PR 89106  (4138 of 14166)
20:47:57 PR 89105  (4139 of 14166)
20:47:59 PR 89103  (4140 of 14166)
20:48:01 PR 89102  (4141 of 14166)
20:48:03 PR 89101  (4142 of 14166)
20:48:05 PR 89100  (4143 of 14166)
20:48:07 PR 89099  (4144 of 14166)
20:48:09 PR 89096  (4145 of 14166)
20:48:12 PR 89095  (4146 of 14166)
20:48:14 PR 89094  (4147 of 14166)
20:48:15 PR 89093  (4148 of 14166)
20:48:17 PR 89092  (4149 of 14166)
20:48:19 PR 89091  (4150 of 14166)
20:48:22 PR 89090  (4151 of 14166)
20:48:25 PR 89089  (4152 of 14166)
20:48:27 PR 89088  (4153 of 14166)
20:48:29 PR 89086  (4154 of 14166)
20:48:31 PR 89084  (4155 of 14166)
20:48:33 PR 89083  (4156 of 14166)
20:48:35 PR 89082  (4157 of 14166)
20:48:38 PR 89079  (4158 of 14166)
20:48:40 PR 89078  (4159 of 14166)
20:48:42 PR 89077  (4160 of 14166)
20:48:44 PR 89076  (4161 of 14166)
20:48:47 PR 89074  (4162 of 14166)
20:48:50 PR 89073  (4163 of 14166)
20:48:52 PR 89072  (4164 of 14166)
20:48:54 PR 89070  (4165 of 14166)
20:48:56 PR 89069  (4166 of 14166)
20:48:58 PR 89068  (4167 of 14166)
20:49:00 PR 89066  (4168 of 14166)
20:49:02 PR 89064  (4169 of 14166)
20:49:04 PR 89063  (4170 of 14166)
20:49:06 PR 89062  (4171 of 14166)
20:49:09 PR 89061  (4172 of 14166)
20:49:11 PR 89060  (4173 of 14166)
20:49:13 PR 89059  (4174 of 14166)
20:49:15 PR 89058  (4175 of 14166)
20:49:17 PR 89057  (4176 of 14166)
20:49:19 PR 89055  (4177 of 14166)
20:49:21 PR 89054  (4178 of 14166)
20:49:23 PR 89053  (4179 of 14166)
20:49:25 PR 89051  (4180 of 14166)
20:49:27 PR 89050  (4181 of 14166)
20:49:30 PR 89049  (4182 of 14166)
20:49:32 PR 89048  (4183 of 14166)
20:49:34 PR 89045  (4184 of 14166)
20:49:37 PR 89044  (4185 of 14166)
20:49:38 PR 89043  (4186 of 14166)
20:49:40 PR 89042  (4187 of 14166)
20:49:42 PR 89041  (4188 of 14166)
20:49:44 PR 89040  (4189 of 14166)
20:49:46 PR 89039  (4190 of 14166)
20:49:48 PR 89037  (4191 of 14166)
20:49:50 PR 89036  (4192 of 14166)
20:49:53 PR 89035  (4193 of 14166)
20:49:55 PR 89034  (4194 of 14166)
20:49:56 PR 89033  (4195 of 14166)
20:49:58 PR 89032  (4196 of 14166)
20:50:00 PR 89030  (4197 of 14166)
20:50:01 PR 89029  (4198 of 14166)
20:50:03 PR 89028  (4199 of 14166)
20:50:05 PR 89027  (4200 of 14166)
20:50:07 PR 89026  (4201 of 14166)
20:50:09 PR 89025  (4202 of 14166)
20:50:11 PR 89024  (4203 of 14166)
20:50:14 PR 89023  (4204 of 14166)
20:50:17 PR 89021  (4205 of 14166)
20:50:19 PR 89020  (4206 of 14166)
20:50:21 PR 89019  (4207 of 14166)
20:50:23 PR 89018  (4208 of 14166)
20:50:25 PR 89017  (4209 of 14166)
20:50:27 PR 89016  (4210 of 14166)
20:50:30 PR 89015  (4211 of 14166)
20:50:32 PR 89014  (4212 of 14166)
20:50:34 PR 89013  (4213 of 14166)
20:50:36 PR 89012  (4214 of 14166)
20:50:38 PR 89011  (4215 of 14166)
20:50:40 PR 89010  (4216 of 14166)
20:50:42 PR 89009  (4217 of 14166)
20:50:44 PR 89007  (4218 of 14166)
20:50:45 PR 89006  (4219 of 14166)
20:50:47 PR 89001  (4220 of 14166)
20:50:51 PR 89000  (4221 of 14166)
20:50:53 PR 88999  (4222 of 14166)
20:50:56 PR 88998  (4223 of 14166)
20:50:58 PR 88997  (4224 of 14166)
20:51:00 PR 88995  (4225 of 14166)
20:51:02 PR 88994  (4226 of 14166)
20:51:04 PR 88993  (4227 of 14166)
20:51:07 PR 88992  (4228 of 14166)
20:51:09 PR 88991  (4229 of 14166)
20:51:11 PR 88990  (4230 of 14166)
20:51:13 PR 88989  (4231 of 14166)
20:51:16 PR 88988  (4232 of 14166)
20:51:18 PR 88987  (4233 of 14166)
20:51:20 PR 88985  (4234 of 14166)
20:51:23 PR 88983  (4235 of 14166)
20:51:25 PR 88982  (4236 of 14166)
20:51:27 PR 88980  (4237 of 14166)
20:51:29 PR 88979  (4238 of 14166)
20:51:31 PR 88977  (4239 of 14166)
20:51:33 PR 88976  (4240 of 14166)
20:51:35 PR 88975  (4241 of 14166)
20:51:38 PR 88973  (4242 of 14166)
20:51:40 PR 88972  (4243 of 14166)
20:51:42 PR 88970  (4244 of 14166)
20:51:44 PR 88969  (4245 of 14166)
20:51:46 PR 88968  (4246 of 14166)
20:51:48 PR 88967  (4247 of 14166)
20:51:51 PR 88963  (4248 of 14166)
20:51:53 PR 88962  (4249 of 14166)
20:51:55 PR 88961  (4250 of 14166)
20:51:57 PR 88960  (4251 of 14166)
20:51:59 PR 88959  (4252 of 14166)
20:52:01 PR 88958  (4253 of 14166)
20:52:03 PR 88957  (4254 of 14166)
20:52:05 PR 88956  (4255 of 14166)
20:52:08 PR 88955  (4256 of 14166)
20:52:10 PR 88953  (4257 of 14166)
20:52:12 PR 88952  (4258 of 14166)
20:52:14 PR 88951  (4259 of 14166)
20:52:16 PR 88950  (4260 of 14166)
20:52:18 PR 88949  (4261 of 14166)
20:52:20 PR 88948  (4262 of 14166)
20:52:22 PR 88943  (4263 of 14166)
20:52:24 PR 88942  (4264 of 14166)
20:52:27 PR 88941  (4265 of 14166)
20:52:29 PR 88940  (4266 of 14166)
20:52:31 PR 88939  (4267 of 14166)
20:52:33 PR 88938  (4268 of 14166)
20:52:36 PR 88937  (4269 of 14166)
20:52:38 PR 88936  (4270 of 14166)
20:52:40 PR 88935  (4271 of 14166)
20:52:42 PR 88934  (4272 of 14166)
20:52:44 PR 88933  (4273 of 14166)
20:52:46 PR 88932  (4274 of 14166)
20:52:48 PR 88931  (4275 of 14166)
20:52:50 PR 88930  (4276 of 14166)
20:52:53 PR 88928  (4277 of 14166)
20:52:55 PR 88927  (4278 of 14166)
20:52:59 PR 88926  (4279 of 14166)
20:53:02 PR 88924  (4280 of 14166)
20:53:04 PR 88922  (4281 of 14166)
20:53:06 PR 88921  (4282 of 14166)
20:53:09 PR 88920  (4283 of 14166)
20:53:12 PR 88919  (4284 of 14166)
20:53:14 PR 88917  (4285 of 14166)
20:53:16 PR 88916  (4286 of 14166)
20:53:18 PR 88914  (4287 of 14166)
20:53:20 PR 88913  (4288 of 14166)
20:53:23 PR 88912  (4289 of 14166)
20:53:25 PR 88911  (4290 of 14166)
20:53:27 PR 88910  (4291 of 14166)
20:53:29 PR 88909  (4292 of 14166)
20:53:32 PR 88908  (4293 of 14166)
20:53:34 PR 88907  (4294 of 14166)
20:53:36 PR 88906  (4295 of 14166)
20:53:38 PR 88905  (4296 of 14166)
20:53:40 PR 88904  (4297 of 14166)
20:53:43 PR 88903  (4298 of 14166)
20:53:45 PR 88901  (4299 of 14166)
20:53:47 PR 88900  (4300 of 14166)
20:53:49 PR 88898  (4301 of 14166)
20:53:51 PR 88897  (4302 of 14166)
20:53:54 PR 88896  (4303 of 14166)
20:53:56 PR 88895  (4304 of 14166)
20:53:58 PR 88894  (4305 of 14166)
20:53:59 PR 88893  (4306 of 14166)
20:54:02 PR 88891  (4307 of 14166)
20:54:04 PR 88890  (4308 of 14166)
20:54:06 PR 88889  (4309 of 14166)
20:54:08 PR 88888  (4310 of 14166)
20:54:11 PR 88887  (4311 of 14166)
20:54:13 PR 88886  (4312 of 14166)
20:54:15 PR 88885  (4313 of 14166)
20:54:17 PR 88884  (4314 of 14166)
20:54:20 PR 88883  (4315 of 14166)
20:54:22 PR 88881  (4316 of 14166)
20:54:25 PR 88880  (4317 of 14166)
20:54:27 PR 88879  (4318 of 14166)
20:54:30 PR 88878  (4319 of 14166)
20:54:33 PR 88877  (4320 of 14166)
20:54:35 PR 88876  (4321 of 14166)
20:54:37 PR 88875  (4322 of 14166)
20:54:39 PR 88874  (4323 of 14166)
20:54:41 PR 88873  (4324 of 14166)
20:54:43 PR 88871  (4325 of 14166)
20:54:46 PR 88867  (4326 of 14166)
20:54:47 PR 88866  (4327 of 14166)
20:54:50 PR 88865  (4328 of 14166)
20:54:52 PR 88864  (4329 of 14166)
20:54:54 PR 88863  (4330 of 14166)
20:54:56 PR 88862  (4331 of 14166)
20:54:58 PR 88861  (4332 of 14166)
20:55:01 PR 88860  (4333 of 14166)
20:55:02 PR 88859  (4334 of 14166)
20:55:05 PR 88858  (4335 of 14166)
20:55:08 PR 88855  (4336 of 14166)
20:55:10 PR 88854  (4337 of 14166)
20:55:12 PR 88853  (4338 of 14166)
20:55:15 PR 88852  (4339 of 14166)
20:55:17 PR 88849  (4340 of 14166)
20:55:19 PR 88848  (4341 of 14166)
20:55:21 PR 88845  (4342 of 14166)
20:55:23 PR 88844  (4343 of 14166)
20:55:26 PR 88843  (4344 of 14166)
20:55:28 PR 88842  (4345 of 14166)
20:55:30 PR 88841  (4346 of 14166)
20:55:32 PR 88840  (4347 of 14166)
20:55:35 PR 88839  (4348 of 14166)
20:55:37 PR 88837  (4349 of 14166)
20:55:39 PR 88836  (4350 of 14166)
20:55:41 PR 88835  (4351 of 14166)
20:55:44 PR 88834  (4352 of 14166)
20:55:46 PR 88833  (4353 of 14166)
20:55:48 PR 88832  (4354 of 14166)
20:55:49 PR 88830  (4355 of 14166)
20:55:51 PR 88829  (4356 of 14166)
20:55:53 PR 88828  (4357 of 14166)
20:55:56 PR 88827  (4358 of 14166)
20:56:00 PR 88825  (4359 of 14166)
20:56:02 PR 88824  (4360 of 14166)
20:56:04 PR 88823  (4361 of 14166)
20:56:06 PR 88820  (4362 of 14166)
20:56:08 PR 88817  (4363 of 14166)
20:56:11 PR 88816  (4364 of 14166)
20:56:13 PR 88815  (4365 of 14166)
20:56:14 PR 88813  (4366 of 14166)
20:56:16 PR 88811  (4367 of 14166)
20:56:18 PR 88809  (4368 of 14166)
20:56:20 PR 88808  (4369 of 14166)
20:56:23 PR 88807  (4370 of 14166)
20:56:25 PR 88806  (4371 of 14166)
20:56:28 PR 88805  (4372 of 14166)
20:56:30 PR 88800  (4373 of 14166)
20:56:33 PR 88799  (4374 of 14166)
20:56:35 PR 88798  (4375 of 14166)
20:56:38 PR 88797  (4376 of 14166)
20:56:40 PR 88796  (4377 of 14166)
20:56:43 PR 88795  (4378 of 14166)
20:56:48 PR 88794  (4379 of 14166)
20:56:52 PR 88793  (4380 of 14166)
20:56:55 PR 88792  (4381 of 14166)
20:56:56 PR 88791  (4382 of 14166)
20:56:59 PR 88790  (4383 of 14166)
20:57:01 PR 88789  (4384 of 14166)
20:57:04 PR 88788  (4385 of 14166)
20:57:07 PR 88787  (4386 of 14166)
20:57:09 PR 88786  (4387 of 14166)
20:57:11 PR 88785  (4388 of 14166)
20:57:13 PR 88784  (4389 of 14166)
20:57:16 PR 88783  (4390 of 14166)
20:57:18 PR 88782  (4391 of 14166)
20:57:20 PR 88780  (4392 of 14166)
20:57:23 PR 88778  (4393 of 14166)
20:57:25 PR 88777  (4394 of 14166)
20:57:28 PR 88775  (4395 of 14166)
20:57:29 PR 88773  (4396 of 14166)
20:57:31 PR 88769  (4397 of 14166)
20:57:34 PR 88767  (4398 of 14166)
20:57:36 PR 88765  (4399 of 14166)
20:57:38 PR 88764  (4400 of 14166)
20:57:40 PR 88763  (4401 of 14166)
20:57:43 PR 88762  (4402 of 14166)
20:57:45 PR 88761  (4403 of 14166)
20:57:47 PR 88760  (4404 of 14166)
20:57:49 PR 88759  (4405 of 14166)
20:57:51 PR 88757  (4406 of 14166)
20:57:53 PR 88756  (4407 of 14166)
20:57:55 PR 88755  (4408 of 14166)
20:57:58 PR 88754  (4409 of 14166)
20:58:00 PR 88753  (4410 of 14166)
20:58:02 PR 88751  (4411 of 14166)
20:58:04 PR 88750  (4412 of 14166)
20:58:06 PR 88749  (4413 of 14166)
20:58:08 PR 88748  (4414 of 14166)
20:58:11 PR 88747  (4415 of 14166)
20:58:13 PR 88746  (4416 of 14166)
20:58:16 PR 88745  (4417 of 14166)
20:58:17 PR 88744  (4418 of 14166)
20:58:20 PR 88743  (4419 of 14166)
20:58:22 PR 88742  (4420 of 14166)
20:58:28 PR 88741  (4421 of 14166)
20:58:30 PR 88740  (4422 of 14166)
20:58:32 PR 88739  (4423 of 14166)
20:58:34 PR 88738  (4424 of 14166)
20:58:37 PR 88737  (4425 of 14166)
20:58:39 PR 88736  (4426 of 14166)
20:58:41 PR 88735  (4427 of 14166)
20:58:43 PR 88734  (4428 of 14166)
20:58:46 PR 88731  (4429 of 14166)
20:58:48 PR 88729  (4430 of 14166)
20:58:50 PR 88727  (4431 of 14166)
20:58:54 PR 88725  (4432 of 14166)
20:58:56 PR 88724  (4433 of 14166)
20:58:58 PR 88723  (4434 of 14166)
20:59:00 PR 88722  (4435 of 14166)
20:59:02 PR 88721  (4436 of 14166)
20:59:04 PR 88720  (4437 of 14166)
20:59:06 PR 88719  (4438 of 14166)
20:59:09 PR 88718  (4439 of 14166)
20:59:11 PR 88717  (4440 of 14166)
20:59:13 PR 88716  (4441 of 14166)
20:59:15 PR 88715  (4442 of 14166)
20:59:17 PR 88713  (4443 of 14166)
20:59:18 PR 88712  (4444 of 14166)
20:59:20 PR 88711  (4445 of 14166)
20:59:24 PR 88710  (4446 of 14166)
20:59:26 PR 88709  (4447 of 14166)
20:59:27 PR 88708  (4448 of 14166)
20:59:29 PR 88707  (4449 of 14166)
20:59:32 PR 88706  (4450 of 14166)
20:59:35 PR 88705  (4451 of 14166)
20:59:38 PR 88703  (4452 of 14166)
20:59:39 PR 88702  (4453 of 14166)
20:59:41 PR 88701  (4454 of 14166)
20:59:43 PR 88700  (4455 of 14166)
20:59:44 PR 88699  (4456 of 14166)
20:59:46 PR 88698  (4457 of 14166)
20:59:48 PR 88696  (4458 of 14166)
20:59:49 PR 88695  (4459 of 14166)
20:59:51 PR 88693  (4460 of 14166)
20:59:53 PR 88691  (4461 of 14166)
20:59:55 PR 88690  (4462 of 14166)
20:59:57 PR 88689  (4463 of 14166)
20:59:59 PR 88688  (4464 of 14166)
21:00:02 PR 88687  (4465 of 14166)
21:00:03 PR 90039  (4466 of 14166)
21:00:05 PR 90038  (4467 of 14166)
21:00:07 PR 90036  (4468 of 14166)
21:00:09 PR 90035  (4469 of 14166)
21:00:11 PR 90034  (4470 of 14166)
21:00:14 PR 90033  (4471 of 14166)
21:00:16 PR 90032  (4472 of 14166)
21:00:18 PR 90031  (4473 of 14166)
21:00:20 PR 90030  (4474 of 14166)
21:00:22 PR 90028  (4475 of 14166)
21:00:24 PR 90027  (4476 of 14166)
21:00:27 PR 90025  (4477 of 14166)
21:00:30 PR 90023  (4478 of 14166)
21:00:31 PR 90022  (4479 of 14166)
21:00:34 PR 90021  (4480 of 14166)
21:00:36 PR 90019  (4481 of 14166)
21:00:38 PR 90018  (4482 of 14166)
21:00:41 PR 90017  (4483 of 14166)
21:00:43 PR 90016  (4484 of 14166)
21:00:45 PR 90015  (4485 of 14166)
21:00:47 PR 90014  (4486 of 14166)
21:00:50 PR 90013  (4487 of 14166)
21:00:52 PR 90012  (4488 of 14166)
21:00:54 PR 90011  (4489 of 14166)
21:00:56 PR 90010  (4490 of 14166)
21:00:59 PR 90009  (4491 of 14166)
21:01:02 PR 90007  (4492 of 14166)
21:01:07 PR 90006  (4493 of 14166)
21:01:09 PR 90004  (4494 of 14166)
21:01:11 PR 90003  (4495 of 14166)
21:01:13 PR 90002  (4496 of 14166)
21:01:15 PR 90000  (4497 of 14166)
21:01:17 PR 89999  (4498 of 14166)
21:01:19 PR 89997  (4499 of 14166)
21:01:21 PR 89996  (4500 of 14166)
21:01:24 PR 89995  (4501 of 14166)
21:01:26 PR 89993  (4502 of 14166)
21:01:27 PR 89992  (4503 of 14166)
21:01:29 PR 89991  (4504 of 14166)
21:03:17 starting - 4504 PRs already saved, skipping those
21:03:17 reusing cached list of 14166 PR numbers
21:03:19 PR 89989  (4505 of 14166)
21:03:21 PR 89988  (4506 of 14166)
21:03:24 PR 89987  (4507 of 14166)
21:03:26 PR 89986  (4508 of 14166)
21:03:27 PR 89983  (4509 of 14166)
21:03:30 PR 89982  (4510 of 14166)
21:03:33 PR 89981  (4511 of 14166)
21:03:35 PR 89980  (4512 of 14166)
21:03:39 PR 89978  (4513 of 14166)
21:03:41 PR 89977  (4514 of 14166)
21:03:43 PR 89976  (4515 of 14166)
21:03:45 PR 89975  (4516 of 14166)
21:03:47 PR 89974  (4517 of 14166)
21:03:49 PR 89973  (4518 of 14166)
21:03:51 PR 89972  (4519 of 14166)
21:03:53 PR 89971  (4520 of 14166)
21:03:55 PR 89970  (4521 of 14166)
21:03:58 PR 89969  (4522 of 14166)
21:03:59 PR 89967  (4523 of 14166)
21:04:01 PR 89966  (4524 of 14166)
21:04:03 PR 89963  (4525 of 14166)
21:04:05 PR 89962  (4526 of 14166)
21:04:06 PR 89961  (4527 of 14166)
21:04:08 PR 89959  (4528 of 14166)
21:04:10 PR 89958  (4529 of 14166)
21:04:12 PR 89957  (4530 of 14166)
21:04:14 PR 89956  (4531 of 14166)
21:04:16 PR 89955  (4532 of 14166)
21:04:18 PR 89954  (4533 of 14166)
21:04:20 PR 89953  (4534 of 14166)
21:04:22 PR 89952  (4535 of 14166)
21:04:24 PR 89949  (4536 of 14166)
21:04:26 PR 89948  (4537 of 14166)
21:04:28 PR 89947  (4538 of 14166)
21:04:30 PR 89946  (4539 of 14166)
21:04:32 PR 89945  (4540 of 14166)
21:04:34 PR 89944  (4541 of 14166)
21:04:37 PR 89943  (4542 of 14166)
21:04:39 PR 89942  (4543 of 14166)
21:04:41 PR 89940  (4544 of 14166)
21:04:43 PR 89939  (4545 of 14166)
21:04:45 PR 89937  (4546 of 14166)
21:04:47 PR 89936  (4547 of 14166)
21:04:49 PR 89935  (4548 of 14166)
21:04:51 PR 89933  (4549 of 14166)
21:04:54 PR 89932  (4550 of 14166)
21:04:56 PR 89931  (4551 of 14166)
21:04:57 PR 89930  (4552 of 14166)
21:04:59 PR 89929  (4553 of 14166)
21:05:02 PR 89928  (4554 of 14166)
21:05:04 PR 89927  (4555 of 14166)
21:05:06 PR 89926  (4556 of 14166)
21:05:08 PR 89924  (4557 of 14166)
21:05:10 PR 89923  (4558 of 14166)
21:05:11 PR 89922  (4559 of 14166)
21:05:14 PR 89921  (4560 of 14166)
21:05:16 PR 89920  (4561 of 14166)
21:05:18 PR 89919  (4562 of 14166)
21:05:20 PR 89918  (4563 of 14166)
21:05:22 PR 89917  (4564 of 14166)
21:05:24 PR 89916  (4565 of 14166)
21:05:26 PR 89915  (4566 of 14166)
21:05:29 PR 89914  (4567 of 14166)
21:05:31 PR 89913  (4568 of 14166)
21:05:33 PR 89909  (4569 of 14166)
21:05:35 PR 89908  (4570 of 14166)
21:05:37 PR 89907  (4571 of 14166)
21:05:39 PR 89906  (4572 of 14166)
21:05:41 PR 89905  (4573 of 14166)
21:05:44 PR 89904  (4574 of 14166)
21:05:46 PR 89903  (4575 of 14166)
21:05:48 PR 89902  (4576 of 14166)
21:05:50 PR 89900  (4577 of 14166)
21:05:52 PR 89899  (4578 of 14166)
21:05:55 PR 89898  (4579 of 14166)
21:05:56 PR 89897  (4580 of 14166)
21:05:59 PR 89896  (4581 of 14166)
21:06:01 PR 89895  (4582 of 14166)
21:06:03 PR 89894  (4583 of 14166)
21:06:05 PR 89892  (4584 of 14166)
21:06:08 PR 89891  (4585 of 14166)
21:06:10 PR 89890  (4586 of 14166)
21:06:12 PR 89888  (4587 of 14166)
21:06:15 PR 89887  (4588 of 14166)
21:06:16 PR 89886  (4589 of 14166)
21:06:18 PR 89885  (4590 of 14166)
21:06:22 PR 89884  (4591 of 14166)
21:06:24 PR 89883  (4592 of 14166)
21:06:26 PR 89882  (4593 of 14166)
21:06:28 PR 89881  (4594 of 14166)
21:06:31 PR 89880  (4595 of 14166)
21:06:33 PR 89878  (4596 of 14166)
21:06:35 PR 89877  (4597 of 14166)
21:06:37 PR 89876  (4598 of 14166)
21:06:39 PR 89875  (4599 of 14166)
21:06:41 PR 89874  (4600 of 14166)
21:06:43 PR 89873  (4601 of 14166)
21:06:46 PR 89871  (4602 of 14166)
21:06:48 PR 89870  (4603 of 14166)
21:06:50 PR 89869  (4604 of 14166)
21:06:52 PR 89868  (4605 of 14166)
21:06:54 PR 89867  (4606 of 14166)
21:06:57 PR 89866  (4607 of 14166)
21:06:59 PR 89864  (4608 of 14166)
21:07:01 PR 89863  (4609 of 14166)
21:07:04 PR 89862  (4610 of 14166)
21:07:06 PR 89861  (4611 of 14166)
21:07:07 PR 89860  (4612 of 14166)
21:07:10 PR 89859  (4613 of 14166)
21:07:12 PR 89856  (4614 of 14166)
21:07:14 PR 89854  (4615 of 14166)
21:07:17 PR 89853  (4616 of 14166)
21:07:19 PR 89851  (4617 of 14166)
21:07:21 PR 89849  (4618 of 14166)
21:07:23 PR 89848  (4619 of 14166)
21:07:25 PR 89847  (4620 of 14166)
21:07:27 PR 89846  (4621 of 14166)
21:07:29 PR 89845  (4622 of 14166)
21:07:32 PR 89844  (4623 of 14166)
21:07:34 PR 89842  (4624 of 14166)
21:07:36 PR 89840  (4625 of 14166)
21:07:38 PR 89838  (4626 of 14166)
21:07:40 PR 89837  (4627 of 14166)
21:07:42 PR 89836  (4628 of 14166)
21:07:44 PR 89835  (4629 of 14166)
21:07:46 PR 89834  (4630 of 14166)
21:07:48 PR 89833  (4631 of 14166)
21:07:50 PR 89832  (4632 of 14166)
21:07:52 PR 89830  (4633 of 14166)
21:07:54 PR 89828  (4634 of 14166)
21:07:56 PR 89827  (4635 of 14166)
21:07:58 PR 89825  (4636 of 14166)
21:07:59 PR 89824  (4637 of 14166)
21:08:01 PR 89823  (4638 of 14166)
21:08:03 PR 89822  (4639 of 14166)
21:08:05 PR 89821  (4640 of 14166)
21:08:08 PR 89820  (4641 of 14166)
21:08:10 PR 89819  (4642 of 14166)
21:08:11 PR 89818  (4643 of 14166)
21:08:14 PR 89816  (4644 of 14166)
21:08:16 PR 89815  (4645 of 14166)
21:08:18 PR 89813  (4646 of 14166)
21:08:20 PR 89812  (4647 of 14166)
21:08:22 PR 89811  (4648 of 14166)
21:08:23 PR 89810  (4649 of 14166)
21:08:26 PR 89809  (4650 of 14166)
21:08:28 PR 89808  (4651 of 14166)
21:08:29 PR 89807  (4652 of 14166)
21:08:31 PR 89806  (4653 of 14166)
21:08:33 PR 89805  (4654 of 14166)
21:08:35 PR 89804  (4655 of 14166)
21:08:38 PR 89803  (4656 of 14166)
21:08:40 PR 89801  (4657 of 14166)
21:08:42 PR 89799  (4658 of 14166)
21:08:44 PR 89798  (4659 of 14166)
21:08:46 PR 89797  (4660 of 14166)
21:08:48 PR 89796  (4661 of 14166)
21:08:50 PR 89795  (4662 of 14166)
21:08:52 PR 89793  (4663 of 14166)
21:08:54 PR 89792  (4664 of 14166)
21:08:56 PR 89791  (4665 of 14166)
21:08:58 PR 89790  (4666 of 14166)
21:09:00 PR 89789  (4667 of 14166)
21:09:02 PR 89788  (4668 of 14166)
21:09:04 PR 89785  (4669 of 14166)
21:09:06 PR 89784  (4670 of 14166)
21:09:08 PR 89781  (4671 of 14166)
21:09:10 PR 89779  (4672 of 14166)
21:09:14 PR 89778  (4673 of 14166)
21:09:16 PR 89777  (4674 of 14166)
21:09:21 PR 89776  (4675 of 14166)
21:09:23 PR 89775  (4676 of 14166)
21:09:26 PR 89773  (4677 of 14166)
21:09:28 PR 89772  (4678 of 14166)
21:09:30 PR 89771  (4679 of 14166)
21:09:32 PR 89770  (4680 of 14166)
21:09:35 PR 89769  (4681 of 14166)
21:09:37 PR 89768  (4682 of 14166)
21:09:38 PR 89767  (4683 of 14166)
21:09:41 PR 89766  (4684 of 14166)
21:09:43 PR 89765  (4685 of 14166)
21:09:46 PR 89764  (4686 of 14166)
21:09:48 PR 89763  (4687 of 14166)
21:09:51 PR 89762  (4688 of 14166)
21:09:55 PR 89761  (4689 of 14166)
21:09:58 PR 89760  (4690 of 14166)
21:10:01 PR 89759  (4691 of 14166)
21:10:05 PR 89758  (4692 of 14166)
21:10:07 PR 89757  (4693 of 14166)
21:10:09 PR 89756  (4694 of 14166)
21:10:12 PR 89755  (4695 of 14166)
21:36:02 starting - 4695 PRs already saved, skipping those
21:36:02 reusing cached list of 14166 PR numbers
21:36:05 PR 89754  (4696 of 14166)
21:36:07 PR 89753  (4697 of 14166)
21:36:09 PR 89752  (4698 of 14166)
21:36:10 PR 89751  (4699 of 14166)
21:36:12 PR 89750  (4700 of 14166)
21:36:15 PR 89749  (4701 of 14166)
21:36:17 PR 89748  (4702 of 14166)
21:36:19 PR 89747  (4703 of 14166)
21:36:21 PR 89746  (4704 of 14166)
21:36:23 PR 89745  (4705 of 14166)
21:36:25 PR 89744  (4706 of 14166)
21:36:27 PR 89742  (4707 of 14166)
21:36:29 PR 89741  (4708 of 14166)
21:36:30 PR 89740  (4709 of 14166)
21:36:32 PR 89739  (4710 of 14166)
21:36:34 PR 89738  (4711 of 14166)
21:36:36 PR 89737  (4712 of 14166)
21:36:38 PR 89735  (4713 of 14166)
21:36:40 PR 89734  (4714 of 14166)
21:36:42 PR 89733  (4715 of 14166)
21:36:44 PR 89732  (4716 of 14166)
21:36:46 PR 89731  (4717 of 14166)
21:36:48 PR 89730  (4718 of 14166)
21:36:50 PR 89727  (4719 of 14166)
21:36:52 PR 89726  (4720 of 14166)
21:36:54 PR 89725  (4721 of 14166)
21:36:56 PR 89723  (4722 of 14166)
21:36:59 PR 89722  (4723 of 14166)
21:37:00 PR 89721  (4724 of 14166)
21:37:02 PR 89720  (4725 of 14166)
21:37:06 PR 89718  (4726 of 14166)
21:37:08 PR 89717  (4727 of 14166)
21:37:11 PR 89716  (4728 of 14166)
21:37:13 PR 89715  (4729 of 14166)
21:37:15 PR 89714  (4730 of 14166)
21:37:17 PR 89713  (4731 of 14166)
21:37:20 PR 89712  (4732 of 14166)
21:37:22 PR 89711  (4733 of 14166)
21:37:24 PR 89710  (4734 of 14166)
21:37:26 PR 89709  (4735 of 14166)
21:37:28 PR 89708  (4736 of 14166)
21:37:30 PR 89707  (4737 of 14166)
21:37:32 PR 89706  (4738 of 14166)
21:37:34 PR 89703  (4739 of 14166)
21:37:36 PR 89702  (4740 of 14166)
21:37:39 PR 89701  (4741 of 14166)
21:37:41 PR 89700  (4742 of 14166)
21:37:43 PR 89697  (4743 of 14166)
21:37:46 PR 89696  (4744 of 14166)
21:37:48 PR 89695  (4745 of 14166)
21:37:50 PR 89694  (4746 of 14166)
21:37:53 PR 89693  (4747 of 14166)
21:37:55 PR 89692  (4748 of 14166)
21:37:57 PR 89690  (4749 of 14166)
21:37:59 PR 89689  (4750 of 14166)
21:38:00 PR 89688  (4751 of 14166)
21:38:03 PR 89686  (4752 of 14166)
21:38:07 PR 89685  (4753 of 14166)
21:38:09 PR 89683  (4754 of 14166)
21:38:11 PR 89682  (4755 of 14166)
21:38:12 PR 89681  (4756 of 14166)
21:38:14 PR 89680  (4757 of 14166)
21:38:16 PR 89679  (4758 of 14166)
21:38:18 PR 89678  (4759 of 14166)
21:38:20 PR 89677  (4760 of 14166)
21:38:22 PR 89676  (4761 of 14166)
21:38:24 PR 89675  (4762 of 14166)
21:38:26 PR 89674  (4763 of 14166)
21:38:28 PR 89673  (4764 of 14166)
21:38:30 PR 89672  (4765 of 14166)
21:38:32 PR 89670  (4766 of 14166)
21:38:33 PR 89669  (4767 of 14166)
21:38:35 PR 89668  (4768 of 14166)
21:38:37 PR 89667  (4769 of 14166)
21:38:39 PR 89666  (4770 of 14166)
21:38:41 PR 89665  (4771 of 14166)
21:38:43 PR 89664  (4772 of 14166)
21:38:45 PR 89662  (4773 of 14166)
21:38:50 PR 89661  (4774 of 14166)
21:38:52 PR 89660  (4775 of 14166)
21:38:53 PR 89659  (4776 of 14166)
21:38:55 PR 89658  (4777 of 14166)
21:38:57 PR 89657  (4778 of 14166)
21:39:00 PR 89656  (4779 of 14166)
21:39:01 PR 89654  (4780 of 14166)
21:39:03 PR 89653  (4781 of 14166)
21:39:05 PR 89652  (4782 of 14166)
21:39:07 PR 89651  (4783 of 14166)
21:39:09 PR 89650  (4784 of 14166)
21:39:11 PR 89649  (4785 of 14166)
21:39:13 PR 89648  (4786 of 14166)
21:39:15 PR 89646  (4787 of 14166)
21:39:17 PR 89640  (4788 of 14166)
21:39:19 PR 89639  (4789 of 14166)
21:39:21 PR 89638  (4790 of 14166)
21:39:24 PR 89637  (4791 of 14166)
21:39:26 PR 89635  (4792 of 14166)
21:39:28 PR 89634  (4793 of 14166)
21:39:30 PR 89633  (4794 of 14166)
21:39:32 PR 89632  (4795 of 14166)
21:39:34 PR 89630  (4796 of 14166)
21:39:36 PR 89629  (4797 of 14166)
21:39:38 PR 89628  (4798 of 14166)
21:39:41 PR 89627  (4799 of 14166)
21:39:42 PR 89626  (4800 of 14166)
21:39:45 PR 89624  (4801 of 14166)
21:39:47 PR 89622  (4802 of 14166)
21:39:49 PR 89621  (4803 of 14166)
21:39:50 PR 89620  (4804 of 14166)
21:39:52 PR 89619  (4805 of 14166)
21:39:54 PR 89617  (4806 of 14166)
21:39:56 PR 89616  (4807 of 14166)
21:39:58 PR 89615  (4808 of 14166)
21:40:01 PR 89614  (4809 of 14166)
21:40:02 PR 89613  (4810 of 14166)
21:40:04 PR 89612  (4811 of 14166)
21:40:06 PR 89611  (4812 of 14166)
21:40:09 PR 89610  (4813 of 14166)
21:40:11 PR 89609  (4814 of 14166)
21:40:13 PR 89608  (4815 of 14166)
21:40:16 PR 89607  (4816 of 14166)
21:40:18 PR 89606  (4817 of 14166)
21:40:19 PR 89605  (4818 of 14166)
21:40:22 PR 89604  (4819 of 14166)
21:40:23 PR 89603  (4820 of 14166)
21:40:25 PR 89602  (4821 of 14166)
21:40:27 PR 89600  (4822 of 14166)
21:40:29 PR 89599  (4823 of 14166)
21:40:31 PR 89598  (4824 of 14166)
21:40:35 PR 89597  (4825 of 14166)
21:40:37 PR 89595  (4826 of 14166)
21:40:39 PR 89593  (4827 of 14166)
21:40:41 PR 89592  (4828 of 14166)
21:40:43 PR 89591  (4829 of 14166)
21:40:45 PR 89590  (4830 of 14166)
21:40:48 PR 89589  (4831 of 14166)
21:40:50 PR 89588  (4832 of 14166)
21:40:52 PR 89587  (4833 of 14166)
21:40:54 PR 89586  (4834 of 14166)
21:40:55 PR 89585  (4835 of 14166)
21:40:57 PR 89584  (4836 of 14166)
21:40:59 PR 89580  (4837 of 14166)
21:41:01 PR 89579  (4838 of 14166)
21:41:03 PR 89578  (4839 of 14166)
21:41:05 PR 89577  (4840 of 14166)
21:41:07 PR 89576  (4841 of 14166)
21:41:09 PR 89575  (4842 of 14166)
21:41:11 PR 89574  (4843 of 14166)
21:41:13 PR 89573  (4844 of 14166)
21:41:15 PR 89572  (4845 of 14166)
21:41:18 PR 89571  (4846 of 14166)
21:41:19 PR 89570  (4847 of 14166)
21:41:21 PR 89568  (4848 of 14166)
21:41:24 PR 89566  (4849 of 14166)
21:41:26 PR 89565  (4850 of 14166)
21:41:28 PR 89564  (4851 of 14166)
21:41:30 PR 89563  (4852 of 14166)
21:41:32 PR 89560  (4853 of 14166)
21:41:35 PR 89559  (4854 of 14166)
21:41:37 PR 89558  (4855 of 14166)
21:41:39 PR 89556  (4856 of 14166)
21:41:41 PR 89555  (4857 of 14166)
21:41:44 PR 89554  (4858 of 14166)
21:41:47 PR 89553  (4859 of 14166)
21:41:49 PR 89551  (4860 of 14166)
21:41:51 PR 89549  (4861 of 14166)
21:41:53 PR 89548  (4862 of 14166)
21:41:55 PR 89547  (4863 of 14166)
21:41:57 PR 89544  (4864 of 14166)
21:41:59 PR 89543  (4865 of 14166)
21:42:00 PR 89542  (4866 of 14166)
21:42:03 PR 89541  (4867 of 14166)
21:42:06 PR 89539  (4868 of 14166)
21:42:08 PR 89538  (4869 of 14166)
21:42:10 PR 89536  (4870 of 14166)
21:42:12 PR 89535  (4871 of 14166)
21:42:14 PR 89534  (4872 of 14166)
21:42:16 PR 89533  (4873 of 14166)
21:42:17 PR 89532  (4874 of 14166)
21:42:19 PR 89531  (4875 of 14166)
21:42:21 PR 89529  (4876 of 14166)
21:42:24 PR 89528  (4877 of 14166)
21:42:26 PR 89527  (4878 of 14166)
21:42:28 PR 89526  (4879 of 14166)
21:42:30 PR 89525  (4880 of 14166)
21:42:33 PR 89524  (4881 of 14166)
21:42:35 PR 89523  (4882 of 14166)
21:42:37 PR 89521  (4883 of 14166)
21:42:39 PR 89520  (4884 of 14166)
21:42:41 PR 89517  (4885 of 14166)
21:42:43 PR 89516  (4886 of 14166)
21:42:46 PR 89512  (4887 of 14166)
21:42:48 PR 89511  (4888 of 14166)
21:42:50 PR 89510  (4889 of 14166)
21:42:52 PR 89509  (4890 of 14166)
21:42:54 PR 89508  (4891 of 14166)
21:42:56 PR 89506  (4892 of 14166)
21:42:58 PR 89504  (4893 of 14166)
21:43:01 PR 89503  (4894 of 14166)
21:43:02 PR 89502  (4895 of 14166)
21:43:05 PR 89501  (4896 of 14166)
21:43:07 PR 89500  (4897 of 14166)
21:43:09 PR 89499  (4898 of 14166)
21:43:11 PR 89498  (4899 of 14166)
21:43:14 PR 89497  (4900 of 14166)
21:43:16 PR 89496  (4901 of 14166)
21:43:17 PR 89495  (4902 of 14166)
21:43:20 PR 89493  (4903 of 14166)
21:43:21 PR 89492  (4904 of 14166)
21:43:23 PR 89491  (4905 of 14166)
21:43:25 PR 89490  (4906 of 14166)
21:43:27 PR 89489  (4907 of 14166)
21:43:29 PR 89487  (4908 of 14166)
21:43:31 PR 89486  (4909 of 14166)
21:43:34 PR 89483  (4910 of 14166)
21:43:36 PR 89482  (4911 of 14166)
21:43:38 PR 89481  (4912 of 14166)
21:43:41 PR 89480  (4913 of 14166)
21:43:43 PR 89479  (4914 of 14166)
21:43:45 PR 89478  (4915 of 14166)
21:43:47 PR 89477  (4916 of 14166)
21:43:49 PR 89476  (4917 of 14166)
21:43:51 PR 89475  (4918 of 14166)
21:43:53 PR 89474  (4919 of 14166)
21:43:55 PR 89473  (4920 of 14166)
21:43:57 PR 89472  (4921 of 14166)
21:43:59 PR 89471  (4922 of 14166)
21:44:01 PR 89470  (4923 of 14166)
21:44:05 PR 89469  (4924 of 14166)
21:44:07 PR 89468  (4925 of 14166)
21:44:09 PR 89467  (4926 of 14166)
21:44:12 PR 89466  (4927 of 14166)
21:44:14 PR 89465  (4928 of 14166)
21:44:16 PR 89463  (4929 of 14166)
21:44:17 PR 89462  (4930 of 14166)
21:44:20 PR 89461  (4931 of 14166)
21:44:23 PR 89460  (4932 of 14166)
21:44:25 PR 89458  (4933 of 14166)
21:44:27 PR 89457  (4934 of 14166)
21:44:29 PR 89456  (4935 of 14166)
21:44:31 PR 89454  (4936 of 14166)
21:44:34 PR 89453  (4937 of 14166)
21:44:36 PR 89452  (4938 of 14166)
21:44:39 PR 89451  (4939 of 14166)
21:44:41 PR 89450  (4940 of 14166)
21:44:45 PR 89447  (4941 of 14166)
21:44:47 PR 89446  (4942 of 14166)
21:44:49 PR 89443  (4943 of 14166)
21:44:53 PR 89441  (4944 of 14166)
21:44:56 PR 89440  (4945 of 14166)
21:44:59 PR 89439  (4946 of 14166)
21:45:01 PR 89438  (4947 of 14166)
21:45:06 PR 89437  (4948 of 14166)
21:45:08 PR 89436  (4949 of 14166)
21:45:11 PR 89431  (4950 of 14166)
21:45:13 PR 89430  (4951 of 14166)
21:45:16 PR 89429  (4952 of 14166)
21:45:18 PR 89427  (4953 of 14166)
21:45:21 PR 89426  (4954 of 14166)
21:45:24 PR 89425  (4955 of 14166)
21:45:26 PR 89424  (4956 of 14166)
21:45:28 PR 89422  (4957 of 14166)
21:45:30 PR 89421  (4958 of 14166)
21:45:33 PR 89420  (4959 of 14166)
21:45:35 PR 89417  (4960 of 14166)
21:45:38 PR 89416  (4961 of 14166)
21:45:40 PR 89414  (4962 of 14166)
21:45:42 PR 89412  (4963 of 14166)
21:45:45 PR 89410  (4964 of 14166)
21:45:47 PR 89409  (4965 of 14166)
21:45:50 PR 89408  (4966 of 14166)
21:45:54 PR 89407  (4967 of 14166)
21:45:56 PR 89406  (4968 of 14166)
21:45:59 PR 89405  (4969 of 14166)
21:46:02 PR 89404  (4970 of 14166)
21:46:05 PR 89403  (4971 of 14166)
21:46:07 PR 89402  (4972 of 14166)
21:46:10 PR 89401  (4973 of 14166)
21:46:13 PR 89400  (4974 of 14166)
21:46:15 PR 89399  (4975 of 14166)
21:46:17 PR 89398  (4976 of 14166)
21:46:20 PR 89397  (4977 of 14166)
21:46:22 PR 89396  (4978 of 14166)
21:46:24 PR 89394  (4979 of 14166)
21:46:27 PR 89393  (4980 of 14166)
21:46:29 PR 89392  (4981 of 14166)
21:46:31 PR 89391  (4982 of 14166)
21:46:33 PR 89390  (4983 of 14166)
21:46:35 PR 89389  (4984 of 14166)
21:46:37 PR 89388  (4985 of 14166)
21:46:39 PR 89387  (4986 of 14166)
21:46:43 PR 89386  (4987 of 14166)
21:46:45 PR 89385  (4988 of 14166)
21:46:48 PR 89384  (4989 of 14166)
21:46:50 PR 89383  (4990 of 14166)
21:46:53 PR 89382  (4991 of 14166)
21:46:56 PR 89381  (4992 of 14166)
21:46:57 PR 89380  (4993 of 14166)
21:46:59 PR 89379  (4994 of 14166)
21:47:02 PR 89377  (4995 of 14166)
21:47:05 PR 89376  (4996 of 14166)
21:47:08 PR 89374  (4997 of 14166)
21:47:10 PR 89373  (4998 of 14166)
21:47:14 PR 89372  (4999 of 14166)
21:47:16 PR 89370  (5000 of 14166)
21:47:19 PR 89369  (5001 of 14166)
21:47:21 PR 89367  (5002 of 14166)
21:47:24 PR 89366  (5003 of 14166)
21:47:27 PR 89365  (5004 of 14166)
21:47:31 PR 89364  (5005 of 14166)
21:47:34 PR 89363  (5006 of 14166)
21:47:36 PR 89361  (5007 of 14166)
21:47:39 PR 89360  (5008 of 14166)
21:47:41 PR 89359  (5009 of 14166)
21:47:44 PR 89358  (5010 of 14166)
21:47:46 PR 89357  (5011 of 14166)
21:47:48 PR 89356  (5012 of 14166)
21:47:51 PR 90920  (5013 of 14166)
21:47:54 PR 90919  (5014 of 14166)
21:47:56 PR 90918  (5015 of 14166)
21:47:58 PR 90917  (5016 of 14166)
21:48:00 PR 90916  (5017 of 14166)
21:48:03 PR 90914  (5018 of 14166)
21:48:06 PR 90913  (5019 of 14166)
21:48:08 PR 90912  (5020 of 14166)
21:48:11 PR 90911  (5021 of 14166)
21:48:13 PR 90910  (5022 of 14166)
21:48:16 PR 90909  (5023 of 14166)
21:48:18 PR 90908  (5024 of 14166)
21:48:20 PR 90901  (5025 of 14166)
21:48:23 PR 90900  (5026 of 14166)
21:48:25 PR 90899  (5027 of 14166)
21:48:27 PR 90898  (5028 of 14166)
21:48:30 PR 90897  (5029 of 14166)
21:48:32 PR 90896  (5030 of 14166)
21:48:34 PR 90895  (5031 of 14166)
21:48:36 PR 90894  (5032 of 14166)
21:48:39 PR 90893  (5033 of 14166)
21:48:41 PR 90892  (5034 of 14166)
21:48:45 PR 90890  (5035 of 14166)
21:48:47 PR 90889  (5036 of 14166)
21:48:49 PR 90888  (5037 of 14166)
21:48:51 PR 90887  (5038 of 14166)
21:48:54 PR 90886  (5039 of 14166)
21:48:56 PR 90885  (5040 of 14166)
21:48:58 PR 90884  (5041 of 14166)
21:49:01 PR 90883  (5042 of 14166)
21:49:03 PR 90881  (5043 of 14166)
21:49:05 PR 90880  (5044 of 14166)
21:49:07 PR 90879  (5045 of 14166)
21:49:09 PR 90878  (5046 of 14166)
21:49:11 PR 90877  (5047 of 14166)
21:49:13 PR 90875  (5048 of 14166)
21:49:16 PR 90872  (5049 of 14166)
21:49:19 PR 90871  (5050 of 14166)
21:49:21 PR 90870  (5051 of 14166)
21:49:23 PR 90869  (5052 of 14166)
21:49:26 PR 90868  (5053 of 14166)
21:49:28 PR 90867  (5054 of 14166)
21:49:30 PR 90866  (5055 of 14166)
21:49:32 PR 90865  (5056 of 14166)
21:49:35 PR 90863  (5057 of 14166)
21:49:36 PR 90862  (5058 of 14166)
21:49:39 PR 90861  (5059 of 14166)
21:49:41 PR 90860  (5060 of 14166)
21:49:44 PR 90859  (5061 of 14166)
21:49:47 PR 90858  (5062 of 14166)
21:49:49 PR 90857  (5063 of 14166)
21:49:51 PR 90856  (5064 of 14166)
21:49:53 PR 90855  (5065 of 14166)
21:49:55 PR 90854  (5066 of 14166)
21:49:57 PR 90853  (5067 of 14166)
21:49:59 PR 90852  (5068 of 14166)
21:50:00 PR 90851  (5069 of 14166)
21:50:02 PR 90848  (5070 of 14166)
21:50:04 PR 90847  (5071 of 14166)
21:50:06 PR 90846  (5072 of 14166)
21:50:08 PR 90845  (5073 of 14166)
21:50:11 PR 90844  (5074 of 14166)
21:50:13 PR 90842  (5075 of 14166)
21:50:15 PR 90841  (5076 of 14166)
21:50:17 PR 90840  (5077 of 14166)
21:50:19 PR 90839  (5078 of 14166)
21:50:21 PR 90838  (5079 of 14166)
21:50:24 PR 90837  (5080 of 14166)
21:50:27 PR 90836  (5081 of 14166)
21:50:30 PR 90835  (5082 of 14166)
21:50:32 PR 90834  (5083 of 14166)
21:50:35 PR 90833  (5084 of 14166)
21:50:37 PR 90832  (5085 of 14166)
21:50:39 PR 90831  (5086 of 14166)
21:50:41 PR 90830  (5087 of 14166)
21:50:43 PR 90829  (5088 of 14166)
21:50:46 PR 90828  (5089 of 14166)
21:50:48 PR 90826  (5090 of 14166)
21:50:50 PR 90825  (5091 of 14166)
21:50:52 PR 90824  (5092 of 14166)
21:50:55 PR 90823  (5093 of 14166)
21:50:57 PR 90822  (5094 of 14166)
21:50:59 PR 90821  (5095 of 14166)
21:51:01 PR 90820  (5096 of 14166)
21:51:03 PR 90819  (5097 of 14166)
21:51:05 PR 90818  (5098 of 14166)
21:51:07 PR 90817  (5099 of 14166)
21:51:09 PR 90816  (5100 of 14166)
21:51:12 PR 90815  (5101 of 14166)
21:51:14 PR 90814  (5102 of 14166)
21:51:16 PR 90813  (5103 of 14166)
21:51:19 PR 90812  (5104 of 14166)
21:51:21 PR 90811  (5105 of 14166)
21:51:23 PR 90810  (5106 of 14166)
21:51:26 PR 90809  (5107 of 14166)
21:51:28 PR 90808  (5108 of 14166)
21:51:30 PR 90806  (5109 of 14166)
21:51:32 PR 90805  (5110 of 14166)
21:51:34 PR 90804  (5111 of 14166)
21:51:36 PR 90803  (5112 of 14166)
21:51:38 PR 90801  (5113 of 14166)
21:51:40 PR 90800  (5114 of 14166)
21:51:43 PR 90799  (5115 of 14166)
21:51:45 PR 90798  (5116 of 14166)
22:27:22 starting - 5116 PRs already saved, skipping those
22:27:22 reusing cached list of 14166 PR numbers
22:27:24 PR 90797  (5117 of 14166)
22:27:26 PR 90796  (5118 of 14166)
22:27:28 PR 90795  (5119 of 14166)
22:27:31 PR 90794  (5120 of 14166)
22:27:36 PR 90793  (5121 of 14166)
22:27:38 PR 90791  (5122 of 14166)
22:27:40 PR 90789  (5123 of 14166)
22:27:43 PR 90787  (5124 of 14166)
22:27:45 PR 90786  (5125 of 14166)
22:27:47 PR 90783  (5126 of 14166)
22:27:49 PR 90782  (5127 of 14166)
22:27:51 PR 90781  (5128 of 14166)
22:27:53 PR 90778  (5129 of 14166)
22:27:55 PR 90776  (5130 of 14166)
22:27:57 PR 90773  (5131 of 14166)
22:27:59 PR 90771  (5132 of 14166)
22:28:01 PR 90770  (5133 of 14166)
22:28:03 PR 90766  (5134 of 14166)
22:28:06 PR 90765  (5135 of 14166)
22:28:09 PR 90763  (5136 of 14166)
22:28:11 PR 90761  (5137 of 14166)
22:28:13 PR 90760  (5138 of 14166)
22:28:15 PR 90759  (5139 of 14166)
22:28:17 PR 90758  (5140 of 14166)
22:28:20 PR 90757  (5141 of 14166)
22:28:23 PR 90756  (5142 of 14166)
22:28:25 PR 90755  (5143 of 14166)
22:28:29 PR 90754  (5144 of 14166)
22:28:31 PR 90753  (5145 of 14166)
22:28:33 PR 90752  (5146 of 14166)
22:28:35 PR 90751  (5147 of 14166)
22:28:38 PR 90749  (5148 of 14166)
22:28:41 PR 90748  (5149 of 14166)
22:28:43 PR 90747  (5150 of 14166)
22:28:46 PR 90746  (5151 of 14166)
22:28:48 PR 90744  (5152 of 14166)
22:28:50 PR 90742  (5153 of 14166)
22:28:53 PR 90741  (5154 of 14166)
22:28:55 PR 90740  (5155 of 14166)
22:28:57 PR 90737  (5156 of 14166)
22:29:00 PR 90736  (5157 of 14166)
22:29:02 PR 90735  (5158 of 14166)
22:29:05 PR 90734  (5159 of 14166)
22:29:07 PR 90733  (5160 of 14166)
22:29:11 PR 90732  (5161 of 14166)
22:29:12 PR 90731  (5162 of 14166)
22:29:14 PR 90730  (5163 of 14166)
22:29:16 PR 90721  (5164 of 14166)
22:29:20 PR 90720  (5165 of 14166)
22:29:22 PR 90719  (5166 of 14166)
22:29:24 PR 90718  (5167 of 14166)
22:29:26 PR 90717  (5168 of 14166)
22:29:28 PR 90716  (5169 of 14166)
22:29:31 PR 90715  (5170 of 14166)
22:29:33 PR 90713  (5171 of 14166)
22:29:35 PR 90712  (5172 of 14166)
22:29:38 PR 90711  (5173 of 14166)
22:29:40 PR 90710  (5174 of 14166)
22:29:42 PR 90709  (5175 of 14166)
22:29:45 PR 90708  (5176 of 14166)
22:29:47 PR 90706  (5177 of 14166)
22:29:50 PR 90705  (5178 of 14166)
22:29:52 PR 90702  (5179 of 14166)
22:29:54 PR 90701  (5180 of 14166)
22:29:56 PR 90699  (5181 of 14166)
22:29:58 PR 90697  (5182 of 14166)
22:29:59 PR 90696  (5183 of 14166)
22:30:01 PR 90695  (5184 of 14166)
22:30:03 PR 90694  (5185 of 14166)
22:30:06 PR 90693  (5186 of 14166)
22:30:08 PR 90692  (5187 of 14166)
22:30:10 PR 90690  (5188 of 14166)
22:30:12 PR 90689  (5189 of 14166)
22:30:14 PR 90687  (5190 of 14166)
22:30:16 PR 90686  (5191 of 14166)
22:30:18 PR 90685  (5192 of 14166)
22:30:20 PR 90684  (5193 of 14166)
22:30:22 PR 90683  (5194 of 14166)
22:30:24 PR 90682  (5195 of 14166)
22:30:27 PR 90681  (5196 of 14166)
22:30:29 PR 90680  (5197 of 14166)
22:30:30 PR 90678  (5198 of 14166)
22:30:35 PR 90677  (5199 of 14166)
22:30:37 PR 90674  (5200 of 14166)
22:30:40 PR 90673  (5201 of 14166)
22:30:42 PR 90672  (5202 of 14166)
22:30:44 PR 90670  (5203 of 14166)
22:30:47 PR 90668  (5204 of 14166)
22:30:48 PR 90666  (5205 of 14166)
22:30:50 PR 90665  (5206 of 14166)
22:30:52 PR 90664  (5207 of 14166)
22:30:54 PR 90663  (5208 of 14166)
22:30:56 PR 90662  (5209 of 14166)
22:30:58 PR 90661  (5210 of 14166)
22:31:00 PR 90660  (5211 of 14166)
22:31:02 PR 90659  (5212 of 14166)
22:31:03 PR 90658  (5213 of 14166)
22:31:05 PR 90657  (5214 of 14166)
22:31:07 PR 90656  (5215 of 14166)
22:31:09 PR 90652  (5216 of 14166)
22:31:11 PR 90651  (5217 of 14166)
22:31:13 PR 90650  (5218 of 14166)
22:31:15 PR 90649  (5219 of 14166)
22:31:17 PR 90648  (5220 of 14166)
22:31:19 PR 90647  (5221 of 14166)
22:31:21 PR 90646  (5222 of 14166)
22:31:23 PR 90645  (5223 of 14166)
22:31:25 PR 90644  (5224 of 14166)
22:31:27 PR 90643  (5225 of 14166)
22:31:29 PR 90642  (5226 of 14166)
22:31:30 PR 90641  (5227 of 14166)
22:31:33 PR 90640  (5228 of 14166)
22:31:36 PR 90638  (5229 of 14166)
22:31:38 PR 90637  (5230 of 14166)
22:31:40 PR 90636  (5231 of 14166)
22:31:42 PR 90635  (5232 of 14166)
22:31:44 PR 90634  (5233 of 14166)
22:31:46 PR 90633  (5234 of 14166)
22:31:48 PR 90632  (5235 of 14166)
22:31:49 PR 90631  (5236 of 14166)
22:31:51 PR 90630  (5237 of 14166)
22:31:53 PR 90629  (5238 of 14166)
22:31:55 PR 90628  (5239 of 14166)
22:31:57 PR 90627  (5240 of 14166)
22:31:59 PR 90626  (5241 of 14166)
22:32:01 PR 90625  (5242 of 14166)
22:32:04 PR 90624  (5243 of 14166)
22:32:06 PR 90622  (5244 of 14166)
22:32:08 PR 90621  (5245 of 14166)
22:32:10 PR 90620  (5246 of 14166)
22:32:12 PR 90619  (5247 of 14166)
22:32:15 PR 90618  (5248 of 14166)
22:32:17 PR 90617  (5249 of 14166)
22:32:19 PR 90616  (5250 of 14166)
22:32:22 PR 90615  (5251 of 14166)
22:32:24 PR 90613  (5252 of 14166)
22:32:26 PR 90612  (5253 of 14166)
22:32:29 PR 90611  (5254 of 14166)
22:32:31 PR 90610  (5255 of 14166)
22:32:33 PR 90609  (5256 of 14166)
22:32:34 PR 90607  (5257 of 14166)
22:32:37 PR 90606  (5258 of 14166)
22:32:40 PR 90605  (5259 of 14166)
22:32:41 PR 90603  (5260 of 14166)
22:32:43 PR 90602  (5261 of 14166)
22:32:46 PR 90599  (5262 of 14166)
22:32:48 PR 90598  (5263 of 14166)
22:32:49 PR 90597  (5264 of 14166)
22:32:51 PR 90596  (5265 of 14166)
22:32:53 PR 90595  (5266 of 14166)
22:32:55 PR 90594  (5267 of 14166)
22:32:57 PR 90593  (5268 of 14166)
22:32:59 PR 90592  (5269 of 14166)
22:33:01 PR 90590  (5270 of 14166)
22:33:03 PR 90589  (5271 of 14166)
22:33:04 PR 90588  (5272 of 14166)
22:33:06 PR 90587  (5273 of 14166)
22:33:08 PR 90586  (5274 of 14166)
22:33:11 PR 90585  (5275 of 14166)
22:33:13 PR 90584  (5276 of 14166)
22:33:15 PR 90583  (5277 of 14166)
22:33:17 PR 90582  (5278 of 14166)
22:33:18 PR 90579  (5279 of 14166)
22:33:20 PR 90578  (5280 of 14166)
22:33:25 PR 90577  (5281 of 14166)
22:33:27 PR 90576  (5282 of 14166)
22:33:29 PR 90575  (5283 of 14166)
22:33:31 PR 90574  (5284 of 14166)
22:33:33 PR 90573  (5285 of 14166)
22:33:34 PR 90572  (5286 of 14166)
22:33:37 PR 90570  (5287 of 14166)
22:33:39 PR 90569  (5288 of 14166)
22:33:41 PR 90568  (5289 of 14166)
22:33:43 PR 90566  (5290 of 14166)
22:33:45 PR 90565  (5291 of 14166)
22:33:47 PR 90564  (5292 of 14166)
22:33:49 PR 90469  (5293 of 14166)
22:33:52 PR 90467  (5294 of 14166)
22:33:53 PR 90465  (5295 of 14166)
22:33:55 PR 90461  (5296 of 14166)
22:33:57 PR 90460  (5297 of 14166)
22:33:59 PR 90458  (5298 of 14166)
22:34:01 PR 90457  (5299 of 14166)
22:34:03 PR 90456  (5300 of 14166)
22:34:05 PR 90454  (5301 of 14166)
22:34:06 PR 90453  (5302 of 14166)
22:34:09 PR 90452  (5303 of 14166)
22:34:11 PR 90451  (5304 of 14166)
22:34:13 PR 90449  (5305 of 14166)
22:34:15 PR 90448  (5306 of 14166)
22:34:17 PR 90447  (5307 of 14166)
22:34:19 PR 90446  (5308 of 14166)
22:34:21 PR 90445  (5309 of 14166)
22:34:23 PR 90444  (5310 of 14166)
22:34:26 PR 90443  (5311 of 14166)
22:34:28 PR 90442  (5312 of 14166)
22:34:31 PR 90441  (5313 of 14166)
22:34:33 PR 90440  (5314 of 14166)
22:34:35 PR 90439  (5315 of 14166)
22:34:37 PR 90438  (5316 of 14166)
22:34:39 PR 90437  (5317 of 14166)
22:34:41 PR 90436  (5318 of 14166)
22:34:43 PR 90434  (5319 of 14166)
22:34:45 PR 90432  (5320 of 14166)
22:34:47 PR 90431  (5321 of 14166)
22:34:50 PR 90430  (5322 of 14166)
22:34:51 PR 90429  (5323 of 14166)
22:34:53 PR 90427  (5324 of 14166)
22:34:55 PR 90425  (5325 of 14166)
22:34:58 PR 90424  (5326 of 14166)
22:34:59 PR 90423  (5327 of 14166)
22:35:01 PR 90422  (5328 of 14166)
22:35:03 PR 90420  (5329 of 14166)
22:35:06 PR 90418  (5330 of 14166)
22:35:07 PR 90417  (5331 of 14166)
22:35:10 PR 90416  (5332 of 14166)
22:35:12 PR 90415  (5333 of 14166)
22:35:14 PR 90414  (5334 of 14166)
22:35:16 PR 90413  (5335 of 14166)
22:35:18 PR 90412  (5336 of 14166)
22:35:20 PR 90411  (5337 of 14166)
22:35:22 PR 90409  (5338 of 14166)
22:35:24 PR 90408  (5339 of 14166)
22:35:26 PR 90405  (5340 of 14166)
22:35:28 PR 90404  (5341 of 14166)
22:35:30 PR 90402  (5342 of 14166)
22:35:33 PR 90401  (5343 of 14166)
22:35:35 PR 90400  (5344 of 14166)
22:35:37 PR 90399  (5345 of 14166)
22:35:39 PR 90398  (5346 of 14166)
22:35:42 PR 90397  (5347 of 14166)
22:35:44 PR 90396  (5348 of 14166)
22:35:46 PR 90395  (5349 of 14166)
22:35:49 PR 90394  (5350 of 14166)
22:35:51 PR 90393  (5351 of 14166)
22:35:53 PR 90392  (5352 of 14166)
22:35:55 PR 90391  (5353 of 14166)
22:35:57 PR 90390  (5354 of 14166)
22:35:59 PR 90387  (5355 of 14166)
22:36:01 PR 90386  (5356 of 14166)
22:36:03 PR 90385  (5357 of 14166)
22:36:05 PR 90384  (5358 of 14166)
22:36:07 PR 90382  (5359 of 14166)
22:36:10 PR 90381  (5360 of 14166)
22:36:12 PR 90380  (5361 of 14166)
22:36:14 PR 90379  (5362 of 14166)
22:36:16 PR 90378  (5363 of 14166)
22:36:19 PR 90377  (5364 of 14166)
22:36:20 PR 90376  (5365 of 14166)
22:36:22 PR 90375  (5366 of 14166)
22:36:25 PR 90374  (5367 of 14166)
22:36:27 PR 90373  (5368 of 14166)
22:36:29 PR 90372  (5369 of 14166)
22:36:31 PR 90371  (5370 of 14166)
22:36:34 PR 90370  (5371 of 14166)
22:36:36 PR 90369  (5372 of 14166)
22:36:38 PR 90368  (5373 of 14166)
22:36:40 PR 90367  (5374 of 14166)
22:36:42 PR 90366  (5375 of 14166)
22:36:44 PR 90365  (5376 of 14166)
22:36:45 PR 90364  (5377 of 14166)
22:36:48 PR 90362  (5378 of 14166)
22:36:50 PR 90361  (5379 of 14166)
22:36:52 PR 90360  (5380 of 14166)
22:36:54 PR 90359  (5381 of 14166)
22:36:56 PR 90358  (5382 of 14166)
22:36:58 PR 90357  (5383 of 14166)
22:37:00 PR 90356  (5384 of 14166)
22:37:02 PR 90355  (5385 of 14166)
22:37:04 PR 90353  (5386 of 14166)
22:37:06 PR 90352  (5387 of 14166)
22:37:09 PR 90351  (5388 of 14166)
22:37:11 PR 90349  (5389 of 14166)
22:37:12 PR 90348  (5390 of 14166)
22:37:14 PR 90347  (5391 of 14166)
22:37:16 PR 90346  (5392 of 14166)
22:37:18 PR 90345  (5393 of 14166)
22:37:20 PR 90344  (5394 of 14166)
22:37:23 PR 90343  (5395 of 14166)
22:37:25 PR 90342  (5396 of 14166)
22:37:28 PR 90341  (5397 of 14166)
22:37:33 PR 90340  (5398 of 14166)
22:37:35 PR 90339  (5399 of 14166)
22:37:37 PR 90337  (5400 of 14166)
22:37:40 PR 90335  (5401 of 14166)
22:37:42 PR 90333  (5402 of 14166)
22:37:44 PR 90331  (5403 of 14166)
22:37:46 PR 90330  (5404 of 14166)
22:37:48 PR 90329  (5405 of 14166)
22:37:50 PR 90327  (5406 of 14166)
22:37:52 PR 90324  (5407 of 14166)
22:37:54 PR 90323  (5408 of 14166)
22:37:56 PR 90322  (5409 of 14166)
22:37:58 PR 90321  (5410 of 14166)
22:38:00 PR 90320  (5411 of 14166)
22:38:03 PR 90317  (5412 of 14166)
22:38:05 PR 90316  (5413 of 14166)
22:38:07 PR 90315  (5414 of 14166)
22:38:09 PR 90314  (5415 of 14166)
22:38:11 PR 90313  (5416 of 14166)
22:38:13 PR 90312  (5417 of 14166)
22:38:16 PR 90310  (5418 of 14166)
22:38:18 PR 90309  (5419 of 14166)
22:38:21 PR 90308  (5420 of 14166)
22:38:23 PR 90307  (5421 of 14166)
22:38:26 PR 90305  (5422 of 14166)
22:38:28 PR 90304  (5423 of 14166)
22:38:30 PR 90303  (5424 of 14166)
22:38:32 PR 90301  (5425 of 14166)
22:38:34 PR 90300  (5426 of 14166)
22:38:37 PR 90299  (5427 of 14166)
22:38:39 PR 90298  (5428 of 14166)
22:38:41 PR 90296  (5429 of 14166)
22:38:47 PR 90295  (5430 of 14166)
22:38:49 PR 90294  (5431 of 14166)
22:38:51 PR 90293  (5432 of 14166)
22:38:53 PR 90291  (5433 of 14166)
22:38:55 PR 90289  (5434 of 14166)
22:38:57 PR 90288  (5435 of 14166)
22:39:00 PR 90287  (5436 of 14166)
22:39:03 PR 90286  (5437 of 14166)
22:39:06 PR 90285  (5438 of 14166)
22:39:08 PR 90284  (5439 of 14166)
22:39:11 PR 90283  (5440 of 14166)
22:39:14 PR 90282  (5441 of 14166)
22:39:16 PR 90281  (5442 of 14166)
22:39:18 PR 90280  (5443 of 14166)
22:39:21 PR 90279  (5444 of 14166)
22:39:23 PR 90278  (5445 of 14166)
22:39:25 PR 90277  (5446 of 14166)
22:39:28 PR 90276  (5447 of 14166)
22:39:32 PR 90275  (5448 of 14166)
22:39:35 PR 90274  (5449 of 14166)
22:39:37 PR 90273  (5450 of 14166)
22:39:39 PR 90271  (5451 of 14166)
22:39:41 PR 90270  (5452 of 14166)
22:39:43 PR 90268  (5453 of 14166)
22:39:45 PR 90265  (5454 of 14166)
22:39:48 PR 90264  (5455 of 14166)
22:39:50 PR 90263  (5456 of 14166)
22:39:52 PR 90262  (5457 of 14166)
22:39:55 PR 90261  (5458 of 14166)
22:39:57 PR 90260  (5459 of 14166)
22:40:00 PR 90259  (5460 of 14166)
22:40:02 PR 90258  (5461 of 14166)
22:40:05 PR 90257  (5462 of 14166)
22:40:07 PR 90256  (5463 of 14166)
22:40:09 PR 90255  (5464 of 14166)
22:40:11 PR 90254  (5465 of 14166)
22:40:16 PR 90251  (5466 of 14166)
22:40:18 PR 90250  (5467 of 14166)
22:40:21 PR 90249  (5468 of 14166)
22:40:23 PR 90247  (5469 of 14166)
22:40:25 PR 90246  (5470 of 14166)
22:40:28 PR 90244  (5471 of 14166)
22:40:31 PR 90243  (5472 of 14166)
22:40:32 PR 90242  (5473 of 14166)
22:40:35 PR 90241  (5474 of 14166)
22:40:38 PR 90240  (5475 of 14166)
22:40:40 PR 90238  (5476 of 14166)
22:40:43 PR 90237  (5477 of 14166)
22:40:45 PR 90236  (5478 of 14166)
22:40:47 PR 90235  (5479 of 14166)
22:40:49 PR 90234  (5480 of 14166)
22:40:51 PR 90233  (5481 of 14166)
22:40:54 PR 90231  (5482 of 14166)
22:40:56 PR 90230  (5483 of 14166)
22:40:59 PR 90229  (5484 of 14166)
22:41:02 PR 90227  (5485 of 14166)
22:41:04 PR 90226  (5486 of 14166)
22:41:06 PR 90225  (5487 of 14166)
22:41:09 PR 90223  (5488 of 14166)
22:41:10 PR 90222  (5489 of 14166)
22:41:12 PR 90221  (5490 of 14166)
22:41:14 PR 90220  (5491 of 14166)
22:41:17 PR 90218  (5492 of 14166)
22:41:19 PR 90217  (5493 of 14166)
22:41:21 PR 90216  (5494 of 14166)
22:41:23 PR 90214  (5495 of 14166)
22:41:25 PR 90213  (5496 of 14166)
22:41:27 PR 90212  (5497 of 14166)
22:41:30 PR 90211  (5498 of 14166)
22:41:32 PR 90210  (5499 of 14166)
22:41:34 PR 90208  (5500 of 14166)
22:41:37 PR 90207  (5501 of 14166)
22:41:39 PR 90205  (5502 of 14166)
22:41:42 PR 90203  (5503 of 14166)
22:41:44 PR 90202  (5504 of 14166)
22:41:46 PR 90201  (5505 of 14166)
22:41:48 PR 90200  (5506 of 14166)
22:41:50 PR 90199  (5507 of 14166)
22:41:52 PR 90197  (5508 of 14166)
22:41:54 PR 90196  (5509 of 14166)
22:41:57 PR 90195  (5510 of 14166)
22:41:59 PR 90194  (5511 of 14166)
22:42:01 PR 90193  (5512 of 14166)
22:42:03 PR 90192  (5513 of 14166)
22:42:05 PR 90191  (5514 of 14166)
22:42:07 PR 90190  (5515 of 14166)
22:42:09 PR 90189  (5516 of 14166)
22:42:11 PR 90188  (5517 of 14166)
22:42:13 PR 90187  (5518 of 14166)
22:42:14 PR 90186  (5519 of 14166)
22:42:17 PR 90185  (5520 of 14166)
22:42:22 PR 90183  (5521 of 14166)
22:42:26 PR 90182  (5522 of 14166)
22:42:28 PR 90181  (5523 of 14166)
22:42:30 PR 90178  (5524 of 14166)
22:42:32 PR 90177  (5525 of 14166)
22:42:35 PR 90176  (5526 of 14166)
22:42:39 PR 90175  (5527 of 14166)
22:42:40 PR 90174  (5528 of 14166)
22:42:42 PR 90173  (5529 of 14166)
22:42:47 PR 90172  (5530 of 14166)
22:42:50 PR 90171  (5531 of 14166)
22:42:52 PR 90169  (5532 of 14166)
22:42:54 PR 90168  (5533 of 14166)
22:42:56 PR 90167  (5534 of 14166)
22:42:58 PR 90165  (5535 of 14166)
22:43:00 PR 90163  (5536 of 14166)
22:43:04 PR 90162  (5537 of 14166)
22:43:06 PR 90161  (5538 of 14166)
22:43:08 PR 90159  (5539 of 14166)
22:43:10 PR 90158  (5540 of 14166)
22:43:13 PR 90157  (5541 of 14166)
22:43:15 PR 90156  (5542 of 14166)
22:43:17 PR 90155  (5543 of 14166)
22:43:20 PR 90154  (5544 of 14166)
22:43:22 PR 90153  (5545 of 14166)
22:43:24 PR 90152  (5546 of 14166)
22:43:26 PR 90151  (5547 of 14166)
22:43:28 PR 90150  (5548 of 14166)
22:43:31 PR 90149  (5549 of 14166)
22:43:33 PR 90148  (5550 of 14166)
22:43:36 PR 90147  (5551 of 14166)
22:43:38 PR 90145  (5552 of 14166)
22:43:40 PR 90144  (5553 of 14166)
22:43:42 PR 90141  (5554 of 14166)
22:43:44 PR 90137  (5555 of 14166)
22:43:47 PR 90136  (5556 of 14166)
22:43:49 PR 90135  (5557 of 14166)
22:43:51 PR 90134  (5558 of 14166)
22:43:54 PR 90133  (5559 of 14166)
22:43:56 PR 90132  (5560 of 14166)
22:43:58 PR 90131  (5561 of 14166)
22:44:00 PR 90130  (5562 of 14166)
22:44:03 PR 90129  (5563 of 14166)
22:44:04 PR 90128  (5564 of 14166)
22:44:08 PR 90126  (5565 of 14166)
22:44:11 PR 90125  (5566 of 14166)
22:44:12 PR 90124  (5567 of 14166)
22:44:14 PR 90123  (5568 of 14166)
22:44:16 PR 90122  (5569 of 14166)
22:44:18 PR 90121  (5570 of 14166)
22:44:20 PR 90120  (5571 of 14166)
22:44:22 PR 90117  (5572 of 14166)
22:44:25 PR 90116  (5573 of 14166)
22:44:27 PR 90115  (5574 of 14166)
22:44:29 PR 90114  (5575 of 14166)
22:44:31 PR 90113  (5576 of 14166)
22:44:33 PR 90112  (5577 of 14166)
22:44:36 PR 90110  (5578 of 14166)
22:44:38 PR 90109  (5579 of 14166)
22:44:42 PR 90106  (5580 of 14166)
22:44:44 PR 90102  (5581 of 14166)
22:44:46 PR 90101  (5582 of 14166)
22:44:48 PR 90100  (5583 of 14166)
22:44:51 PR 90096  (5584 of 14166)
22:44:53 PR 90093  (5585 of 14166)
22:44:56 PR 90092  (5586 of 14166)
22:44:59 PR 90091  (5587 of 14166)
22:45:02 PR 90090  (5588 of 14166)
22:45:04 PR 90089  (5589 of 14166)
22:45:06 PR 90087  (5590 of 14166)
22:45:09 PR 90085  (5591 of 14166)
22:45:13 PR 90083  (5592 of 14166)
22:45:16 PR 90082  (5593 of 14166)
22:45:20 PR 90081  (5594 of 14166)
22:45:23 PR 90080  (5595 of 14166)
22:45:26 PR 90079  (5596 of 14166)
22:45:28 PR 90078  (5597 of 14166)
22:45:30 PR 90077  (5598 of 14166)
22:45:33 PR 90076  (5599 of 14166)
22:45:35 PR 90075  (5600 of 14166)
22:45:38 PR 90073  (5601 of 14166)
22:45:41 PR 90072  (5602 of 14166)
22:45:43 PR 90071  (5603 of 14166)
22:45:46 PR 90068  (5604 of 14166)
22:45:48 PR 90066  (5605 of 14166)
22:45:51 PR 90065  (5606 of 14166)
22:45:53 PR 90064  (5607 of 14166)
22:45:55 PR 90063  (5608 of 14166)
22:45:57 PR 90062  (5609 of 14166)
22:45:59 PR 90061  (5610 of 14166)
22:46:02 PR 90060  (5611 of 14166)
22:46:06 PR 90059  (5612 of 14166)
22:46:08 PR 90058  (5613 of 14166)
22:46:10 PR 90056  (5614 of 14166)
22:46:12 PR 90054  (5615 of 14166)
22:46:16 PR 90053  (5616 of 14166)
22:46:18 PR 90052  (5617 of 14166)
22:46:21 PR 90051  (5618 of 14166)
22:46:23 PR 90050  (5619 of 14166)
22:46:25 PR 90049  (5620 of 14166)
22:46:27 PR 90048  (5621 of 14166)
22:46:30 PR 90047  (5622 of 14166)
22:46:32 PR 90046  (5623 of 14166)
22:46:35 PR 90045  (5624 of 14166)
22:46:37 PR 90044  (5625 of 14166)
22:46:39 PR 90043  (5626 of 14166)
22:46:41 PR 90042  (5627 of 14166)
22:46:43 PR 90041  (5628 of 14166)
22:46:45 PR 90040  (5629 of 14166)
22:46:47 PR 91654  (5630 of 14166)
22:46:49 PR 91653  (5631 of 14166)
22:46:51 PR 91652  (5632 of 14166)
22:46:54 PR 91650  (5633 of 14166)
22:46:56 PR 91649  (5634 of 14166)
22:46:59 PR 91648  (5635 of 14166)
22:47:03 PR 91646  (5636 of 14166)
22:47:05 PR 91643  (5637 of 14166)
22:47:07 PR 91641  (5638 of 14166)
22:47:09 PR 91640  (5639 of 14166)
22:47:12 PR 91639  (5640 of 14166)
22:47:14 PR 91638  (5641 of 14166)
22:47:16 PR 91637  (5642 of 14166)
22:47:19 PR 91636  (5643 of 14166)
22:47:21 PR 91635  (5644 of 14166)
22:47:23 PR 91634  (5645 of 14166)
22:47:26 PR 91633  (5646 of 14166)
22:47:28 PR 91632  (5647 of 14166)
22:47:30 PR 91631  (5648 of 14166)
22:47:33 PR 91630  (5649 of 14166)
22:47:35 PR 91629  (5650 of 14166)
22:47:37 PR 91628  (5651 of 14166)
22:47:40 PR 91627  (5652 of 14166)
22:47:42 PR 91626  (5653 of 14166)
22:47:44 PR 91624  (5654 of 14166)
22:47:46 PR 91623  (5655 of 14166)
22:47:49 PR 91622  (5656 of 14166)
22:47:51 PR 91619  (5657 of 14166)
22:47:54 PR 91618  (5658 of 14166)
22:47:56 PR 91617  (5659 of 14166)
22:47:59 PR 91616  (5660 of 14166)
22:48:02 PR 91615  (5661 of 14166)
22:48:05 PR 91614  (5662 of 14166)
22:48:07 PR 91613  (5663 of 14166)
22:48:09 PR 91612  (5664 of 14166)
22:48:11 PR 91611  (5665 of 14166)
22:48:13 PR 91610  (5666 of 14166)
22:48:15 PR 91609  (5667 of 14166)
22:48:17 PR 91608  (5668 of 14166)
22:48:20 PR 91607  (5669 of 14166)
22:48:23 PR 91606  (5670 of 14166)
22:48:26 PR 91605  (5671 of 14166)
22:48:28 PR 91603  (5672 of 14166)
22:48:30 PR 91601  (5673 of 14166)
22:48:32 PR 91600  (5674 of 14166)
22:48:34 PR 91599  (5675 of 14166)
22:48:38 PR 91598  (5676 of 14166)
22:48:44 PR 91597  (5677 of 14166)
22:48:46 PR 91596  (5678 of 14166)
22:48:49 PR 91595  (5679 of 14166)
01:27:27 starting - 5679 PRs already saved, skipping those
01:27:27 reusing cached list of 14166 PR numbers
01:27:31 PR 91594  (5680 of 14166)
01:27:33 PR 91593  (5681 of 14166)
01:27:34 PR 91592  (5682 of 14166)
01:27:36 PR 91591  (5683 of 14166)
01:27:39 PR 91589  (5684 of 14166)
01:27:40 PR 91588  (5685 of 14166)
01:27:42 PR 91587  (5686 of 14166)
01:27:44 PR 91586  (5687 of 14166)
01:27:46 PR 91585  (5688 of 14166)
01:27:48 PR 91584  (5689 of 14166)
01:27:51 PR 91583  (5690 of 14166)
01:27:53 PR 91582  (5691 of 14166)
01:27:55 PR 91581  (5692 of 14166)
01:27:57 PR 91580  (5693 of 14166)
01:27:59 PR 91579  (5694 of 14166)
01:28:01 PR 91578  (5695 of 14166)
01:28:03 PR 91577  (5696 of 14166)
01:28:05 PR 91575  (5697 of 14166)
01:28:07 PR 91574  (5698 of 14166)
01:28:09 PR 91573  (5699 of 14166)
01:28:11 PR 91572  (5700 of 14166)
01:28:14 PR 91571  (5701 of 14166)
01:28:16 PR 91570  (5702 of 14166)
01:28:18 PR 91568  (5703 of 14166)
01:28:20 PR 91567  (5704 of 14166)
01:28:22 PR 91566  (5705 of 14166)
01:28:24 PR 91564  (5706 of 14166)
01:28:27 PR 91562  (5707 of 14166)
01:28:29 PR 91561  (5708 of 14166)
01:28:32 PR 91560  (5709 of 14166)
01:28:34 PR 91558  (5710 of 14166)
01:28:36 PR 91557  (5711 of 14166)
01:28:39 PR 91556  (5712 of 14166)
01:28:41 PR 91555  (5713 of 14166)
01:28:43 PR 91553  (5714 of 14166)
01:28:46 PR 91552  (5715 of 14166)
01:28:47 PR 91551  (5716 of 14166)
01:28:49 PR 91550  (5717 of 14166)
01:28:51 PR 91549  (5718 of 14166)
01:28:54 PR 91548  (5719 of 14166)
01:28:57 PR 91547  (5720 of 14166)
01:29:00 PR 91546  (5721 of 14166)
01:29:02 PR 91545  (5722 of 14166)
01:29:04 PR 91544  (5723 of 14166)
01:29:05 PR 91543  (5724 of 14166)
01:29:08 PR 91542  (5725 of 14166)
01:29:10 PR 91541  (5726 of 14166)
01:29:12 PR 91540  (5727 of 14166)
01:29:14 PR 91539  (5728 of 14166)
01:29:17 PR 91538  (5729 of 14166)
01:29:19 PR 91537  (5730 of 14166)
01:29:21 PR 91535  (5731 of 14166)
01:29:23 PR 91534  (5732 of 14166)
01:29:25 PR 91533  (5733 of 14166)
01:29:27 PR 91532  (5734 of 14166)
01:29:29 PR 91531  (5735 of 14166)
01:29:31 PR 91530  (5736 of 14166)
01:29:34 PR 91529  (5737 of 14166)
01:29:36 PR 91528  (5738 of 14166)
01:29:38 PR 91527  (5739 of 14166)
01:29:40 PR 91526  (5740 of 14166)
01:29:42 PR 91525  (5741 of 14166)
01:29:44 PR 91524  (5742 of 14166)
01:29:46 PR 91523  (5743 of 14166)
01:29:48 PR 91520  (5744 of 14166)
01:29:51 PR 91519  (5745 of 14166)
01:29:53 PR 91518  (5746 of 14166)
01:29:55 PR 91517  (5747 of 14166)
01:29:57 PR 91516  (5748 of 14166)
01:30:00 PR 91515  (5749 of 14166)
01:30:02 PR 91514  (5750 of 14166)
01:30:04 PR 91513  (5751 of 14166)
01:30:07 PR 91511  (5752 of 14166)
01:30:09 PR 91510  (5753 of 14166)
01:30:11 PR 91509  (5754 of 14166)
01:30:14 PR 91508  (5755 of 14166)
01:30:16 PR 91507  (5756 of 14166)
01:30:19 PR 91506  (5757 of 14166)
01:30:21 PR 91505  (5758 of 14166)
01:30:24 PR 91504  (5759 of 14166)
01:30:26 PR 91503  (5760 of 14166)
01:30:29 PR 91502  (5761 of 14166)
01:30:30 PR 91501  (5762 of 14166)
01:30:33 PR 91500  (5763 of 14166)
01:30:36 PR 91499  (5764 of 14166)
01:30:38 PR 91498  (5765 of 14166)
01:30:40 PR 91497  (5766 of 14166)
01:30:43 PR 91496  (5767 of 14166)
01:30:45 PR 91495  (5768 of 14166)
01:30:47 PR 91494  (5769 of 14166)
01:30:50 PR 91492  (5770 of 14166)
01:30:52 PR 91491  (5771 of 14166)
01:30:54 PR 91490  (5772 of 14166)
01:30:56 PR 91489  (5773 of 14166)
01:30:58 PR 91488  (5774 of 14166)
01:31:01 PR 91487  (5775 of 14166)
01:31:03 PR 91486  (5776 of 14166)
01:31:05 PR 91485  (5777 of 14166)
01:31:07 PR 91484  (5778 of 14166)
01:31:09 PR 91482  (5779 of 14166)
01:31:11 PR 91481  (5780 of 14166)
01:31:14 PR 91480  (5781 of 14166)
01:31:16 PR 91479  (5782 of 14166)
01:31:18 PR 91478  (5783 of 14166)
01:31:20 PR 91476  (5784 of 14166)
01:31:22 PR 91474  (5785 of 14166)
01:31:24 PR 91473  (5786 of 14166)
01:31:26 PR 91472  (5787 of 14166)
01:31:28 PR 91471  (5788 of 14166)
01:31:30 PR 91470  (5789 of 14166)
01:31:32 PR 91469  (5790 of 14166)
01:31:34 PR 91467  (5791 of 14166)
01:31:36 PR 91466  (5792 of 14166)
01:31:38 PR 91465  (5793 of 14166)
01:31:40 PR 91464  (5794 of 14166)
01:31:43 PR 91463  (5795 of 14166)
01:31:44 PR 91462  (5796 of 14166)
01:31:47 PR 91460  (5797 of 14166)
01:31:48 PR 91459  (5798 of 14166)
01:31:50 PR 91458  (5799 of 14166)
01:31:52 PR 91457  (5800 of 14166)
01:31:55 PR 91456  (5801 of 14166)
01:31:56 PR 91455  (5802 of 14166)
01:31:58 PR 91454  (5803 of 14166)
01:32:00 PR 91453  (5804 of 14166)
01:32:02 PR 91452  (5805 of 14166)
01:32:05 PR 91451  (5806 of 14166)
01:32:07 PR 91450  (5807 of 14166)
01:32:09 PR 91449  (5808 of 14166)
01:32:11 PR 91448  (5809 of 14166)
01:32:13 PR 91447  (5810 of 14166)
01:32:18 PR 91446  (5811 of 14166)
01:32:19 PR 91445  (5812 of 14166)
01:32:22 PR 91444  (5813 of 14166)
01:32:24 PR 91443  (5814 of 14166)
01:32:26 PR 91442  (5815 of 14166)
01:32:28 PR 91441  (5816 of 14166)
01:32:30 PR 91440  (5817 of 14166)
01:32:32 PR 91439  (5818 of 14166)
01:32:34 PR 91438  (5819 of 14166)
01:32:35 PR 91435  (5820 of 14166)
01:32:37 PR 91434  (5821 of 14166)
01:32:40 PR 91432  (5822 of 14166)
01:32:41 PR 91431  (5823 of 14166)
01:32:44 PR 91430  (5824 of 14166)
01:32:46 PR 91429  (5825 of 14166)
01:32:48 PR 91427  (5826 of 14166)
01:32:49 PR 91426  (5827 of 14166)
01:32:51 PR 91425  (5828 of 14166)
01:32:54 PR 91424  (5829 of 14166)
01:32:56 PR 91422  (5830 of 14166)
01:32:58 PR 91420  (5831 of 14166)
01:33:00 PR 91419  (5832 of 14166)
01:33:02 PR 91417  (5833 of 14166)
01:33:04 PR 91416  (5834 of 14166)
01:33:06 PR 91415  (5835 of 14166)
01:33:08 PR 91413  (5836 of 14166)
01:33:10 PR 91412  (5837 of 14166)
01:33:12 PR 91411  (5838 of 14166)
01:33:16 PR 91410  (5839 of 14166)
01:33:19 PR 91408  (5840 of 14166)
01:33:21 PR 91407  (5841 of 14166)
01:33:23 PR 91405  (5842 of 14166)
01:33:26 PR 91404  (5843 of 14166)
01:33:28 PR 91403  (5844 of 14166)
01:33:31 PR 91402  (5845 of 14166)
01:33:33 PR 91401  (5846 of 14166)
01:33:35 PR 91400  (5847 of 14166)
01:33:37 PR 91398  (5848 of 14166)
01:33:39 PR 91397  (5849 of 14166)
01:33:42 PR 91396  (5850 of 14166)
01:33:44 PR 91395  (5851 of 14166)
01:33:46 PR 91394  (5852 of 14166)
01:33:48 PR 91393  (5853 of 14166)
01:33:50 PR 91392  (5854 of 14166)
01:33:52 PR 91391  (5855 of 14166)
01:33:54 PR 91390  (5856 of 14166)
01:33:56 PR 91389  (5857 of 14166)
01:33:58 PR 91388  (5858 of 14166)
01:34:01 PR 91386  (5859 of 14166)
01:34:03 PR 91385  (5860 of 14166)
01:34:05 PR 91382  (5861 of 14166)
01:34:07 PR 91381  (5862 of 14166)
01:34:09 PR 91380  (5863 of 14166)
01:34:11 PR 91379  (5864 of 14166)
01:34:13 PR 91378  (5865 of 14166)
01:34:16 PR 91376  (5866 of 14166)
01:34:17 PR 91375  (5867 of 14166)
01:34:20 PR 91374  (5868 of 14166)
01:34:22 PR 91372  (5869 of 14166)
01:34:24 PR 91371  (5870 of 14166)
01:34:27 PR 91370  (5871 of 14166)
01:34:30 PR 91369  (5872 of 14166)
01:34:33 PR 91368  (5873 of 14166)
01:34:36 PR 91367  (5874 of 14166)
01:34:39 PR 91366  (5875 of 14166)
01:34:40 PR 91365  (5876 of 14166)
01:34:42 PR 91363  (5877 of 14166)
01:34:45 PR 91362  (5878 of 14166)
01:34:46 PR 91361  (5879 of 14166)
01:34:49 PR 91359  (5880 of 14166)
01:34:51 PR 91356  (5881 of 14166)
01:34:54 PR 91355  (5882 of 14166)
01:34:56 PR 91354  (5883 of 14166)
01:34:58 PR 91353  (5884 of 14166)
01:35:00 PR 91352  (5885 of 14166)
01:35:02 PR 91351  (5886 of 14166)
01:35:05 PR 91350  (5887 of 14166)
01:35:07 PR 91349  (5888 of 14166)
01:35:10 PR 91348  (5889 of 14166)
01:35:12 PR 91347  (5890 of 14166)
01:35:14 PR 91346  (5891 of 14166)
01:35:15 PR 91345  (5892 of 14166)
01:35:18 PR 91343  (5893 of 14166)
01:35:20 PR 91342  (5894 of 14166)
01:35:22 PR 91341  (5895 of 14166)
01:35:24 PR 91340  (5896 of 14166)
01:35:26 PR 91339  (5897 of 14166)
01:35:29 PR 91338  (5898 of 14166)
01:35:31 PR 91336  (5899 of 14166)
01:35:33 PR 91335  (5900 of 14166)
01:35:36 PR 91334  (5901 of 14166)
01:35:38 PR 91333  (5902 of 14166)
01:35:40 PR 91332  (5903 of 14166)
01:35:42 PR 91331  (5904 of 14166)
01:35:45 PR 91330  (5905 of 14166)
01:35:47 PR 91329  (5906 of 14166)
01:35:49 PR 91328  (5907 of 14166)
01:35:51 PR 91327  (5908 of 14166)
01:35:53 PR 91326  (5909 of 14166)
01:35:55 PR 91325  (5910 of 14166)
01:35:57 PR 91324  (5911 of 14166)
01:35:59 PR 91321  (5912 of 14166)
01:36:01 PR 91320  (5913 of 14166)
01:36:04 PR 91319  (5914 of 14166)
01:36:06 PR 91318  (5915 of 14166)
01:36:08 PR 91316  (5916 of 14166)
01:36:10 PR 91314  (5917 of 14166)
01:36:12 PR 91313  (5918 of 14166)
01:36:15 PR 91312  (5919 of 14166)
01:36:17 PR 91311  (5920 of 14166)
01:36:19 PR 91310  (5921 of 14166)
01:36:21 PR 91309  (5922 of 14166)
01:36:23 PR 91308  (5923 of 14166)
01:36:25 PR 91306  (5924 of 14166)
01:36:27 PR 91305  (5925 of 14166)
01:36:29 PR 91304  (5926 of 14166)
01:36:32 PR 91303  (5927 of 14166)
01:36:34 PR 91302  (5928 of 14166)
01:36:36 PR 91301  (5929 of 14166)
01:36:38 PR 91300  (5930 of 14166)
01:36:40 PR 91299  (5931 of 14166)
01:36:43 PR 91298  (5932 of 14166)
01:36:46 PR 91297  (5933 of 14166)
01:36:48 PR 91296  (5934 of 14166)
01:36:50 PR 91295  (5935 of 14166)
01:36:52 PR 91294  (5936 of 14166)
01:36:54 PR 91293  (5937 of 14166)
01:36:57 PR 91292  (5938 of 14166)
01:36:59 PR 91291  (5939 of 14166)
01:37:02 PR 91290  (5940 of 14166)
01:37:04 PR 91289  (5941 of 14166)
01:37:06 PR 91288  (5942 of 14166)
01:37:08 PR 91287  (5943 of 14166)
01:37:10 PR 91286  (5944 of 14166)
01:37:12 PR 91285  (5945 of 14166)
01:37:15 PR 91284  (5946 of 14166)
01:37:17 PR 91283  (5947 of 14166)
01:37:19 PR 91282  (5948 of 14166)
01:37:21 PR 91281  (5949 of 14166)
01:37:23 PR 91280  (5950 of 14166)
01:37:25 PR 91279  (5951 of 14166)
01:37:27 PR 91278  (5952 of 14166)
01:37:29 PR 91277  (5953 of 14166)
01:37:31 PR 91276  (5954 of 14166)
01:37:33 PR 91274  (5955 of 14166)
01:37:36 PR 91273  (5956 of 14166)
01:37:38 PR 91272  (5957 of 14166)
01:37:40 PR 91271  (5958 of 14166)
01:37:42 PR 91270  (5959 of 14166)
01:37:45 PR 91268  (5960 of 14166)
01:37:47 PR 91266  (5961 of 14166)
01:37:50 PR 91265  (5962 of 14166)
01:37:52 PR 91264  (5963 of 14166)
01:37:54 PR 91263  (5964 of 14166)
01:37:56 PR 91262  (5965 of 14166)
01:37:59 PR 91261  (5966 of 14166)
01:38:01 PR 91260  (5967 of 14166)
01:38:04 PR 91258  (5968 of 14166)
01:38:06 PR 91256  (5969 of 14166)
01:38:09 PR 91255  (5970 of 14166)
01:38:12 PR 91254  (5971 of 14166)
01:38:13 PR 91253  (5972 of 14166)
01:38:15 PR 91251  (5973 of 14166)
01:38:18 PR 91250  (5974 of 14166)
01:38:20 PR 91249  (5975 of 14166)
01:38:22 PR 91248  (5976 of 14166)
01:38:24 PR 91247  (5977 of 14166)
01:38:26 PR 91246  (5978 of 14166)
01:38:28 PR 91245  (5979 of 14166)
01:38:30 PR 91239  (5980 of 14166)
01:38:33 PR 91238  (5981 of 14166)
01:38:35 PR 91237  (5982 of 14166)
01:38:38 PR 91236  (5983 of 14166)
01:38:40 PR 91235  (5984 of 14166)
01:38:42 PR 91234  (5985 of 14166)
01:38:45 PR 91233  (5986 of 14166)
01:38:47 PR 91232  (5987 of 14166)
01:38:49 PR 91231  (5988 of 14166)
01:38:52 PR 91230  (5989 of 14166)
01:38:54 PR 91228  (5990 of 14166)
01:38:56 PR 91227  (5991 of 14166)
01:38:59 PR 91225  (5992 of 14166)
01:39:01 PR 91224  (5993 of 14166)
01:39:04 PR 91223  (5994 of 14166)
01:39:07 PR 91221  (5995 of 14166)
01:39:09 PR 91220  (5996 of 14166)
01:39:11 PR 91219  (5997 of 14166)
01:39:13 PR 91218  (5998 of 14166)
01:39:17 PR 91217  (5999 of 14166)
01:39:19 PR 91215  (6000 of 14166)
01:39:23 PR 91214  (6001 of 14166)
01:39:25 PR 91213  (6002 of 14166)
01:39:27 PR 91212  (6003 of 14166)
01:39:29 PR 91210  (6004 of 14166)
01:39:31 PR 91209  (6005 of 14166)
01:39:33 PR 91207  (6006 of 14166)
01:39:36 PR 91206  (6007 of 14166)
01:39:38 PR 91205  (6008 of 14166)
01:39:41 PR 91204  (6009 of 14166)
01:39:43 PR 91203  (6010 of 14166)
01:39:46 PR 91202  (6011 of 14166)
01:39:48 PR 91201  (6012 of 14166)
01:39:51 PR 91200  (6013 of 14166)
01:39:53 PR 91198  (6014 of 14166)
01:39:55 PR 91197  (6015 of 14166)
01:39:57 PR 91196  (6016 of 14166)
01:39:59 PR 91195  (6017 of 14166)
01:40:01 PR 91194  (6018 of 14166)
01:40:03 PR 91193  (6019 of 14166)
01:40:06 PR 91191  (6020 of 14166)
01:40:08 PR 91190  (6021 of 14166)
01:40:11 PR 91189  (6022 of 14166)
01:40:14 PR 91187  (6023 of 14166)
01:40:17 PR 91186  (6024 of 14166)
01:40:19 PR 91185  (6025 of 14166)
01:40:21 PR 91184  (6026 of 14166)
01:40:23 PR 91183  (6027 of 14166)
01:40:25 PR 91181  (6028 of 14166)
01:40:27 PR 91180  (6029 of 14166)
01:40:29 PR 91179  (6030 of 14166)
01:40:31 PR 91178  (6031 of 14166)
01:40:33 PR 91177  (6032 of 14166)
01:40:35 PR 91176  (6033 of 14166)
01:40:37 PR 91175  (6034 of 14166)
01:40:39 PR 91174  (6035 of 14166)
01:40:41 PR 91173  (6036 of 14166)
01:40:44 PR 91171  (6037 of 14166)
01:40:46 PR 91170  (6038 of 14166)
01:40:49 PR 91169  (6039 of 14166)
01:40:52 PR 91168  (6040 of 14166)
01:40:54 PR 91167  (6041 of 14166)
01:40:56 PR 91165  (6042 of 14166)
01:40:58 PR 91162  (6043 of 14166)
01:41:00 PR 91161  (6044 of 14166)
01:41:02 PR 91158  (6045 of 14166)
01:41:04 PR 91157  (6046 of 14166)
01:41:07 PR 91153  (6047 of 14166)
01:41:09 PR 91152  (6048 of 14166)
01:41:11 PR 91150  (6049 of 14166)
01:41:12 PR 91148  (6050 of 14166)
01:41:14 PR 91147  (6051 of 14166)
01:41:17 PR 91146  (6052 of 14166)
01:41:19 PR 91145  (6053 of 14166)
01:41:21 PR 91144  (6054 of 14166)
01:41:23 PR 91143  (6055 of 14166)
01:41:25 PR 91142  (6056 of 14166)
01:41:27 PR 91139  (6057 of 14166)
01:41:29 PR 91137  (6058 of 14166)
01:41:32 PR 91136  (6059 of 14166)
01:41:33 PR 91135  (6060 of 14166)
01:41:35 PR 91133  (6061 of 14166)
01:41:37 PR 91132  (6062 of 14166)
01:41:40 PR 91131  (6063 of 14166)
01:41:42 PR 91129  (6064 of 14166)
01:41:43 PR 91128  (6065 of 14166)
01:41:45 PR 91126  (6066 of 14166)
01:41:47 PR 91125  (6067 of 14166)
01:41:49 PR 91124  (6068 of 14166)
01:41:51 PR 91123  (6069 of 14166)
01:41:53 PR 91122  (6070 of 14166)
01:41:55 PR 91121  (6071 of 14166)
01:41:57 PR 91120  (6072 of 14166)
01:42:00 PR 91119  (6073 of 14166)
01:42:02 PR 91117  (6074 of 14166)
01:42:04 PR 91116  (6075 of 14166)
01:42:06 PR 91115  (6076 of 14166)
01:42:09 PR 91114  (6077 of 14166)
01:42:12 PR 91113  (6078 of 14166)
01:42:14 PR 91111  (6079 of 14166)
01:42:16 PR 91110  (6080 of 14166)
01:42:19 PR 91109  (6081 of 14166)
01:42:21 PR 91108  (6082 of 14166)
01:42:23 PR 91107  (6083 of 14166)
01:42:25 PR 91106  (6084 of 14166)
01:42:28 PR 91105  (6085 of 14166)
01:42:30 PR 91102  (6086 of 14166)
01:42:32 PR 91101  (6087 of 14166)
01:42:34 PR 91100  (6088 of 14166)
01:42:36 PR 91099  (6089 of 14166)
01:42:39 PR 91098  (6090 of 14166)
01:42:41 PR 91097  (6091 of 14166)
04:06:34 starting - 6091 PRs already saved, skipping those
04:06:34 reusing cached list of 14166 PR numbers
04:06:41 PR 91096  (6092 of 14166)
04:06:44 PR 91094  (6093 of 14166)
04:06:46 PR 91093  (6094 of 14166)
04:06:48 PR 91092  (6095 of 14166)
04:06:50 PR 91091  (6096 of 14166)
04:06:52 PR 91087  (6097 of 14166)
04:06:54 PR 91086  (6098 of 14166)
04:06:56 PR 91084  (6099 of 14166)
04:06:59 PR 91083  (6100 of 14166)
04:07:01 PR 91082  (6101 of 14166)
04:07:03 PR 91081  (6102 of 14166)
04:07:07 PR 91080  (6103 of 14166)
04:07:09 PR 91079  (6104 of 14166)
04:07:11 PR 91078  (6105 of 14166)
04:07:13 PR 91077  (6106 of 14166)
04:07:16 PR 91076  (6107 of 14166)
04:07:18 PR 91074  (6108 of 14166)
04:07:20 PR 91073  (6109 of 14166)
04:07:24 PR 91072  (6110 of 14166)
04:07:26 PR 91071  (6111 of 14166)
04:07:28 PR 91068  (6112 of 14166)
04:07:30 PR 91066  (6113 of 14166)
04:07:34 PR 91065  (6114 of 14166)
04:07:36 PR 91064  (6115 of 14166)
04:07:38 PR 91062  (6116 of 14166)
04:07:40 PR 91059  (6117 of 14166)
04:07:43 PR 91057  (6118 of 14166)
04:07:45 PR 91056  (6119 of 14166)
04:07:48 PR 91055  (6120 of 14166)
04:07:51 PR 91053  (6121 of 14166)
04:07:53 PR 91052  (6122 of 14166)
04:07:55 PR 91051  (6123 of 14166)
04:07:57 PR 91050  (6124 of 14166)
04:07:59 PR 91049  (6125 of 14166)
04:08:02 PR 91048  (6126 of 14166)
04:08:04 PR 91046  (6127 of 14166)
04:08:06 PR 91044  (6128 of 14166)
04:08:07 PR 91043  (6129 of 14166)
04:08:10 PR 91041  (6130 of 14166)
04:08:13 PR 91040  (6131 of 14166)
04:08:15 PR 91038  (6132 of 14166)
04:08:17 PR 91037  (6133 of 14166)
04:08:19 PR 91034  (6134 of 14166)
04:08:21 PR 91033  (6135 of 14166)
04:08:24 PR 91031  (6136 of 14166)
04:08:26 PR 91030  (6137 of 14166)
04:08:28 PR 91029  (6138 of 14166)
04:08:32 PR 91028  (6139 of 14166)
04:08:34 PR 91027  (6140 of 14166)
04:08:36 PR 91026  (6141 of 14166)
04:08:38 PR 91025  (6142 of 14166)
04:08:41 PR 91024  (6143 of 14166)
04:08:43 PR 91023  (6144 of 14166)
04:08:45 PR 91018  (6145 of 14166)
04:08:47 PR 91017  (6146 of 14166)
04:08:50 PR 91016  (6147 of 14166)
04:08:52 PR 91014  (6148 of 14166)
04:08:55 PR 91013  (6149 of 14166)
04:08:57 PR 91012  (6150 of 14166)
04:08:59 PR 91011  (6151 of 14166)
04:09:02 PR 91009  (6152 of 14166)
04:09:05 PR 91008  (6153 of 14166)
04:09:07 PR 91006  (6154 of 14166)
04:09:10 PR 91005  (6155 of 14166)
04:09:12 PR 91004  (6156 of 14166)
04:09:14 PR 91003  (6157 of 14166)
04:09:17 PR 91002  (6158 of 14166)
04:09:19 PR 91001  (6159 of 14166)
04:09:21 PR 90998  (6160 of 14166)
04:09:23 PR 90997  (6161 of 14166)
04:09:27 PR 90995  (6162 of 14166)
04:09:30 PR 90993  (6163 of 14166)
04:09:33 PR 90992  (6164 of 14166)
04:09:35 PR 90991  (6165 of 14166)
04:09:37 PR 90990  (6166 of 14166)
04:09:39 PR 90987  (6167 of 14166)
04:09:42 PR 90986  (6168 of 14166)
04:09:45 PR 90985  (6169 of 14166)
04:09:47 PR 90984  (6170 of 14166)
04:09:49 PR 90983  (6171 of 14166)
04:09:51 PR 90982  (6172 of 14166)
04:09:54 PR 90981  (6173 of 14166)
04:09:56 PR 90980  (6174 of 14166)
04:09:58 PR 90978  (6175 of 14166)
04:10:00 PR 90976  (6176 of 14166)
04:10:04 PR 90975  (6177 of 14166)
04:10:06 PR 90974  (6178 of 14166)
04:10:08 PR 90973  (6179 of 14166)
04:10:11 PR 90972  (6180 of 14166)
04:10:13 PR 90971  (6181 of 14166)
04:10:15 PR 90970  (6182 of 14166)
04:10:17 PR 90969  (6183 of 14166)
04:10:19 PR 90968  (6184 of 14166)
04:10:21 PR 90967  (6185 of 14166)
04:10:23 PR 90966  (6186 of 14166)
04:10:26 PR 90965  (6187 of 14166)
04:10:28 PR 90964  (6188 of 14166)
04:10:30 PR 90963  (6189 of 14166)
04:10:32 PR 90962  (6190 of 14166)
04:10:34 PR 90961  (6191 of 14166)
04:10:36 PR 90960  (6192 of 14166)
04:10:38 PR 90959  (6193 of 14166)
04:10:40 PR 90958  (6194 of 14166)
04:10:43 PR 90957  (6195 of 14166)
04:10:44 PR 90956  (6196 of 14166)
04:10:47 PR 90955  (6197 of 14166)
04:10:50 PR 90954  (6198 of 14166)
04:10:52 PR 90953  (6199 of 14166)
04:10:53 PR 90952  (6200 of 14166)
04:10:56 PR 90951  (6201 of 14166)
04:10:58 PR 90950  (6202 of 14166)
04:11:00 PR 90949  (6203 of 14166)
04:11:02 PR 90948  (6204 of 14166)
04:11:04 PR 90947  (6205 of 14166)
04:11:07 PR 90946  (6206 of 14166)
04:11:10 PR 90945  (6207 of 14166)
04:11:13 PR 90944  (6208 of 14166)
04:11:15 PR 90943  (6209 of 14166)
04:11:17 PR 90941  (6210 of 14166)
04:11:19 PR 90940  (6211 of 14166)
04:11:21 PR 90939  (6212 of 14166)
04:11:23 PR 90938  (6213 of 14166)
04:11:25 PR 90937  (6214 of 14166)
04:11:28 PR 90934  (6215 of 14166)
04:11:30 PR 90933  (6216 of 14166)
04:11:33 PR 90932  (6217 of 14166)
04:11:35 PR 90931  (6218 of 14166)
04:11:37 PR 90929  (6219 of 14166)
04:11:39 PR 90928  (6220 of 14166)
04:11:41 PR 90927  (6221 of 14166)
04:11:43 PR 90925  (6222 of 14166)
04:11:45 PR 90924  (6223 of 14166)
04:11:48 PR 90923  (6224 of 14166)
04:11:50 PR 90922  (6225 of 14166)
04:11:52 PR 90921  (6226 of 14166)
04:11:54 PR 92424  (6227 of 14166)
04:11:56 PR 92423  (6228 of 14166)
04:11:58 PR 92422  (6229 of 14166)
04:12:01 PR 92421  (6230 of 14166)
04:12:03 PR 92420  (6231 of 14166)
04:12:05 PR 92419  (6232 of 14166)
04:12:07 PR 92418  (6233 of 14166)
04:12:09 PR 92416  (6234 of 14166)
04:12:11 PR 92415  (6235 of 14166)
04:12:14 PR 92414  (6236 of 14166)
04:12:16 PR 92412  (6237 of 14166)
04:12:18 PR 92411  (6238 of 14166)
04:12:20 PR 92410  (6239 of 14166)
04:12:23 PR 92409  (6240 of 14166)
04:12:26 PR 92408  (6241 of 14166)
04:12:29 PR 92406  (6242 of 14166)
04:12:33 PR 92405  (6243 of 14166)
04:12:35 PR 92404  (6244 of 14166)
04:12:37 PR 92403  (6245 of 14166)
04:12:39 PR 92402  (6246 of 14166)
04:12:42 PR 92401  (6247 of 14166)
04:12:44 PR 92400  (6248 of 14166)
04:12:46 PR 92398  (6249 of 14166)
04:12:48 PR 92396  (6250 of 14166)
04:12:50 PR 92392  (6251 of 14166)
04:12:52 PR 92390  (6252 of 14166)
04:12:55 PR 92389  (6253 of 14166)
04:12:57 PR 92386  (6254 of 14166)
04:12:59 PR 92384  (6255 of 14166)
04:13:01 PR 92382  (6256 of 14166)
04:13:04 PR 92381  (6257 of 14166)
04:13:06 PR 92379  (6258 of 14166)
04:13:09 PR 92378  (6259 of 14166)
04:13:11 PR 92375  (6260 of 14166)
04:13:13 PR 92374  (6261 of 14166)
04:13:15 PR 92373  (6262 of 14166)
04:13:18 PR 92372  (6263 of 14166)
04:13:20 PR 92371  (6264 of 14166)
04:13:23 PR 92370  (6265 of 14166)
04:13:25 PR 92369  (6266 of 14166)
04:13:27 PR 92368  (6267 of 14166)
04:13:29 PR 92367  (6268 of 14166)
04:13:32 PR 92366  (6269 of 14166)
04:13:34 PR 92365  (6270 of 14166)
04:13:36 PR 92364  (6271 of 14166)
04:13:38 PR 92363  (6272 of 14166)
04:13:40 PR 92362  (6273 of 14166)
04:13:42 PR 92361  (6274 of 14166)
04:13:44 PR 92360  (6275 of 14166)
04:13:46 PR 92359  (6276 of 14166)
04:13:48 PR 92358  (6277 of 14166)
04:13:51 PR 92355  (6278 of 14166)
04:13:55 PR 92353  (6279 of 14166)
04:13:58 PR 92350  (6280 of 14166)
04:14:00 PR 92348  (6281 of 14166)
04:14:02 PR 92347  (6282 of 14166)
04:14:05 PR 92346  (6283 of 14166)
04:14:07 PR 92345  (6284 of 14166)
04:14:09 PR 92344  (6285 of 14166)
04:14:11 PR 92341  (6286 of 14166)
04:14:13 PR 92340  (6287 of 14166)
04:14:15 PR 92339  (6288 of 14166)
04:14:17 PR 92338  (6289 of 14166)
04:14:19 PR 92337  (6290 of 14166)
04:14:21 PR 92336  (6291 of 14166)
04:14:23 PR 92335  (6292 of 14166)
04:14:26 PR 92334  (6293 of 14166)
04:14:28 PR 92333  (6294 of 14166)
04:14:30 PR 92331  (6295 of 14166)
04:14:34 PR 92330  (6296 of 14166)
04:14:36 PR 92329  (6297 of 14166)
04:14:38 PR 92328  (6298 of 14166)
04:14:41 PR 92327  (6299 of 14166)
04:14:44 PR 92325  (6300 of 14166)
04:14:46 PR 92323  (6301 of 14166)
04:14:48 PR 92322  (6302 of 14166)
04:14:50 PR 92321  (6303 of 14166)
04:14:53 PR 92320  (6304 of 14166)
04:14:57 PR 92319  (6305 of 14166)
04:14:59 PR 92318  (6306 of 14166)
04:15:02 PR 92317  (6307 of 14166)
04:15:05 PR 92316  (6308 of 14166)
04:15:08 PR 92315  (6309 of 14166)
04:15:11 PR 92314  (6310 of 14166)
04:15:13 PR 92313  (6311 of 14166)
04:15:16 PR 92311  (6312 of 14166)
04:15:18 PR 92310  (6313 of 14166)
04:15:20 PR 92309  (6314 of 14166)
04:15:22 PR 92307  (6315 of 14166)
04:15:24 PR 92306  (6316 of 14166)
04:15:26 PR 92305  (6317 of 14166)
04:15:30 PR 92304  (6318 of 14166)
04:15:32 PR 92302  (6319 of 14166)
04:15:34 PR 92301  (6320 of 14166)
04:15:36 PR 92297  (6321 of 14166)
04:15:38 PR 92296  (6322 of 14166)
04:15:40 PR 92295  (6323 of 14166)
04:15:42 PR 92294  (6324 of 14166)
04:15:45 PR 92293  (6325 of 14166)
04:15:47 PR 92292  (6326 of 14166)
04:15:49 PR 92291  (6327 of 14166)
04:15:51 PR 92290  (6328 of 14166)
04:15:54 PR 92289  (6329 of 14166)
04:15:56 PR 92287  (6330 of 14166)
04:15:58 PR 92284  (6331 of 14166)
04:16:00 PR 92283  (6332 of 14166)
04:16:02 PR 92280  (6333 of 14166)
04:16:05 PR 92279  (6334 of 14166)
04:16:06 PR 92277  (6335 of 14166)
04:16:09 PR 92276  (6336 of 14166)
04:16:11 PR 92275  (6337 of 14166)
04:16:13 PR 92274  (6338 of 14166)
04:16:15 PR 92273  (6339 of 14166)
04:16:18 PR 92272  (6340 of 14166)
04:16:20 PR 92271  (6341 of 14166)
04:16:23 PR 92270  (6342 of 14166)
04:16:26 PR 92269  (6343 of 14166)
04:16:28 PR 92268  (6344 of 14166)
04:16:30 PR 92266  (6345 of 14166)
04:16:33 PR 92264  (6346 of 14166)
04:16:35 PR 92263  (6347 of 14166)
04:16:37 PR 92262  (6348 of 14166)
04:16:40 PR 92261  (6349 of 14166)
04:16:42 PR 92260  (6350 of 14166)
04:16:44 PR 92259  (6351 of 14166)
04:16:47 PR 92258  (6352 of 14166)
04:16:50 PR 92257  (6353 of 14166)
04:16:52 PR 92256  (6354 of 14166)
04:16:55 PR 92255  (6355 of 14166)
04:16:57 PR 92254  (6356 of 14166)
04:16:59 PR 92253  (6357 of 14166)
04:17:02 PR 92252  (6358 of 14166)
04:17:04 PR 92251  (6359 of 14166)
04:17:06 PR 92250  (6360 of 14166)
04:17:09 PR 92249  (6361 of 14166)
04:17:11 PR 92248  (6362 of 14166)
04:17:13 PR 92247  (6363 of 14166)
04:17:15 PR 92246  (6364 of 14166)
04:17:17 PR 92245  (6365 of 14166)
04:17:19 PR 92244  (6366 of 14166)
04:17:21 PR 92242  (6367 of 14166)
04:17:23 PR 92241  (6368 of 14166)
04:17:25 PR 92239  (6369 of 14166)
04:17:27 PR 92238  (6370 of 14166)
04:17:29 PR 92236  (6371 of 14166)
04:17:31 PR 92234  (6372 of 14166)
04:17:33 PR 92233  (6373 of 14166)
04:17:36 PR 92230  (6374 of 14166)
04:17:39 PR 92229  (6375 of 14166)
04:17:41 PR 92227  (6376 of 14166)
04:17:43 PR 92226  (6377 of 14166)
04:17:46 PR 92225  (6378 of 14166)
04:17:48 PR 92223  (6379 of 14166)
04:17:50 PR 92222  (6380 of 14166)
04:17:53 PR 92221  (6381 of 14166)
04:17:55 PR 92220  (6382 of 14166)
04:17:57 PR 92219  (6383 of 14166)
04:17:59 PR 92218  (6384 of 14166)
04:18:02 PR 92217  (6385 of 14166)
04:18:04 PR 92216  (6386 of 14166)
04:18:06 PR 92215  (6387 of 14166)
04:18:08 PR 92214  (6388 of 14166)
04:18:10 PR 92211  (6389 of 14166)
04:18:12 PR 92210  (6390 of 14166)
04:18:14 PR 92209  (6391 of 14166)
04:18:17 PR 92208  (6392 of 14166)
04:18:19 PR 92207  (6393 of 14166)
04:18:21 PR 92206  (6394 of 14166)
04:18:23 PR 92203  (6395 of 14166)
04:18:25 PR 92202  (6396 of 14166)
04:18:28 PR 92201  (6397 of 14166)
04:18:30 PR 92199  (6398 of 14166)
04:18:32 PR 92197  (6399 of 14166)
04:18:34 PR 92195  (6400 of 14166)
04:18:36 PR 92192  (6401 of 14166)
04:18:38 PR 92191  (6402 of 14166)
04:18:40 PR 92190  (6403 of 14166)
04:18:43 PR 92188  (6404 of 14166)
04:18:46 PR 92186  (6405 of 14166)
04:18:49 PR 92185  (6406 of 14166)
04:18:51 PR 92184  (6407 of 14166)
04:18:54 PR 92182  (6408 of 14166)
04:18:56 PR 92181  (6409 of 14166)
04:18:58 PR 92180  (6410 of 14166)
04:19:00 PR 92179  (6411 of 14166)
04:19:03 PR 92177  (6412 of 14166)
04:19:06 PR 92176  (6413 of 14166)
04:19:08 PR 92175  (6414 of 14166)
04:19:11 PR 92172  (6415 of 14166)
04:19:13 PR 92171  (6416 of 14166)
04:19:16 PR 92170  (6417 of 14166)
04:19:17 PR 92169  (6418 of 14166)
04:19:20 PR 92167  (6419 of 14166)
04:19:22 PR 92166  (6420 of 14166)
04:19:24 PR 92165  (6421 of 14166)
04:19:26 PR 92164  (6422 of 14166)
04:19:28 PR 92162  (6423 of 14166)
04:19:30 PR 92161  (6424 of 14166)
04:19:32 PR 92160  (6425 of 14166)
04:19:35 PR 92156  (6426 of 14166)
04:19:38 PR 92155  (6427 of 14166)
04:19:40 PR 92154  (6428 of 14166)
04:19:42 PR 92152  (6429 of 14166)
04:19:44 PR 92151  (6430 of 14166)
04:19:46 PR 92148  (6431 of 14166)
04:19:49 PR 92147  (6432 of 14166)
04:19:52 PR 92146  (6433 of 14166)
04:19:54 PR 92145  (6434 of 14166)
04:19:57 PR 92144  (6435 of 14166)
04:19:59 PR 92143  (6436 of 14166)
04:20:01 PR 92141  (6437 of 14166)
04:20:03 PR 92140  (6438 of 14166)
04:20:05 PR 92139  (6439 of 14166)
04:20:07 PR 92137  (6440 of 14166)
04:20:09 PR 92136  (6441 of 14166)
04:20:11 PR 92135  (6442 of 14166)
04:20:13 PR 92134  (6443 of 14166)
04:20:15 PR 92133  (6444 of 14166)
04:20:17 PR 92132  (6445 of 14166)
04:20:19 PR 92131  (6446 of 14166)
04:20:22 PR 92130  (6447 of 14166)
04:20:24 PR 92128  (6448 of 14166)
04:20:26 PR 92127  (6449 of 14166)
04:20:29 PR 92126  (6450 of 14166)
04:20:30 PR 92125  (6451 of 14166)
04:20:32 PR 92124  (6452 of 14166)
04:20:34 PR 92122  (6453 of 14166)
04:20:37 PR 92121  (6454 of 14166)
04:20:38 PR 92120  (6455 of 14166)
04:20:41 PR 92119  (6456 of 14166)
04:20:43 PR 92118  (6457 of 14166)
04:20:46 PR 92117  (6458 of 14166)
04:20:48 PR 92116  (6459 of 14166)
04:20:50 PR 92115  (6460 of 14166)
04:20:52 PR 92114  (6461 of 14166)
04:20:56 PR 92113  (6462 of 14166)
04:20:58 PR 92112  (6463 of 14166)
04:21:00 PR 92111  (6464 of 14166)
04:21:03 PR 92110  (6465 of 14166)
04:21:05 PR 92109  (6466 of 14166)
04:21:08 PR 92108  (6467 of 14166)
04:21:10 PR 92107  (6468 of 14166)
04:21:13 PR 92106  (6469 of 14166)
04:21:15 PR 92105  (6470 of 14166)
04:21:17 PR 92104  (6471 of 14166)
04:21:19 PR 92102  (6472 of 14166)
04:21:21 PR 92101  (6473 of 14166)
04:21:24 PR 92100  (6474 of 14166)
04:21:26 PR 92099  (6475 of 14166)
04:21:29 PR 92097  (6476 of 14166)
04:21:31 PR 92096  (6477 of 14166)
04:21:34 PR 92095  (6478 of 14166)
04:21:36 PR 92094  (6479 of 14166)
04:21:38 PR 92093  (6480 of 14166)
04:21:40 PR 92092  (6481 of 14166)
04:21:44 PR 92091  (6482 of 14166)
04:21:47 PR 92090  (6483 of 14166)
14:21:12 starting - 6483 PRs already saved, skipping those
14:21:12 reusing cached list of 14166 PR numbers
14:21:14 PR 92089  (6484 of 14166)
14:21:17 PR 92088  (6485 of 14166)
14:21:19 PR 92087  (6486 of 14166)
14:21:22 PR 92086  (6487 of 14166)
14:21:25 PR 92085  (6488 of 14166)
14:21:27 PR 92083  (6489 of 14166)
14:21:30 PR 92081  (6490 of 14166)
14:21:33 PR 92080  (6491 of 14166)
14:21:34 PR 92079  (6492 of 14166)
14:21:37 PR 92077  (6493 of 14166)
14:21:39 PR 92076  (6494 of 14166)
14:21:41 PR 92075  (6495 of 14166)
14:21:44 PR 92074  (6496 of 14166)
14:21:46 PR 92073  (6497 of 14166)
14:21:49 PR 92072  (6498 of 14166)
14:21:54 PR 92070  (6499 of 14166)
14:21:57 PR 92069  (6500 of 14166)
14:21:59 PR 92068  (6501 of 14166)
14:22:02 PR 92067  (6502 of 14166)
14:22:04 PR 92064  (6503 of 14166)
14:22:07 PR 92062  (6504 of 14166)
14:22:09 PR 92060  (6505 of 14166)
14:22:12 PR 92058  (6506 of 14166)
14:22:15 PR 92057  (6507 of 14166)
14:22:17 PR 92056  (6508 of 14166)
14:22:20 PR 92055  (6509 of 14166)
14:22:24 PR 92054  (6510 of 14166)
14:22:27 PR 92053  (6511 of 14166)
14:22:29 PR 92052  (6512 of 14166)
14:22:32 PR 92050  (6513 of 14166)
14:22:35 PR 92049  (6514 of 14166)
14:22:39 PR 92048  (6515 of 14166)
14:22:41 PR 92047  (6516 of 14166)
14:22:44 PR 92046  (6517 of 14166)
14:22:46 PR 92045  (6518 of 14166)
14:22:51 PR 92044  (6519 of 14166)
14:22:54 PR 92043  (6520 of 14166)
14:22:56 PR 92042  (6521 of 14166)
14:22:59 PR 92041  (6522 of 14166)
14:23:02 PR 92040  (6523 of 14166)
14:23:05 PR 92039  (6524 of 14166)
14:23:07 PR 92038  (6525 of 14166)
14:23:09 PR 92036  (6526 of 14166)
14:23:12 PR 92034  (6527 of 14166)
14:23:15 PR 92033  (6528 of 14166)
14:23:17 PR 92032  (6529 of 14166)
14:23:20 PR 92030  (6530 of 14166)
14:23:22 PR 92029  (6531 of 14166)
14:23:24 PR 92028  (6532 of 14166)
14:23:27 PR 92027  (6533 of 14166)
14:23:29 PR 92026  (6534 of 14166)
14:23:32 PR 92025  (6535 of 14166)
14:23:35 PR 92024  (6536 of 14166)
14:23:37 PR 92022  (6537 of 14166)
14:23:39 PR 92020  (6538 of 14166)
14:23:42 PR 92018  (6539 of 14166)
14:23:44 PR 92017  (6540 of 14166)
14:23:46 PR 92016  (6541 of 14166)
14:23:49 PR 92014  (6542 of 14166)
14:23:52 PR 92013  (6543 of 14166)
14:23:55 PR 92011  (6544 of 14166)
14:23:58 PR 92010  (6545 of 14166)
14:24:00 PR 92009  (6546 of 14166)
14:24:02 PR 92008  (6547 of 14166)
14:24:05 PR 92007  (6548 of 14166)
14:24:08 PR 92006  (6549 of 14166)
14:24:11 PR 92005  (6550 of 14166)
14:24:13 PR 92002  (6551 of 14166)
14:24:15 PR 92000  (6552 of 14166)
14:24:18 PR 91999  (6553 of 14166)
14:24:20 PR 91997  (6554 of 14166)
14:24:22 PR 91996  (6555 of 14166)
14:24:24 PR 91995  (6556 of 14166)
14:24:27 PR 91994  (6557 of 14166)
14:24:31 PR 91993  (6558 of 14166)
14:24:34 PR 91992  (6559 of 14166)
14:45:51 starting - 6559 PRs already saved, skipping those
14:45:51 reusing cached list of 14166 PR numbers
14:45:54 PR 91991  (6560 of 14166)
14:45:56 PR 91990  (6561 of 14166)
14:45:58 PR 91989  (6562 of 14166)
14:46:01 PR 91988  (6563 of 14166)
14:46:04 PR 91986  (6564 of 14166)
14:46:05 PR 91985  (6565 of 14166)
14:46:08 PR 91983  (6566 of 14166)
14:46:10 PR 91982  (6567 of 14166)
14:46:12 PR 91980  (6568 of 14166)
14:46:15 PR 91979  (6569 of 14166)
14:46:19 PR 91977  (6570 of 14166)
14:46:21 PR 91976  (6571 of 14166)
14:46:23 PR 91975  (6572 of 14166)
14:46:25 PR 91974  (6573 of 14166)
14:46:27 PR 91973  (6574 of 14166)
14:46:29 PR 91972  (6575 of 14166)
14:46:33 PR 91971  (6576 of 14166)
14:46:35 PR 91970  (6577 of 14166)
14:46:37 PR 91967  (6578 of 14166)
14:46:40 PR 91966  (6579 of 14166)
14:46:42 PR 91964  (6580 of 14166)
14:46:44 PR 91963  (6581 of 14166)
14:46:47 PR 91962  (6582 of 14166)
14:46:49 PR 91960  (6583 of 14166)
14:46:51 PR 91957  (6584 of 14166)
14:46:54 PR 91956  (6585 of 14166)
14:46:57 PR 91955  (6586 of 14166)
14:46:59 PR 91954  (6587 of 14166)
14:47:01 PR 91953  (6588 of 14166)
14:47:03 PR 91952  (6589 of 14166)
14:47:06 PR 91951  (6590 of 14166)
14:47:08 PR 91950  (6591 of 14166)
14:47:11 PR 91949  (6592 of 14166)
14:47:13 PR 91948  (6593 of 14166)
14:47:15 PR 91946  (6594 of 14166)
14:47:17 PR 91945  (6595 of 14166)
14:47:20 PR 91944  (6596 of 14166)
14:47:22 PR 91943  (6597 of 14166)
14:47:25 PR 91942  (6598 of 14166)
14:47:27 PR 91941  (6599 of 14166)
14:47:30 PR 91940  (6600 of 14166)
14:47:36 PR 91939  (6601 of 14166)
14:47:38 PR 91938  (6602 of 14166)
14:47:40 PR 91937  (6603 of 14166)
14:47:42 PR 91935  (6604 of 14166)
14:47:44 PR 91934  (6605 of 14166)
14:47:48 PR 91933  (6606 of 14166)
14:47:50 PR 91932  (6607 of 14166)
14:47:52 PR 91931  (6608 of 14166)
14:47:54 PR 91930  (6609 of 14166)
14:47:56 PR 91929  (6610 of 14166)
14:47:59 PR 91928  (6611 of 14166)
14:48:01 PR 91927  (6612 of 14166)
14:48:02 PR 91926  (6613 of 14166)
14:48:04 PR 91925  (6614 of 14166)
14:48:07 PR 91924  (6615 of 14166)
14:48:09 PR 91923  (6616 of 14166)
14:48:11 PR 91922  (6617 of 14166)
14:48:14 PR 91921  (6618 of 14166)
14:48:16 PR 91920  (6619 of 14166)
14:48:18 PR 91918  (6620 of 14166)
14:48:23 PR 91917  (6621 of 14166)
14:48:26 PR 91916  (6622 of 14166)
14:48:28 PR 91915  (6623 of 14166)
14:48:31 PR 91914  (6624 of 14166)
14:48:33 PR 91912  (6625 of 14166)
14:48:35 PR 91911  (6626 of 14166)
14:48:37 PR 91910  (6627 of 14166)
14:48:40 PR 91909  (6628 of 14166)
14:48:43 PR 91908  (6629 of 14166)
14:48:45 PR 91907  (6630 of 14166)
14:48:47 PR 91906  (6631 of 14166)
14:48:49 PR 91905  (6632 of 14166)
14:48:52 PR 91904  (6633 of 14166)
14:48:54 PR 91903  (6634 of 14166)
14:48:56 PR 91902  (6635 of 14166)
14:48:59 PR 91901  (6636 of 14166)
14:49:02 PR 91900  (6637 of 14166)
14:49:03 PR 91899  (6638 of 14166)
14:49:07 PR 91898  (6639 of 14166)
14:49:08 PR 91897  (6640 of 14166)
14:49:10 PR 91896  (6641 of 14166)
14:49:13 PR 91894  (6642 of 14166)
14:49:16 PR 91893  (6643 of 14166)
14:49:18 PR 91892  (6644 of 14166)
14:49:20 PR 91891  (6645 of 14166)
14:49:22 PR 91890  (6646 of 14166)
14:49:24 PR 91889  (6647 of 14166)
14:49:25 PR 91888  (6648 of 14166)
14:49:28 PR 91886  (6649 of 14166)
14:49:30 PR 91885  (6650 of 14166)
14:49:32 PR 91883  (6651 of 14166)
14:49:34 PR 91882  (6652 of 14166)
14:49:36 PR 91881  (6653 of 14166)
14:49:38 PR 91880  (6654 of 14166)
14:49:40 PR 91879  (6655 of 14166)
14:49:44 PR 91878  (6656 of 14166)
14:49:46 PR 91877  (6657 of 14166)
14:49:47 PR 91876  (6658 of 14166)
14:49:49 PR 91875  (6659 of 14166)
14:49:51 PR 91874  (6660 of 14166)
14:49:54 PR 91873  (6661 of 14166)
14:49:56 PR 91872  (6662 of 14166)
14:49:58 PR 91871  (6663 of 14166)
14:50:00 PR 91870  (6664 of 14166)
14:50:02 PR 91869  (6665 of 14166)
14:50:05 PR 91868  (6666 of 14166)
14:50:07 PR 91867  (6667 of 14166)
14:50:09 PR 91866  (6668 of 14166)
14:50:12 PR 91865  (6669 of 14166)
14:50:14 PR 91864  (6670 of 14166)
14:50:16 PR 91863  (6671 of 14166)
14:50:18 PR 91860  (6672 of 14166)
14:50:20 PR 91859  (6673 of 14166)
14:50:22 PR 91858  (6674 of 14166)
14:50:25 PR 91857  (6675 of 14166)
14:50:27 PR 91856  (6676 of 14166)
14:50:29 PR 91855  (6677 of 14166)
14:50:31 PR 91854  (6678 of 14166)
14:50:33 PR 91853  (6679 of 14166)
14:50:35 PR 91852  (6680 of 14166)
14:50:37 PR 91851  (6681 of 14166)
14:50:39 PR 91850  (6682 of 14166)
14:50:42 PR 91849  (6683 of 14166)
14:50:44 PR 91848  (6684 of 14166)
14:50:46 PR 91847  (6685 of 14166)
14:50:48 PR 91846  (6686 of 14166)
14:50:50 PR 91845  (6687 of 14166)
14:50:52 PR 91844  (6688 of 14166)
14:50:54 PR 91843  (6689 of 14166)
14:50:56 PR 91842  (6690 of 14166)
14:50:58 PR 91841  (6691 of 14166)
14:51:00 PR 91840  (6692 of 14166)
14:51:02 PR 91839  (6693 of 14166)
14:51:04 PR 91838  (6694 of 14166)
14:51:07 PR 91837  (6695 of 14166)
14:51:09 PR 91836  (6696 of 14166)
14:51:12 PR 91833  (6697 of 14166)
14:51:15 PR 91832  (6698 of 14166)
14:51:16 PR 91831  (6699 of 14166)
14:51:18 PR 91830  (6700 of 14166)
14:51:21 PR 91829  (6701 of 14166)
14:51:23 PR 91828  (6702 of 14166)
14:51:25 PR 91827  (6703 of 14166)
14:51:28 PR 91826  (6704 of 14166)
14:51:30 PR 91825  (6705 of 14166)
14:51:33 PR 91824  (6706 of 14166)
14:51:35 PR 91823  (6707 of 14166)
14:51:37 PR 91822  (6708 of 14166)
14:51:39 PR 91820  (6709 of 14166)
14:51:41 PR 91818  (6710 of 14166)
14:51:44 PR 91817  (6711 of 14166)
14:51:46 PR 91816  (6712 of 14166)
14:51:48 PR 91815  (6713 of 14166)
14:51:50 PR 91814  (6714 of 14166)
14:51:52 PR 91812  (6715 of 14166)
14:51:55 PR 91811  (6716 of 14166)
14:51:58 PR 91809  (6717 of 14166)
14:52:00 PR 91808  (6718 of 14166)
14:52:02 PR 91806  (6719 of 14166)
14:52:04 PR 91805  (6720 of 14166)
14:52:06 PR 91804  (6721 of 14166)
14:52:09 PR 91803  (6722 of 14166)
14:52:11 PR 91802  (6723 of 14166)
14:52:13 PR 91801  (6724 of 14166)
14:52:15 PR 91800  (6725 of 14166)
14:52:17 PR 91798  (6726 of 14166)
14:52:20 PR 91797  (6727 of 14166)
14:52:24 PR 91796  (6728 of 14166)
14:52:26 PR 91795  (6729 of 14166)
14:52:28 PR 91794  (6730 of 14166)
14:52:30 PR 91793  (6731 of 14166)
14:52:33 PR 91792  (6732 of 14166)
14:52:35 PR 91791  (6733 of 14166)
14:52:37 PR 91789  (6734 of 14166)
14:52:39 PR 91787  (6735 of 14166)
14:52:41 PR 91786  (6736 of 14166)
14:52:43 PR 91784  (6737 of 14166)
14:52:45 PR 91783  (6738 of 14166)
14:52:47 PR 91782  (6739 of 14166)
14:52:49 PR 91781  (6740 of 14166)
14:52:52 PR 91780  (6741 of 14166)
14:52:54 PR 91779  (6742 of 14166)
14:52:57 PR 91776  (6743 of 14166)
14:53:00 PR 91775  (6744 of 14166)
14:53:02 PR 91774  (6745 of 14166)
14:53:05 PR 91773  (6746 of 14166)
14:53:07 PR 91772  (6747 of 14166)
14:53:10 PR 91771  (6748 of 14166)
14:53:12 PR 91770  (6749 of 14166)
14:53:14 PR 91769  (6750 of 14166)
14:53:16 PR 91766  (6751 of 14166)
14:53:18 PR 91765  (6752 of 14166)
14:53:20 PR 91764  (6753 of 14166)
14:53:22 PR 91763  (6754 of 14166)
14:53:24 PR 91762  (6755 of 14166)
14:53:26 PR 91761  (6756 of 14166)
14:53:28 PR 91760  (6757 of 14166)
14:53:30 PR 91759  (6758 of 14166)
14:53:32 PR 91758  (6759 of 14166)
14:53:34 PR 91756  (6760 of 14166)
14:53:36 PR 91755  (6761 of 14166)
14:53:39 PR 91753  (6762 of 14166)
14:53:41 PR 91752  (6763 of 14166)
14:53:45 PR 91751  (6764 of 14166)
14:53:47 PR 91750  (6765 of 14166)
14:53:50 PR 91749  (6766 of 14166)
14:53:52 PR 91748  (6767 of 14166)
14:53:54 PR 91747  (6768 of 14166)
14:53:57 PR 91746  (6769 of 14166)
14:53:59 PR 91745  (6770 of 14166)
14:54:01 PR 91742  (6771 of 14166)
14:54:03 PR 91741  (6772 of 14166)
14:54:06 PR 91740  (6773 of 14166)
14:54:08 PR 91739  (6774 of 14166)
14:54:10 PR 91737  (6775 of 14166)
14:54:12 PR 91736  (6776 of 14166)
14:54:15 PR 91735  (6777 of 14166)
14:54:17 PR 91734  (6778 of 14166)
14:54:19 PR 91733  (6779 of 14166)
14:54:21 PR 91732  (6780 of 14166)
14:54:24 PR 91731  (6781 of 14166)
14:54:26 PR 91730  (6782 of 14166)
14:54:28 PR 91729  (6783 of 14166)
14:54:31 PR 91728  (6784 of 14166)
14:54:33 PR 91727  (6785 of 14166)
14:54:36 PR 91726  (6786 of 14166)
14:54:38 PR 91725  (6787 of 14166)
14:54:41 PR 91724  (6788 of 14166)
14:54:43 PR 91723  (6789 of 14166)
14:54:45 PR 91722  (6790 of 14166)
14:54:47 PR 91721  (6791 of 14166)
14:54:49 PR 91720  (6792 of 14166)
14:54:51 PR 91719  (6793 of 14166)
14:54:53 PR 91718  (6794 of 14166)
14:54:55 PR 91717  (6795 of 14166)
14:54:58 PR 91716  (6796 of 14166)
14:55:00 PR 91715  (6797 of 14166)
14:55:02 PR 91714  (6798 of 14166)
14:55:04 PR 91713  (6799 of 14166)
14:55:06 PR 91712  (6800 of 14166)
14:55:09 PR 91711  (6801 of 14166)
14:55:11 PR 91710  (6802 of 14166)
14:55:13 PR 91709  (6803 of 14166)
14:55:15 PR 91708  (6804 of 14166)
14:55:17 PR 91707  (6805 of 14166)
14:55:19 PR 91706  (6806 of 14166)
14:55:21 PR 91705  (6807 of 14166)
14:55:24 PR 91704  (6808 of 14166)
14:55:26 PR 91703  (6809 of 14166)
14:55:29 PR 91702  (6810 of 14166)
14:55:32 PR 91701  (6811 of 14166)
14:55:34 PR 91700  (6812 of 14166)
14:55:36 PR 91699  (6813 of 14166)
14:55:38 PR 91698  (6814 of 14166)
14:55:41 PR 91697  (6815 of 14166)
14:55:43 PR 91696  (6816 of 14166)
14:55:45 PR 91695  (6817 of 14166)
14:55:47 PR 91694  (6818 of 14166)
14:55:49 PR 91693  (6819 of 14166)
14:55:51 PR 91691  (6820 of 14166)
14:55:54 PR 91690  (6821 of 14166)
14:55:57 PR 91689  (6822 of 14166)
14:56:02 PR 91688  (6823 of 14166)
14:56:04 PR 91687  (6824 of 14166)
14:56:06 PR 91686  (6825 of 14166)
14:56:08 PR 91685  (6826 of 14166)
14:56:10 PR 91684  (6827 of 14166)
14:56:12 PR 91683  (6828 of 14166)
14:56:15 PR 91682  (6829 of 14166)
14:56:18 PR 91680  (6830 of 14166)
14:56:20 PR 91679  (6831 of 14166)
14:56:22 PR 91678  (6832 of 14166)
14:56:24 PR 91677  (6833 of 14166)
14:56:27 PR 91676  (6834 of 14166)
14:56:29 PR 91675  (6835 of 14166)
14:56:30 PR 91674  (6836 of 14166)
14:56:33 PR 91672  (6837 of 14166)
14:56:35 PR 91669  (6838 of 14166)
14:56:37 PR 91668  (6839 of 14166)
14:56:40 PR 91667  (6840 of 14166)
14:56:43 PR 91666  (6841 of 14166)
14:56:45 PR 91665  (6842 of 14166)
14:56:48 PR 91664  (6843 of 14166)
14:56:50 PR 91663  (6844 of 14166)
14:56:52 PR 91662  (6845 of 14166)
14:56:56 PR 91661  (6846 of 14166)
14:56:58 PR 91660  (6847 of 14166)
14:57:00 PR 91659  (6848 of 14166)
14:57:03 PR 91658  (6849 of 14166)
14:57:05 PR 91656  (6850 of 14166)
14:57:08 PR 93166  (6851 of 14166)
14:57:11 PR 93165  (6852 of 14166)
14:57:13 PR 93164  (6853 of 14166)
14:57:16 PR 93161  (6854 of 14166)
14:57:19 PR 93160  (6855 of 14166)
14:57:22 PR 93159  (6856 of 14166)
14:57:24 PR 93158  (6857 of 14166)
14:57:26 PR 93156  (6858 of 14166)
14:57:28 PR 93155  (6859 of 14166)
14:57:30 PR 93154  (6860 of 14166)
14:57:32 PR 93152  (6861 of 14166)
14:57:35 PR 93151  (6862 of 14166)
14:57:38 PR 93149  (6863 of 14166)
14:57:40 PR 93147  (6864 of 14166)
14:57:42 PR 93145  (6865 of 14166)
14:57:45 PR 93144  (6866 of 14166)
14:57:48 PR 93143  (6867 of 14166)
14:57:50 PR 93142  (6868 of 14166)
14:57:53 PR 93141  (6869 of 14166)
14:57:56 PR 93138  (6870 of 14166)
14:57:59 PR 93137  (6871 of 14166)
14:58:01 PR 93136  (6872 of 14166)
14:58:04 PR 93134  (6873 of 14166)
14:58:06 PR 93133  (6874 of 14166)
14:58:09 PR 93132  (6875 of 14166)
14:58:11 PR 93130  (6876 of 14166)
14:58:13 PR 93128  (6877 of 14166)
14:58:15 PR 93127  (6878 of 14166)
14:58:17 PR 93126  (6879 of 14166)
14:58:19 PR 93125  (6880 of 14166)
14:58:22 PR 93124  (6881 of 14166)
14:58:24 PR 93123  (6882 of 14166)
14:58:26 PR 93122  (6883 of 14166)
14:58:28 PR 93121  (6884 of 14166)
14:58:31 PR 93120  (6885 of 14166)
14:58:35 PR 93119  (6886 of 14166)
14:58:37 PR 93118  (6887 of 14166)
14:58:40 PR 93117  (6888 of 14166)
14:58:42 PR 93116  (6889 of 14166)
14:58:44 PR 93114  (6890 of 14166)
14:58:46 PR 93111  (6891 of 14166)
14:58:48 PR 93110  (6892 of 14166)
14:58:50 PR 93108  (6893 of 14166)
14:58:53 PR 93107  (6894 of 14166)
14:58:56 PR 93105  (6895 of 14166)
14:58:58 PR 93104  (6896 of 14166)
14:59:01 PR 93103  (6897 of 14166)
14:59:02 PR 93102  (6898 of 14166)
14:59:04 PR 93101  (6899 of 14166)
14:59:07 PR 93100  (6900 of 14166)
14:59:10 PR 93099  (6901 of 14166)
14:59:12 PR 93098  (6902 of 14166)
14:59:16 PR 93096  (6903 of 14166)
14:59:18 PR 93095  (6904 of 14166)
14:59:20 PR 93094  (6905 of 14166)
14:59:23 PR 93093  (6906 of 14166)
14:59:25 PR 93092  (6907 of 14166)
14:59:28 PR 93091  (6908 of 14166)
14:59:30 PR 93090  (6909 of 14166)
14:59:32 PR 93089  (6910 of 14166)
14:59:34 PR 93088  (6911 of 14166)
14:59:37 PR 93087  (6912 of 14166)
14:59:40 PR 93086  (6913 of 14166)
14:59:43 PR 93085  (6914 of 14166)
14:59:45 PR 93084  (6915 of 14166)
14:59:47 PR 93083  (6916 of 14166)
14:59:49 PR 93082  (6917 of 14166)
14:59:52 PR 93079  (6918 of 14166)
14:59:54 PR 93078  (6919 of 14166)
14:59:57 PR 93077  (6920 of 14166)
14:59:59 PR 93076  (6921 of 14166)
15:00:02 PR 93075  (6922 of 14166)
15:00:04 PR 93072  (6923 of 14166)
15:00:06 PR 93071  (6924 of 14166)
15:00:08 PR 93069  (6925 of 14166)
15:00:10 PR 93068  (6926 of 14166)
15:00:13 PR 93066  (6927 of 14166)
15:00:15 PR 93065  (6928 of 14166)
15:00:17 PR 93064  (6929 of 14166)
15:00:21 PR 93063  (6930 of 14166)
15:00:23 PR 93062  (6931 of 14166)
15:00:25 PR 93061  (6932 of 14166)
15:00:28 PR 93060  (6933 of 14166)
15:00:31 PR 93059  (6934 of 14166)
15:00:33 PR 93057  (6935 of 14166)
15:00:37 PR 93054  (6936 of 14166)
15:00:40 PR 93053  (6937 of 14166)
15:00:42 PR 93052  (6938 of 14166)
15:00:45 PR 93051  (6939 of 14166)
15:00:47 PR 93050  (6940 of 14166)
15:00:50 PR 93048  (6941 of 14166)
15:00:52 PR 93047  (6942 of 14166)
15:00:54 PR 93046  (6943 of 14166)
15:00:57 PR 93044  (6944 of 14166)
15:00:59 PR 93043  (6945 of 14166)
15:01:01 PR 93042  (6946 of 14166)
15:01:03 PR 93041  (6947 of 14166)
15:01:05 PR 93039  (6948 of 14166)
16:32:21 starting - 6948 PRs already saved, skipping those
16:32:21 reusing cached list of 14166 PR numbers
16:32:24 PR 93038  (6949 of 14166)
16:32:26 PR 93037  (6950 of 14166)
16:32:36 starting - 6950 PRs already saved, skipping those
16:32:36 reusing cached list of 14166 PR numbers
16:32:38 PR 93036  (6951 of 14166)
16:32:41 PR 93034  (6952 of 14166)
16:32:44 PR 93033  (6953 of 14166)
16:32:47 PR 93032  (6954 of 14166)
16:32:49 PR 93031  (6955 of 14166)
16:32:51 PR 93030  (6956 of 14166)
16:32:54 PR 93029  (6957 of 14166)
16:32:56 PR 93028  (6958 of 14166)
16:32:58 PR 93027  (6959 of 14166)
16:33:01 PR 93026  (6960 of 14166)
16:33:03 PR 93021  (6961 of 14166)
16:33:06 PR 93018  (6962 of 14166)
16:33:09 PR 93016  (6963 of 14166)
16:33:11 PR 93015  (6964 of 14166)
16:33:13 PR 93014  (6965 of 14166)
16:33:16 PR 93013  (6966 of 14166)
16:33:20 PR 93010  (6967 of 14166)
16:33:23 PR 93009  (6968 of 14166)
16:33:25 PR 93008  (6969 of 14166)
16:33:27 PR 93007  (6970 of 14166)
16:33:31 PR 93006  (6971 of 14166)
16:33:35 PR 93003  (6972 of 14166)
16:33:39 PR 93002  (6973 of 14166)
16:33:41 PR 92998  (6974 of 14166)
16:33:44 PR 92997  (6975 of 14166)
16:33:46 PR 92996  (6976 of 14166)
16:33:48 PR 92995  (6977 of 14166)
16:33:51 PR 92994  (6978 of 14166)
16:33:53 PR 92993  (6979 of 14166)
16:33:56 PR 92992  (6980 of 14166)
16:33:58 PR 92990  (6981 of 14166)
16:34:00 PR 92989  (6982 of 14166)
16:34:02 PR 92988  (6983 of 14166)
16:34:05 PR 92985  (6984 of 14166)
16:34:07 PR 92984  (6985 of 14166)
16:34:09 PR 92983  (6986 of 14166)
16:34:14 PR 92980  (6987 of 14166)
16:34:17 PR 92979  (6988 of 14166)
16:34:19 PR 92978  (6989 of 14166)
16:34:21 PR 92977  (6990 of 14166)
16:34:24 PR 92976  (6991 of 14166)
16:34:27 PR 92974  (6992 of 14166)
16:34:30 PR 92973  (6993 of 14166)
16:34:32 PR 92971  (6994 of 14166)
16:34:34 PR 92969  (6995 of 14166)
16:34:36 PR 92968  (6996 of 14166)
16:34:38 PR 92966  (6997 of 14166)
16:34:40 PR 92965  (6998 of 14166)
16:34:43 PR 92964  (6999 of 14166)
16:34:45 PR 92963  (7000 of 14166)
16:34:47 PR 92962  (7001 of 14166)
16:34:49 PR 92961  (7002 of 14166)
16:34:51 PR 92960  (7003 of 14166)
16:34:53 PR 92959  (7004 of 14166)
16:34:55 PR 92958  (7005 of 14166)
16:34:57 PR 92957  (7006 of 14166)
16:34:59 PR 92956  (7007 of 14166)
16:35:01 PR 92954  (7008 of 14166)
16:35:04 PR 92953  (7009 of 14166)
16:35:06 PR 92952  (7010 of 14166)
16:35:08 PR 92951  (7011 of 14166)
16:35:12 PR 92949  (7012 of 14166)
16:35:14 PR 92947  (7013 of 14166)
16:35:16 PR 92946  (7014 of 14166)
16:35:18 PR 92944  (7015 of 14166)
16:35:21 PR 92942  (7016 of 14166)
16:35:23 PR 92941  (7017 of 14166)
16:35:26 PR 92940  (7018 of 14166)
16:35:28 PR 92939  (7019 of 14166)
16:35:30 PR 92938  (7020 of 14166)
16:35:32 PR 92937  (7021 of 14166)
16:35:35 PR 92935  (7022 of 14166)
16:35:37 PR 92934  (7023 of 14166)
16:35:39 PR 92932  (7024 of 14166)
16:35:41 PR 92931  (7025 of 14166)
16:35:44 PR 92929  (7026 of 14166)
16:35:46 PR 92928  (7027 of 14166)
16:35:48 PR 92927  (7028 of 14166)
16:35:51 PR 92925  (7029 of 14166)
16:35:54 PR 92923  (7030 of 14166)
16:35:57 PR 92922  (7031 of 14166)
16:35:59 PR 92920  (7032 of 14166)
16:36:01 PR 92919  (7033 of 14166)
16:36:04 PR 92918  (7034 of 14166)
16:36:06 PR 92916  (7035 of 14166)
16:36:08 PR 92915  (7036 of 14166)
16:36:10 PR 92914  (7037 of 14166)
16:36:12 PR 92913  (7038 of 14166)
16:36:14 PR 92911  (7039 of 14166)
16:36:16 PR 92910  (7040 of 14166)
16:36:18 PR 92909  (7041 of 14166)
16:36:20 PR 92907  (7042 of 14166)
16:36:22 PR 92906  (7043 of 14166)
16:36:24 PR 92905  (7044 of 14166)
16:36:26 PR 92904  (7045 of 14166)
16:36:28 PR 92903  (7046 of 14166)
16:36:31 PR 92902  (7047 of 14166)
16:36:33 PR 92901  (7048 of 14166)
16:36:36 PR 92900  (7049 of 14166)
16:36:38 PR 92898  (7050 of 14166)
16:36:40 PR 92897  (7051 of 14166)
16:36:43 PR 92896  (7052 of 14166)
16:36:45 PR 92895  (7053 of 14166)
16:36:47 PR 92894  (7054 of 14166)
16:36:50 PR 92893  (7055 of 14166)
16:36:52 PR 92892  (7056 of 14166)
16:36:54 PR 92891  (7057 of 14166)
16:36:57 PR 92890  (7058 of 14166)
16:36:59 PR 92889  (7059 of 14166)
16:37:01 PR 92888  (7060 of 14166)
16:37:04 PR 92887  (7061 of 14166)
16:37:06 PR 92886  (7062 of 14166)
16:37:09 PR 92884  (7063 of 14166)
16:37:12 PR 92882  (7064 of 14166)
16:37:14 PR 92881  (7065 of 14166)
16:37:16 PR 92880  (7066 of 14166)
16:37:18 PR 92876  (7067 of 14166)
16:37:21 PR 92875  (7068 of 14166)
16:37:23 PR 92874  (7069 of 14166)
16:37:25 PR 92873  (7070 of 14166)
16:37:28 PR 92871  (7071 of 14166)
16:37:30 PR 92870  (7072 of 14166)
16:37:33 PR 92869  (7073 of 14166)
16:37:35 PR 92868  (7074 of 14166)
16:37:37 PR 92867  (7075 of 14166)
16:37:39 PR 92866  (7076 of 14166)
16:37:42 PR 92865  (7077 of 14166)
16:37:44 PR 92864  (7078 of 14166)
16:37:47 PR 92862  (7079 of 14166)
16:37:49 PR 92861  (7080 of 14166)
16:37:51 PR 92859  (7081 of 14166)
16:37:56 PR 92858  (7082 of 14166)
16:37:58 PR 92857  (7083 of 14166)
16:38:03 PR 92856  (7084 of 14166)
16:38:05 PR 92854  (7085 of 14166)
16:38:07 PR 92853  (7086 of 14166)
16:38:10 PR 92852  (7087 of 14166)
16:38:12 PR 92851  (7088 of 14166)
16:38:14 PR 92850  (7089 of 14166)
16:38:17 PR 92849  (7090 of 14166)
16:38:20 PR 92848  (7091 of 14166)
16:38:25 PR 92847  (7092 of 14166)
16:38:27 PR 92844  (7093 of 14166)
16:38:30 PR 92842  (7094 of 14166)
16:38:32 PR 92840  (7095 of 14166)
16:38:35 PR 92839  (7096 of 14166)
16:38:38 PR 92838  (7097 of 14166)
16:38:40 PR 92835  (7098 of 14166)
16:38:42 PR 92833  (7099 of 14166)
16:38:45 PR 92832  (7100 of 14166)
16:38:48 PR 92831  (7101 of 14166)
16:38:51 PR 92830  (7102 of 14166)
16:38:53 PR 92827  (7103 of 14166)
16:38:56 PR 92825  (7104 of 14166)
16:39:02 PR 92824  (7105 of 14166)
16:39:04 PR 92822  (7106 of 14166)
16:39:06 PR 92821  (7107 of 14166)
16:39:08 PR 92820  (7108 of 14166)
16:39:10 PR 92819  (7109 of 14166)
16:39:12 PR 92818  (7110 of 14166)
16:39:14 PR 92817  (7111 of 14166)
16:39:17 PR 92816  (7112 of 14166)
16:39:18 PR 92815  (7113 of 14166)
16:39:21 PR 92814  (7114 of 14166)
16:39:23 PR 92813  (7115 of 14166)
16:39:27 PR 92812  (7116 of 14166)
16:39:29 PR 92810  (7117 of 14166)
16:39:31 PR 92809  (7118 of 14166)
16:39:35 PR 92808  (7119 of 14166)
16:39:37 PR 92807  (7120 of 14166)
16:39:39 PR 92806  (7121 of 14166)
16:39:46 PR 92805  (7122 of 14166)
16:39:48 PR 92804  (7123 of 14166)
16:39:52 PR 92803  (7124 of 14166)
16:39:54 PR 92802  (7125 of 14166)
16:39:56 PR 92801  (7126 of 14166)
16:39:59 PR 92800  (7127 of 14166)
16:40:01 PR 92799  (7128 of 14166)
16:40:03 PR 92797  (7129 of 14166)
16:40:05 PR 92796  (7130 of 14166)
16:40:07 PR 92795  (7131 of 14166)
16:40:09 PR 92794  (7132 of 14166)
16:40:12 PR 92793  (7133 of 14166)
16:40:14 PR 92791  (7134 of 14166)
16:40:16 PR 92790  (7135 of 14166)
16:40:18 PR 92789  (7136 of 14166)
16:40:20 PR 92788  (7137 of 14166)
16:40:23 PR 92787  (7138 of 14166)
16:40:27 PR 92786  (7139 of 14166)
16:40:29 PR 92785  (7140 of 14166)
16:40:32 PR 92784  (7141 of 14166)
16:40:34 PR 92783  (7142 of 14166)
16:40:36 PR 92781  (7143 of 14166)
16:40:39 PR 92780  (7144 of 14166)
16:40:42 PR 92779  (7145 of 14166)
16:40:45 PR 92776  (7146 of 14166)
16:40:47 PR 92775  (7147 of 14166)
16:40:49 PR 92774  (7148 of 14166)
16:40:51 PR 92773  (7149 of 14166)
16:40:54 PR 92772  (7150 of 14166)
16:40:56 PR 92771  (7151 of 14166)
16:40:58 PR 92768  (7152 of 14166)
16:41:00 PR 92767  (7153 of 14166)
16:41:03 PR 92766  (7154 of 14166)
16:41:05 PR 92765  (7155 of 14166)
16:41:07 PR 92763  (7156 of 14166)
16:41:11 PR 92762  (7157 of 14166)
16:41:13 PR 92761  (7158 of 14166)
16:41:15 PR 92760  (7159 of 14166)
16:41:17 PR 92759  (7160 of 14166)
16:41:19 PR 92758  (7161 of 14166)
16:41:22 PR 92757  (7162 of 14166)
16:41:24 PR 92756  (7163 of 14166)
16:41:26 PR 92754  (7164 of 14166)
16:41:28 PR 92753  (7165 of 14166)
16:41:31 PR 92752  (7166 of 14166)
16:41:34 PR 92751  (7167 of 14166)
16:41:37 PR 92750  (7168 of 14166)
16:41:39 PR 92749  (7169 of 14166)
16:41:41 PR 92748  (7170 of 14166)
16:41:43 PR 92747  (7171 of 14166)
16:41:45 PR 92746  (7172 of 14166)
16:41:47 PR 92745  (7173 of 14166)
16:41:50 PR 92744  (7174 of 14166)
16:41:52 PR 92743  (7175 of 14166)
16:41:54 PR 92742  (7176 of 14166)
16:41:57 PR 92740  (7177 of 14166)
16:41:59 PR 92738  (7178 of 14166)
16:42:01 PR 92737  (7179 of 14166)
16:42:04 PR 92736  (7180 of 14166)
16:42:06 PR 92735  (7181 of 14166)
16:42:07 PR 92734  (7182 of 14166)
16:42:09 PR 92733  (7183 of 14166)
16:42:12 PR 92732  (7184 of 14166)
16:42:14 PR 92731  (7185 of 14166)
16:42:16 PR 92730  (7186 of 14166)
16:42:18 PR 92729  (7187 of 14166)
16:42:20 PR 92728  (7188 of 14166)
16:42:22 PR 92727  (7189 of 14166)
16:42:24 PR 92726  (7190 of 14166)
16:42:26 PR 92725  (7191 of 14166)
16:42:29 PR 92724  (7192 of 14166)
16:42:31 PR 92722  (7193 of 14166)
16:42:33 PR 92720  (7194 of 14166)
16:42:35 PR 92719  (7195 of 14166)
16:42:37 PR 92718  (7196 of 14166)
16:42:39 PR 92717  (7197 of 14166)
16:42:41 PR 92716  (7198 of 14166)
16:42:43 PR 92715  (7199 of 14166)
16:42:45 PR 92714  (7200 of 14166)
16:42:47 PR 92713  (7201 of 14166)
16:42:49 PR 92710  (7202 of 14166)
16:42:54 PR 92709  (7203 of 14166)
16:42:56 PR 92708  (7204 of 14166)
16:42:57 PR 92707  (7205 of 14166)
16:42:59 PR 92705  (7206 of 14166)
16:43:01 PR 92704  (7207 of 14166)
16:43:03 PR 92703  (7208 of 14166)
16:43:05 PR 92702  (7209 of 14166)
16:43:07 PR 92701  (7210 of 14166)
16:43:09 PR 92700  (7211 of 14166)
16:43:11 PR 92699  (7212 of 14166)
16:43:14 PR 92698  (7213 of 14166)
16:43:16 PR 92696  (7214 of 14166)
16:43:18 PR 92694  (7215 of 14166)
16:43:20 PR 92692  (7216 of 14166)
16:43:23 PR 92691  (7217 of 14166)
16:43:25 PR 92690  (7218 of 14166)
16:43:28 PR 92689  (7219 of 14166)
16:43:30 PR 92688  (7220 of 14166)
16:43:32 PR 92687  (7221 of 14166)
16:43:35 PR 92686  (7222 of 14166)
16:43:37 PR 92685  (7223 of 14166)
16:43:39 PR 92684  (7224 of 14166)
16:43:41 PR 92683  (7225 of 14166)
16:43:43 PR 92682  (7226 of 14166)
16:43:45 PR 92680  (7227 of 14166)
16:43:47 PR 92677  (7228 of 14166)
16:43:50 PR 92676  (7229 of 14166)
16:43:52 PR 92675  (7230 of 14166)
16:43:54 PR 92674  (7231 of 14166)
16:43:56 PR 92673  (7232 of 14166)
16:43:59 PR 92672  (7233 of 14166)
16:44:01 PR 92671  (7234 of 14166)
16:44:04 PR 92669  (7235 of 14166)
16:44:06 PR 92668  (7236 of 14166)
16:44:08 PR 92667  (7237 of 14166)
16:44:11 PR 92666  (7238 of 14166)
16:44:14 PR 92664  (7239 of 14166)
16:44:16 PR 92662  (7240 of 14166)
16:44:18 PR 92661  (7241 of 14166)
16:44:20 PR 92660  (7242 of 14166)
16:44:23 PR 92659  (7243 of 14166)
16:44:25 PR 92658  (7244 of 14166)
16:44:27 PR 92657  (7245 of 14166)
16:44:29 PR 92655  (7246 of 14166)
16:44:33 PR 92654  (7247 of 14166)
16:44:35 PR 92653  (7248 of 14166)
16:44:37 PR 92651  (7249 of 14166)
16:44:39 PR 92650  (7250 of 14166)
16:44:42 PR 92649  (7251 of 14166)
16:44:44 PR 92648  (7252 of 14166)
16:44:46 PR 92647  (7253 of 14166)
16:44:48 PR 92645  (7254 of 14166)
16:44:50 PR 92644  (7255 of 14166)
16:44:52 PR 92643  (7256 of 14166)
16:44:54 PR 92642  (7257 of 14166)
16:44:56 PR 92641  (7258 of 14166)
16:44:58 PR 92640  (7259 of 14166)
16:45:00 PR 92639  (7260 of 14166)
16:45:03 PR 92611  (7261 of 14166)
16:45:05 PR 92591  (7262 of 14166)
16:45:08 PR 92590  (7263 of 14166)
16:45:10 PR 92587  (7264 of 14166)
16:45:12 PR 92586  (7265 of 14166)
16:45:14 PR 92585  (7266 of 14166)
16:45:17 PR 92583  (7267 of 14166)
16:45:20 PR 92581  (7268 of 14166)
16:45:22 PR 92580  (7269 of 14166)
16:45:25 PR 92579  (7270 of 14166)
16:45:27 PR 92578  (7271 of 14166)
16:45:29 PR 92577  (7272 of 14166)
16:45:32 PR 92576  (7273 of 14166)
16:45:33 PR 92575  (7274 of 14166)
16:45:35 PR 92574  (7275 of 14166)
16:45:38 PR 92573  (7276 of 14166)
16:45:42 PR 92572  (7277 of 14166)
16:45:45 PR 92571  (7278 of 14166)
16:45:46 PR 92570  (7279 of 14166)
16:45:48 PR 92569  (7280 of 14166)
16:45:51 PR 92568  (7281 of 14166)
16:45:53 PR 92567  (7282 of 14166)
16:45:54 PR 92566  (7283 of 14166)
16:45:56 PR 92564  (7284 of 14166)
16:45:58 PR 92563  (7285 of 14166)
16:46:00 PR 92562  (7286 of 14166)
16:46:02 PR 92561  (7287 of 14166)
16:46:04 PR 92560  (7288 of 14166)
16:46:06 PR 92559  (7289 of 14166)
16:46:08 PR 92558  (7290 of 14166)
16:46:10 PR 92556  (7291 of 14166)
16:46:12 PR 92555  (7292 of 14166)
16:46:14 PR 92554  (7293 of 14166)
16:46:16 PR 92550  (7294 of 14166)
16:46:18 PR 92548  (7295 of 14166)
16:46:19 PR 92547  (7296 of 14166)
16:46:22 PR 92546  (7297 of 14166)
16:46:24 PR 92545  (7298 of 14166)
16:46:26 PR 92543  (7299 of 14166)
16:46:28 PR 92541  (7300 of 14166)
16:46:31 PR 92539  (7301 of 14166)
16:46:33 PR 92538  (7302 of 14166)
16:46:35 PR 92536  (7303 of 14166)
16:46:37 PR 92535  (7304 of 14166)
16:46:39 PR 92534  (7305 of 14166)
16:46:41 PR 92532  (7306 of 14166)
16:46:43 PR 92531  (7307 of 14166)
16:46:45 PR 92530  (7308 of 14166)
16:46:47 PR 92527  (7309 of 14166)
16:46:49 PR 92525  (7310 of 14166)
16:46:51 PR 92524  (7311 of 14166)
16:46:54 PR 92523  (7312 of 14166)
16:46:56 PR 92522  (7313 of 14166)
16:46:58 PR 92520  (7314 of 14166)
16:47:00 PR 92518  (7315 of 14166)
16:47:03 PR 92517  (7316 of 14166)
16:47:05 PR 92515  (7317 of 14166)
16:47:07 PR 92514  (7318 of 14166)
16:47:09 PR 92513  (7319 of 14166)
16:47:11 PR 92512  (7320 of 14166)
16:47:13 PR 92508  (7321 of 14166)
16:47:15 PR 92507  (7322 of 14166)
16:47:17 PR 92506  (7323 of 14166)
16:47:19 PR 92504  (7324 of 14166)
16:47:21 PR 92503  (7325 of 14166)
16:47:23 PR 92502  (7326 of 14166)
16:47:27 PR 92501  (7327 of 14166)
16:47:29 PR 92498  (7328 of 14166)
16:47:31 PR 92497  (7329 of 14166)
16:47:34 PR 92496  (7330 of 14166)
16:47:36 PR 92495  (7331 of 14166)
16:47:39 PR 92494  (7332 of 14166)
16:47:40 PR 92487  (7333 of 14166)
16:47:43 PR 92485  (7334 of 14166)
16:47:45 PR 92484  (7335 of 14166)
16:47:46 PR 92483  (7336 of 14166)
16:47:48 PR 92482  (7337 of 14166)
16:47:50 PR 92481  (7338 of 14166)
16:47:52 PR 92480  (7339 of 14166)
16:47:54 PR 92479  (7340 of 14166)
16:47:56 PR 92478  (7341 of 14166)
16:47:58 PR 92477  (7342 of 14166)
16:48:01 PR 92476  (7343 of 14166)
16:48:03 PR 92474  (7344 of 14166)
16:48:07 PR 92473  (7345 of 14166)
16:48:09 PR 92471  (7346 of 14166)
16:48:11 PR 92469  (7347 of 14166)
16:48:13 PR 92468  (7348 of 14166)
16:48:15 PR 92466  (7349 of 14166)
16:48:17 PR 92465  (7350 of 14166)
16:48:19 PR 92464  (7351 of 14166)
16:48:21 PR 92463  (7352 of 14166)
16:48:23 PR 92462  (7353 of 14166)
16:48:25 PR 92460  (7354 of 14166)
16:48:27 PR 92459  (7355 of 14166)
16:48:29 PR 92458  (7356 of 14166)
16:48:32 PR 92457  (7357 of 14166)
16:48:34 PR 92456  (7358 of 14166)
16:48:36 PR 92455  (7359 of 14166)
16:48:38 PR 92454  (7360 of 14166)
16:48:41 PR 92453  (7361 of 14166)
16:48:43 PR 92452  (7362 of 14166)
16:48:45 PR 92451  (7363 of 14166)
16:48:49 PR 92450  (7364 of 14166)
16:48:51 PR 92448  (7365 of 14166)
16:48:54 PR 92447  (7366 of 14166)
16:48:56 PR 92445  (7367 of 14166)
16:48:58 PR 92444  (7368 of 14166)
16:49:00 PR 92443  (7369 of 14166)
16:49:02 PR 92442  (7370 of 14166)
16:49:04 PR 92441  (7371 of 14166)
16:49:07 PR 92440  (7372 of 14166)
16:49:09 PR 92438  (7373 of 14166)
16:49:11 PR 92437  (7374 of 14166)
16:49:13 PR 92436  (7375 of 14166)
16:49:15 PR 92435  (7376 of 14166)
16:49:18 PR 92434  (7377 of 14166)
16:49:21 PR 92433  (7378 of 14166)
16:49:23 PR 92432  (7379 of 14166)
16:49:26 PR 92429  (7380 of 14166)
16:49:29 PR 92428  (7381 of 14166)
16:49:32 PR 92427  (7382 of 14166)
16:49:34 PR 93961  (7383 of 14166)
16:49:36 PR 93960  (7384 of 14166)
16:49:38 PR 93959  (7385 of 14166)
16:49:40 PR 93958  (7386 of 14166)
16:49:43 PR 93957  (7387 of 14166)
16:49:45 PR 93956  (7388 of 14166)
16:49:47 PR 93955  (7389 of 14166)
16:49:49 PR 93954  (7390 of 14166)
16:49:51 PR 93953  (7391 of 14166)
16:49:53 PR 93952  (7392 of 14166)
16:49:55 PR 93951  (7393 of 14166)
16:49:57 PR 93950  (7394 of 14166)
16:50:00 PR 93949  (7395 of 14166)
16:50:02 PR 93948  (7396 of 14166)
16:50:05 PR 93947  (7397 of 14166)
16:50:07 PR 93946  (7398 of 14166)
16:50:14 PR 93945  (7399 of 14166)
16:50:17 PR 93944  (7400 of 14166)
16:50:20 PR 93942  (7401 of 14166)
16:50:21 PR 93941  (7402 of 14166)
16:50:23 PR 93940  (7403 of 14166)
16:50:26 PR 93939  (7404 of 14166)
16:50:28 PR 93938  (7405 of 14166)
16:50:30 PR 93937  (7406 of 14166)
16:50:32 PR 93936  (7407 of 14166)
16:50:34 PR 93935  (7408 of 14166)
16:50:36 PR 93934  (7409 of 14166)
16:50:39 PR 93933  (7410 of 14166)
16:50:41 PR 93932  (7411 of 14166)
16:50:43 PR 93931  (7412 of 14166)
16:50:45 PR 93928  (7413 of 14166)
16:50:47 PR 93927  (7414 of 14166)
16:50:49 PR 93926  (7415 of 14166)
16:50:51 PR 93925  (7416 of 14166)
16:50:54 PR 93923  (7417 of 14166)
16:50:56 PR 93922  (7418 of 14166)
16:50:58 PR 93920  (7419 of 14166)
16:51:01 PR 93918  (7420 of 14166)
16:51:03 PR 93917  (7421 of 14166)
16:51:05 PR 93916  (7422 of 14166)
16:51:07 PR 93915  (7423 of 14166)
16:51:09 PR 93914  (7424 of 14166)
16:51:11 PR 93912  (7425 of 14166)
16:51:15 PR 93911  (7426 of 14166)
16:51:17 PR 93910  (7427 of 14166)
16:51:19 PR 93909  (7428 of 14166)
16:51:21 PR 93908  (7429 of 14166)
16:51:23 PR 93907  (7430 of 14166)
16:51:26 PR 93906  (7431 of 14166)
16:51:27 PR 93905  (7432 of 14166)
16:51:29 PR 93904  (7433 of 14166)
16:51:32 PR 93902  (7434 of 14166)
16:51:34 PR 93901  (7435 of 14166)
16:51:36 PR 93900  (7436 of 14166)
16:51:39 PR 93899  (7437 of 14166)
16:51:40 PR 93897  (7438 of 14166)
16:51:42 PR 93896  (7439 of 14166)
16:51:44 PR 93895  (7440 of 14166)
16:51:46 PR 93894  (7441 of 14166)
16:51:50 PR 93893  (7442 of 14166)
16:51:53 PR 93892  (7443 of 14166)
16:51:55 PR 93891  (7444 of 14166)
16:51:57 PR 93890  (7445 of 14166)
16:52:00 PR 93889  (7446 of 14166)
16:52:02 PR 93888  (7447 of 14166)
16:52:04 PR 93887  (7448 of 14166)
16:52:06 PR 93886  (7449 of 14166)
16:52:08 PR 93885  (7450 of 14166)
16:52:10 PR 93884  (7451 of 14166)
16:52:13 PR 93882  (7452 of 14166)
16:52:14 PR 93880  (7453 of 14166)
16:52:17 PR 93879  (7454 of 14166)
16:52:19 PR 93878  (7455 of 14166)
16:52:21 PR 93875  (7456 of 14166)
16:52:22 PR 93874  (7457 of 14166)
16:52:24 PR 93872  (7458 of 14166)
16:52:26 PR 93871  (7459 of 14166)
16:52:28 PR 93870  (7460 of 14166)
16:52:31 PR 93868  (7461 of 14166)
16:52:33 PR 93867  (7462 of 14166)
16:52:35 PR 93866  (7463 of 14166)
16:52:37 PR 93865  (7464 of 14166)
16:52:40 PR 93864  (7465 of 14166)
16:52:42 PR 93862  (7466 of 14166)
16:52:45 PR 93861  (7467 of 14166)
16:52:47 PR 93860  (7468 of 14166)
16:52:50 PR 93858  (7469 of 14166)
16:52:53 PR 93857  (7470 of 14166)
16:52:55 PR 93856  (7471 of 14166)
16:52:57 PR 93855  (7472 of 14166)
16:52:58 PR 93854  (7473 of 14166)
16:53:00 PR 93853  (7474 of 14166)
16:53:02 PR 93852  (7475 of 14166)
16:53:04 PR 93850  (7476 of 14166)
16:53:07 PR 93846  (7477 of 14166)
16:53:09 PR 93845  (7478 of 14166)
16:53:11 PR 93844  (7479 of 14166)
16:53:13 PR 93843  (7480 of 14166)
16:53:15 PR 93842  (7481 of 14166)
16:53:17 PR 93841  (7482 of 14166)
16:53:20 PR 93838  (7483 of 14166)
16:53:22 PR 93837  (7484 of 14166)
16:53:25 PR 93836  (7485 of 14166)
16:53:27 PR 93835  (7486 of 14166)
16:53:29 PR 93833  (7487 of 14166)
16:53:32 PR 93832  (7488 of 14166)
16:53:34 PR 93830  (7489 of 14166)
16:53:36 PR 93829  (7490 of 14166)
16:53:39 PR 93828  (7491 of 14166)
16:53:40 PR 93827  (7492 of 14166)
16:53:42 PR 93826  (7493 of 14166)
16:53:45 PR 93825  (7494 of 14166)
16:53:48 PR 93821  (7495 of 14166)
16:53:50 PR 93820  (7496 of 14166)
16:53:52 PR 93819  (7497 of 14166)
16:53:55 PR 93818  (7498 of 14166)
16:53:57 PR 93816  (7499 of 14166)
16:53:59 PR 93815  (7500 of 14166)
16:54:02 PR 93814  (7501 of 14166)
16:54:04 PR 93813  (7502 of 14166)
16:54:07 PR 93812  (7503 of 14166)
16:54:09 PR 93810  (7504 of 14166)
16:54:12 PR 93809  (7505 of 14166)
16:54:14 PR 93807  (7506 of 14166)
16:54:17 PR 93806  (7507 of 14166)
16:54:19 PR 93805  (7508 of 14166)
16:54:22 PR 93803  (7509 of 14166)
16:54:24 PR 93802  (7510 of 14166)
16:54:27 PR 93801  (7511 of 14166)
16:54:30 PR 93800  (7512 of 14166)
16:54:32 PR 93799  (7513 of 14166)
16:54:35 PR 93798  (7514 of 14166)
16:54:38 PR 93797  (7515 of 14166)
16:54:40 PR 93796  (7516 of 14166)
16:54:43 PR 93795  (7517 of 14166)
16:54:45 PR 93794  (7518 of 14166)
16:54:46 PR 93793  (7519 of 14166)
16:54:48 PR 93791  (7520 of 14166)
16:54:50 PR 93789  (7521 of 14166)
16:54:53 PR 93788  (7522 of 14166)
16:54:55 PR 93787  (7523 of 14166)
16:54:58 PR 93786  (7524 of 14166)
16:55:00 PR 93784  (7525 of 14166)
16:55:03 PR 93783  (7526 of 14166)
16:55:05 PR 93782  (7527 of 14166)
16:55:07 PR 93781  (7528 of 14166)
16:55:09 PR 93780  (7529 of 14166)
16:55:12 PR 93778  (7530 of 14166)
16:55:14 PR 93777  (7531 of 14166)
16:55:16 PR 93776  (7532 of 14166)
16:55:18 PR 93775  (7533 of 14166)
16:55:20 PR 93773  (7534 of 14166)
16:55:22 PR 93772  (7535 of 14166)
16:55:24 PR 93771  (7536 of 14166)
16:55:26 PR 93770  (7537 of 14166)
16:55:28 PR 93768  (7538 of 14166)
16:55:31 PR 93767  (7539 of 14166)
16:55:33 PR 93765  (7540 of 14166)
16:55:35 PR 93764  (7541 of 14166)
16:55:38 PR 93763  (7542 of 14166)
16:55:40 PR 93762  (7543 of 14166)
16:55:43 PR 93760  (7544 of 14166)
16:55:44 PR 93759  (7545 of 14166)
16:55:47 PR 93758  (7546 of 14166)
16:55:49 PR 93757  (7547 of 14166)
16:55:51 PR 93755  (7548 of 14166)
16:55:53 PR 93754  (7549 of 14166)
16:55:56 PR 93753  (7550 of 14166)
16:55:58 PR 93752  (7551 of 14166)
16:56:00 PR 93751  (7552 of 14166)
16:56:03 PR 93750  (7553 of 14166)
16:56:05 PR 93749  (7554 of 14166)
16:56:06 PR 93748  (7555 of 14166)
16:56:10 PR 93747  (7556 of 14166)
16:56:12 PR 93746  (7557 of 14166)
16:56:13 PR 93745  (7558 of 14166)
16:56:15 PR 93744  (7559 of 14166)
16:56:17 PR 93743  (7560 of 14166)
16:56:19 PR 93742  (7561 of 14166)
16:56:21 PR 93741  (7562 of 14166)
16:56:23 PR 93740  (7563 of 14166)
16:56:25 PR 93739  (7564 of 14166)
16:56:27 PR 93738  (7565 of 14166)
16:56:30 PR 93737  (7566 of 14166)
16:56:31 PR 93736  (7567 of 14166)
16:56:33 PR 93735  (7568 of 14166)
16:56:35 PR 93734  (7569 of 14166)
16:56:38 PR 93732  (7570 of 14166)
16:56:39 PR 93731  (7571 of 14166)
16:56:42 PR 93730  (7572 of 14166)
16:56:44 PR 93728  (7573 of 14166)
16:56:46 PR 93727  (7574 of 14166)
16:56:48 PR 93726  (7575 of 14166)
16:56:50 PR 93724  (7576 of 14166)
16:56:52 PR 93722  (7577 of 14166)
16:56:54 PR 93721  (7578 of 14166)
16:56:57 PR 93720  (7579 of 14166)
16:56:59 PR 93719  (7580 of 14166)
16:57:01 PR 93718  (7581 of 14166)
16:57:03 PR 93717  (7582 of 14166)
16:57:06 PR 93716  (7583 of 14166)
16:57:09 PR 93715  (7584 of 14166)
16:57:11 PR 93713  (7585 of 14166)
16:57:13 PR 93710  (7586 of 14166)
16:57:15 PR 93707  (7587 of 14166)
16:57:18 PR 93706  (7588 of 14166)
16:57:20 PR 93705  (7589 of 14166)
16:57:23 PR 93703  (7590 of 14166)
16:57:25 PR 93702  (7591 of 14166)
16:57:27 PR 93701  (7592 of 14166)
16:57:29 PR 93700  (7593 of 14166)
16:57:31 PR 93699  (7594 of 14166)
16:57:33 PR 93698  (7595 of 14166)
16:57:36 PR 93697  (7596 of 14166)
16:57:38 PR 93696  (7597 of 14166)
16:57:40 PR 93694  (7598 of 14166)
16:57:42 PR 93692  (7599 of 14166)
16:57:44 PR 93691  (7600 of 14166)
16:57:46 PR 93690  (7601 of 14166)
16:57:48 PR 93688  (7602 of 14166)
16:57:50 PR 93687  (7603 of 14166)
16:57:52 PR 93686  (7604 of 14166)
16:57:55 PR 93685  (7605 of 14166)
16:57:57 PR 93684  (7606 of 14166)
16:57:58 PR 93682  (7607 of 14166)
16:58:00 PR 93681  (7608 of 14166)
16:58:03 PR 93680  (7609 of 14166)
16:58:05 PR 93679  (7610 of 14166)
16:58:06 PR 93678  (7611 of 14166)
16:58:10 PR 93677  (7612 of 14166)
16:58:12 PR 93676  (7613 of 14166)
16:58:14 PR 93674  (7614 of 14166)
16:58:17 PR 93673  (7615 of 14166)
16:58:19 PR 93672  (7616 of 14166)
16:58:21 PR 93671  (7617 of 14166)
16:58:23 PR 93670  (7618 of 14166)
16:58:25 PR 93669  (7619 of 14166)
16:58:28 PR 93667  (7620 of 14166)
16:58:30 PR 93666  (7621 of 14166)
16:58:32 PR 93665  (7622 of 14166)
16:58:34 PR 93664  (7623 of 14166)
16:58:36 PR 93663  (7624 of 14166)
16:58:38 PR 93662  (7625 of 14166)
16:58:40 PR 93661  (7626 of 14166)
16:58:43 PR 93660  (7627 of 14166)
16:58:45 PR 93659  (7628 of 14166)
16:58:46 PR 93658  (7629 of 14166)
16:58:48 PR 93657  (7630 of 14166)
16:58:50 PR 93655  (7631 of 14166)
16:58:53 PR 93653  (7632 of 14166)
16:58:55 PR 93652  (7633 of 14166)
16:58:57 PR 93650  (7634 of 14166)
16:59:00 PR 93649  (7635 of 14166)
16:59:02 PR 93648  (7636 of 14166)
16:59:04 PR 93647  (7637 of 14166)
16:59:06 PR 93646  (7638 of 14166)
16:59:08 PR 93645  (7639 of 14166)
16:59:10 PR 93644  (7640 of 14166)
16:59:12 PR 93643  (7641 of 14166)
16:59:14 PR 93642  (7642 of 14166)
16:59:17 PR 93639  (7643 of 14166)
16:59:20 PR 93638  (7644 of 14166)
16:59:22 PR 93637  (7645 of 14166)
16:59:24 PR 93636  (7646 of 14166)
16:59:26 PR 93635  (7647 of 14166)
16:59:29 PR 93634  (7648 of 14166)
16:59:31 PR 93633  (7649 of 14166)
16:59:35 PR 93631  (7650 of 14166)
16:59:37 PR 93629  (7651 of 14166)
16:59:41 PR 93627  (7652 of 14166)
16:59:43 PR 93626  (7653 of 14166)
16:59:45 PR 93625  (7654 of 14166)
16:59:47 PR 93624  (7655 of 14166)
16:59:49 PR 93623  (7656 of 14166)
16:59:51 PR 93622  (7657 of 14166)
16:59:53 PR 93619  (7658 of 14166)
16:59:55 PR 93618  (7659 of 14166)
16:59:57 PR 93616  (7660 of 14166)
16:59:59 PR 93615  (7661 of 14166)
17:00:02 PR 93614  (7662 of 14166)
17:00:04 PR 93613  (7663 of 14166)
17:00:06 PR 93612  (7664 of 14166)
17:00:08 PR 93610  (7665 of 14166)
17:00:11 PR 93609  (7666 of 14166)
17:00:13 PR 93608  (7667 of 14166)
17:00:15 PR 93607  (7668 of 14166)
17:00:17 PR 93605  (7669 of 14166)
17:00:19 PR 93604  (7670 of 14166)
17:00:21 PR 93603  (7671 of 14166)
17:00:23 PR 93602  (7672 of 14166)
17:00:25 PR 93600  (7673 of 14166)
17:00:26 PR 93599  (7674 of 14166)
17:00:28 PR 93598  (7675 of 14166)
17:00:30 PR 93597  (7676 of 14166)
17:00:32 PR 93596  (7677 of 14166)
17:00:34 PR 93595  (7678 of 14166)
17:00:36 PR 93593  (7679 of 14166)
17:00:38 PR 93592  (7680 of 14166)
17:00:41 PR 93591  (7681 of 14166)
17:00:42 PR 93590  (7682 of 14166)
17:00:45 PR 93589  (7683 of 14166)
17:00:47 PR 93588  (7684 of 14166)
17:00:49 PR 93586  (7685 of 14166)
17:00:51 PR 93585  (7686 of 14166)
17:00:53 PR 93584  (7687 of 14166)
17:00:55 PR 93583  (7688 of 14166)
17:00:57 PR 93582  (7689 of 14166)
17:01:00 PR 93581  (7690 of 14166)
17:01:02 PR 93580  (7691 of 14166)
17:01:04 PR 93578  (7692 of 14166)
17:01:06 PR 93577  (7693 of 14166)
17:01:09 PR 93576  (7694 of 14166)
17:01:11 PR 93573  (7695 of 14166)
17:01:13 PR 93571  (7696 of 14166)
17:01:15 PR 93570  (7697 of 14166)
17:01:17 PR 93568  (7698 of 14166)
17:01:19 PR 93567  (7699 of 14166)
17:01:21 PR 93566  (7700 of 14166)
17:01:24 PR 93565  (7701 of 14166)
17:01:26 PR 93563  (7702 of 14166)
17:01:28 PR 93562  (7703 of 14166)
17:01:30 PR 93561  (7704 of 14166)
17:01:33 PR 93560  (7705 of 14166)
17:01:35 PR 93559  (7706 of 14166)
17:01:40 PR 93556  (7707 of 14166)
17:01:42 PR 93555  (7708 of 14166)
17:01:44 PR 93554  (7709 of 14166)
17:01:46 PR 93553  (7710 of 14166)
17:01:48 PR 93550  (7711 of 14166)
17:01:52 PR 93549  (7712 of 14166)
17:01:53 PR 93546  (7713 of 14166)
17:01:56 PR 93544  (7714 of 14166)
17:01:58 PR 93543  (7715 of 14166)
17:02:01 PR 93542  (7716 of 14166)
17:02:02 PR 93541  (7717 of 14166)
17:02:04 PR 93540  (7718 of 14166)
17:02:07 PR 93539  (7719 of 14166)
17:02:09 PR 93538  (7720 of 14166)
17:02:11 PR 93537  (7721 of 14166)
17:02:15 PR 93536  (7722 of 14166)
17:02:18 PR 93535  (7723 of 14166)
17:02:20 PR 93534  (7724 of 14166)
17:02:22 PR 93533  (7725 of 14166)
17:02:24 PR 93532  (7726 of 14166)
17:02:26 PR 93531  (7727 of 14166)
17:02:28 PR 93530  (7728 of 14166)
17:02:30 PR 93529  (7729 of 14166)
17:02:33 PR 93528  (7730 of 14166)
17:02:35 PR 93527  (7731 of 14166)
17:02:37 PR 93526  (7732 of 14166)
17:02:41 PR 93525  (7733 of 14166)
17:02:43 PR 93524  (7734 of 14166)
17:02:45 PR 93523  (7735 of 14166)
17:02:48 PR 93522  (7736 of 14166)
17:02:50 PR 93521  (7737 of 14166)
17:02:53 PR 93520  (7738 of 14166)
17:02:55 PR 93518  (7739 of 14166)
17:02:57 PR 93516  (7740 of 14166)
17:02:59 PR 93515  (7741 of 14166)
17:03:01 PR 93514  (7742 of 14166)
17:03:03 PR 93513  (7743 of 14166)
17:03:06 PR 93512  (7744 of 14166)
17:03:08 PR 93511  (7745 of 14166)
17:03:11 PR 93509  (7746 of 14166)
17:03:13 PR 93508  (7747 of 14166)
17:03:15 PR 93507  (7748 of 14166)
17:03:17 PR 93506  (7749 of 14166)
17:03:19 PR 93505  (7750 of 14166)
17:03:21 PR 93504  (7751 of 14166)
17:03:23 PR 93503  (7752 of 14166)
17:03:25 PR 93502  (7753 of 14166)
17:03:27 PR 93501  (7754 of 14166)
17:03:29 PR 93500  (7755 of 14166)
17:03:32 PR 93498  (7756 of 14166)
17:03:34 PR 93497  (7757 of 14166)
17:03:37 PR 93496  (7758 of 14166)
17:03:39 PR 93493  (7759 of 14166)
17:03:41 PR 93491  (7760 of 14166)
17:03:44 PR 93489  (7761 of 14166)
17:03:46 PR 93487  (7762 of 14166)
17:03:49 PR 93486  (7763 of 14166)
17:03:53 PR 93485  (7764 of 14166)
17:03:55 PR 93484  (7765 of 14166)
17:03:58 PR 93483  (7766 of 14166)
17:04:00 PR 93482  (7767 of 14166)
17:04:02 PR 93481  (7768 of 14166)
17:04:05 PR 93480  (7769 of 14166)
17:04:08 PR 93478  (7770 of 14166)
17:04:10 PR 93477  (7771 of 14166)
17:04:13 PR 93472  (7772 of 14166)
17:04:15 PR 93471  (7773 of 14166)
17:04:18 PR 93470  (7774 of 14166)
17:04:20 PR 93469  (7775 of 14166)
17:04:23 PR 93468  (7776 of 14166)
17:04:25 PR 93465  (7777 of 14166)
17:04:27 PR 93464  (7778 of 14166)
17:04:29 PR 93463  (7779 of 14166)
17:04:31 PR 93462  (7780 of 14166)
17:04:38 PR 93461  (7781 of 14166)
17:04:40 PR 93460  (7782 of 14166)
17:04:43 PR 93459  (7783 of 14166)
17:04:45 PR 93457  (7784 of 14166)
17:04:48 PR 93456  (7785 of 14166)
17:04:50 PR 93455  (7786 of 14166)
17:04:52 PR 93454  (7787 of 14166)
17:04:55 PR 93453  (7788 of 14166)
17:04:58 PR 93452  (7789 of 14166)
17:05:00 PR 93451  (7790 of 14166)
17:05:07 PR 93450  (7791 of 14166)
17:05:11 PR 93449  (7792 of 14166)
17:05:13 PR 93448  (7793 of 14166)
17:05:15 PR 93447  (7794 of 14166)
17:05:17 PR 93446  (7795 of 14166)
17:05:19 PR 93443  (7796 of 14166)
17:05:21 PR 93442  (7797 of 14166)
17:05:24 PR 93441  (7798 of 14166)
17:05:25 PR 93440  (7799 of 14166)
17:05:28 PR 93439  (7800 of 14166)
17:05:30 PR 93438  (7801 of 14166)
17:05:32 PR 93437  (7802 of 14166)
17:05:34 PR 93436  (7803 of 14166)
17:05:36 PR 93435  (7804 of 14166)
17:05:38 PR 93434  (7805 of 14166)
17:05:40 PR 93433  (7806 of 14166)
17:05:42 PR 93432  (7807 of 14166)
17:05:44 PR 93431  (7808 of 14166)
17:05:46 PR 93430  (7809 of 14166)
17:05:48 PR 93429  (7810 of 14166)
17:05:51 PR 93428  (7811 of 14166)
17:05:53 PR 93426  (7812 of 14166)
17:05:55 PR 93425  (7813 of 14166)
17:05:57 PR 93423  (7814 of 14166)
17:05:59 PR 93422  (7815 of 14166)
17:06:01 PR 93421  (7816 of 14166)
17:06:03 PR 93420  (7817 of 14166)
17:06:05 PR 93419  (7818 of 14166)
17:06:07 PR 93418  (7819 of 14166)
17:06:09 PR 93417  (7820 of 14166)
17:06:11 PR 93416  (7821 of 14166)
17:06:13 PR 93415  (7822 of 14166)
17:06:15 PR 93414  (7823 of 14166)
17:06:17 PR 93413  (7824 of 14166)
17:06:19 PR 93412  (7825 of 14166)
17:06:21 PR 93411  (7826 of 14166)
17:06:23 PR 93410  (7827 of 14166)
17:06:25 PR 93409  (7828 of 14166)
17:06:27 PR 93407  (7829 of 14166)
17:06:29 PR 93406  (7830 of 14166)
17:06:32 PR 93405  (7831 of 14166)
17:06:33 PR 93404  (7832 of 14166)
17:06:35 PR 93403  (7833 of 14166)
17:06:37 PR 93402  (7834 of 14166)
17:06:39 PR 93401  (7835 of 14166)
17:06:41 PR 93400  (7836 of 14166)
17:06:44 PR 93399  (7837 of 14166)
17:06:45 PR 93398  (7838 of 14166)
17:06:47 PR 93396  (7839 of 14166)
17:06:50 PR 93395  (7840 of 14166)
17:06:52 PR 93394  (7841 of 14166)
17:06:54 PR 93393  (7842 of 14166)
17:06:57 PR 93392  (7843 of 14166)
17:06:59 PR 93391  (7844 of 14166)
17:07:01 PR 93390  (7845 of 14166)
17:07:04 PR 93389  (7846 of 14166)
17:07:06 PR 93388  (7847 of 14166)
17:07:08 PR 93387  (7848 of 14166)
17:07:10 PR 93386  (7849 of 14166)
17:07:12 PR 93385  (7850 of 14166)
17:07:14 PR 93384  (7851 of 14166)
17:07:17 PR 93383  (7852 of 14166)
17:07:19 PR 93382  (7853 of 14166)
17:07:21 PR 93381  (7854 of 14166)
17:07:23 PR 93380  (7855 of 14166)
17:07:25 PR 93379  (7856 of 14166)
17:07:28 PR 93378  (7857 of 14166)
17:07:30 PR 93377  (7858 of 14166)
17:07:31 PR 93376  (7859 of 14166)
17:07:34 PR 93374  (7860 of 14166)
17:07:35 PR 93373  (7861 of 14166)
17:07:37 PR 93372  (7862 of 14166)
17:07:39 PR 93371  (7863 of 14166)
17:07:41 PR 93370  (7864 of 14166)
17:07:42 PR 93369  (7865 of 14166)
17:07:44 PR 93368  (7866 of 14166)
17:07:46 PR 93367  (7867 of 14166)
17:07:47 PR 93366  (7868 of 14166)
17:07:49 PR 93365  (7869 of 14166)
17:07:51 PR 93363  (7870 of 14166)
17:07:53 PR 93362  (7871 of 14166)
17:07:55 PR 93361  (7872 of 14166)
17:07:57 PR 93360  (7873 of 14166)
17:08:00 PR 93359  (7874 of 14166)
17:08:02 PR 93358  (7875 of 14166)
17:08:04 PR 93357  (7876 of 14166)
17:08:06 PR 93354  (7877 of 14166)
17:08:08 PR 93353  (7878 of 14166)
17:08:10 PR 93352  (7879 of 14166)
17:08:12 PR 93351  (7880 of 14166)
17:08:14 PR 93349  (7881 of 14166)
17:08:16 PR 93348  (7882 of 14166)
17:08:18 PR 93347  (7883 of 14166)
17:08:20 PR 93346  (7884 of 14166)
17:08:22 PR 93345  (7885 of 14166)
17:08:24 PR 93343  (7886 of 14166)
17:08:26 PR 93341  (7887 of 14166)
17:08:28 PR 93340  (7888 of 14166)
17:08:30 PR 93339  (7889 of 14166)
17:08:32 PR 93338  (7890 of 14166)
17:08:34 PR 93337  (7891 of 14166)
17:08:36 PR 93335  (7892 of 14166)
17:08:39 PR 93334  (7893 of 14166)
17:08:41 PR 93333  (7894 of 14166)
17:08:43 PR 93332  (7895 of 14166)
17:08:45 PR 93331  (7896 of 14166)
17:08:47 PR 93330  (7897 of 14166)
17:08:50 PR 93328  (7898 of 14166)
17:08:52 PR 93327  (7899 of 14166)
17:08:54 PR 93325  (7900 of 14166)
17:08:56 PR 93324  (7901 of 14166)
17:08:59 PR 93323  (7902 of 14166)
17:09:01 PR 93322  (7903 of 14166)
17:09:04 PR 93320  (7904 of 14166)
17:09:06 PR 93318  (7905 of 14166)
17:09:08 PR 93317  (7906 of 14166)
17:09:10 PR 93316  (7907 of 14166)
17:09:12 PR 93314  (7908 of 14166)
17:09:15 PR 93313  (7909 of 14166)
17:09:17 PR 93312  (7910 of 14166)
17:09:19 PR 93311  (7911 of 14166)
17:09:21 PR 93310  (7912 of 14166)
17:09:23 PR 93309  (7913 of 14166)
17:09:26 PR 93308  (7914 of 14166)
17:09:28 PR 93307  (7915 of 14166)
17:09:30 PR 93306  (7916 of 14166)
17:09:33 PR 93305  (7917 of 14166)
17:09:35 PR 93303  (7918 of 14166)
17:09:38 PR 93302  (7919 of 14166)
17:09:42 PR 93301  (7920 of 14166)
17:09:45 PR 93300  (7921 of 14166)
17:09:47 PR 93299  (7922 of 14166)
17:09:49 PR 93298  (7923 of 14166)
17:09:51 PR 93297  (7924 of 14166)
17:09:53 PR 93296  (7925 of 14166)
17:09:56 PR 93294  (7926 of 14166)
17:09:58 PR 93293  (7927 of 14166)
17:09:59 PR 93292  (7928 of 14166)
17:10:02 PR 93291  (7929 of 14166)
17:10:04 PR 93290  (7930 of 14166)
17:10:06 PR 93289  (7931 of 14166)
17:10:08 PR 93288  (7932 of 14166)
17:10:10 PR 93286  (7933 of 14166)
17:10:16 PR 93285  (7934 of 14166)
17:10:18 PR 93284  (7935 of 14166)
17:10:21 PR 93282  (7936 of 14166)
17:10:24 PR 93281  (7937 of 14166)
17:10:26 PR 93280  (7938 of 14166)
17:10:28 PR 93279  (7939 of 14166)
17:10:31 PR 93278  (7940 of 14166)
17:10:33 PR 93276  (7941 of 14166)
17:10:35 PR 93275  (7942 of 14166)
17:10:38 PR 93273  (7943 of 14166)
17:10:40 PR 93272  (7944 of 14166)
17:10:42 PR 93271  (7945 of 14166)
17:10:44 PR 93270  (7946 of 14166)
17:10:46 PR 93269  (7947 of 14166)
17:39:29 starting - 7947 PRs already saved, skipping those
17:39:29 reusing cached list of 14166 PR numbers
17:39:31 PR 93268  (7948 of 14166)
17:39:34 PR 93267  (7949 of 14166)
17:39:37 PR 93263  (7950 of 14166)
17:39:39 PR 93262  (7951 of 14166)
17:39:41 PR 93260  (7952 of 14166)
17:39:43 PR 93259  (7953 of 14166)
17:39:45 PR 93258  (7954 of 14166)
17:39:47 PR 93255  (7955 of 14166)
17:39:50 PR 93253  (7956 of 14166)
17:39:52 PR 93252  (7957 of 14166)
17:39:54 PR 93251  (7958 of 14166)
17:39:56 PR 93250  (7959 of 14166)
17:39:57 PR 93249  (7960 of 14166)
17:40:00 PR 93248  (7961 of 14166)
17:40:02 PR 93247  (7962 of 14166)
17:40:05 PR 93246  (7963 of 14166)
17:40:07 PR 93244  (7964 of 14166)
17:40:10 PR 93243  (7965 of 14166)
17:40:13 PR 93242  (7966 of 14166)
17:40:16 PR 93240  (7967 of 14166)
17:40:18 PR 93239  (7968 of 14166)
17:40:20 PR 93238  (7969 of 14166)
17:40:22 PR 93237  (7970 of 14166)
17:40:24 PR 93236  (7971 of 14166)
17:40:26 PR 93235  (7972 of 14166)
17:40:29 PR 93234  (7973 of 14166)
17:40:31 PR 93233  (7974 of 14166)
17:40:33 PR 93232  (7975 of 14166)
17:40:35 PR 93230  (7976 of 14166)
17:40:37 PR 93229  (7977 of 14166)
17:40:39 PR 93228  (7978 of 14166)
17:40:42 PR 93227  (7979 of 14166)
17:40:44 PR 93226  (7980 of 14166)
17:40:47 PR 93225  (7981 of 14166)
17:40:49 PR 93224  (7982 of 14166)
17:40:51 PR 93222  (7983 of 14166)
17:40:53 PR 93221  (7984 of 14166)
17:40:55 PR 93219  (7985 of 14166)
17:40:58 PR 93218  (7986 of 14166)
17:41:00 PR 93217  (7987 of 14166)
17:41:03 PR 93216  (7988 of 14166)
17:41:05 PR 93215  (7989 of 14166)
17:41:07 PR 93213  (7990 of 14166)
17:41:09 PR 93212  (7991 of 14166)
17:41:11 PR 93211  (7992 of 14166)
17:41:13 PR 93210  (7993 of 14166)
17:41:15 PR 93208  (7994 of 14166)
17:41:17 PR 93207  (7995 of 14166)
17:41:19 PR 93206  (7996 of 14166)
17:41:21 PR 93205  (7997 of 14166)
17:41:24 PR 93204  (7998 of 14166)
17:41:26 PR 93203  (7999 of 14166)
17:41:29 PR 93202  (8000 of 14166)
17:41:31 PR 93201  (8001 of 14166)
17:41:33 PR 93200  (8002 of 14166)
17:41:37 PR 93198  (8003 of 14166)
17:41:39 PR 93197  (8004 of 14166)
17:41:41 PR 93196  (8005 of 14166)
17:41:43 PR 93195  (8006 of 14166)
17:41:45 PR 93194  (8007 of 14166)
17:41:48 PR 93192  (8008 of 14166)
17:41:50 PR 93191  (8009 of 14166)
17:41:53 PR 93190  (8010 of 14166)
17:41:55 PR 93189  (8011 of 14166)
17:41:57 PR 93188  (8012 of 14166)
17:41:59 PR 93187  (8013 of 14166)
17:42:02 PR 93186  (8014 of 14166)
17:42:04 PR 93185  (8015 of 14166)
17:42:06 PR 93184  (8016 of 14166)
17:42:09 PR 93183  (8017 of 14166)
17:42:11 PR 93182  (8018 of 14166)
17:42:13 PR 93181  (8019 of 14166)
17:42:15 PR 93178  (8020 of 14166)
17:42:17 PR 93177  (8021 of 14166)
17:42:19 PR 93176  (8022 of 14166)
17:42:22 PR 93175  (8023 of 14166)
17:42:25 PR 93174  (8024 of 14166)
17:42:28 PR 93173  (8025 of 14166)
17:42:30 PR 93171  (8026 of 14166)
17:42:33 PR 93167  (8027 of 14166)
17:42:35 PR 94564  (8028 of 14166)
17:42:37 PR 94563  (8029 of 14166)
17:42:40 PR 94562  (8030 of 14166)
17:42:43 PR 94558  (8031 of 14166)
17:42:45 PR 94557  (8032 of 14166)
17:42:47 PR 94555  (8033 of 14166)
17:42:49 PR 94554  (8034 of 14166)
17:42:51 PR 94553  (8035 of 14166)
17:42:54 PR 94552  (8036 of 14166)
17:42:56 PR 94551  (8037 of 14166)
17:42:58 PR 94550  (8038 of 14166)
17:43:00 PR 94548  (8039 of 14166)
17:43:02 PR 94547  (8040 of 14166)
17:43:04 PR 94546  (8041 of 14166)
17:43:06 PR 94545  (8042 of 14166)
17:43:08 PR 94544  (8043 of 14166)
17:43:11 PR 94543  (8044 of 14166)
17:43:13 PR 94542  (8045 of 14166)
17:43:15 PR 94540  (8046 of 14166)
17:43:17 PR 94538  (8047 of 14166)
17:43:20 PR 94537  (8048 of 14166)
17:43:22 PR 94536  (8049 of 14166)
17:43:25 PR 94535  (8050 of 14166)
17:43:27 PR 94534  (8051 of 14166)
17:43:29 PR 94533  (8052 of 14166)
17:43:31 PR 94532  (8053 of 14166)
17:43:34 PR 94531  (8054 of 14166)
17:43:36 PR 94530  (8055 of 14166)
17:43:38 PR 94529  (8056 of 14166)
17:43:40 PR 94528  (8057 of 14166)
17:43:42 PR 94527  (8058 of 14166)
17:43:44 PR 94526  (8059 of 14166)
17:43:47 PR 94525  (8060 of 14166)
17:43:49 PR 94524  (8061 of 14166)
17:43:52 PR 94523  (8062 of 14166)
17:43:55 PR 94522  (8063 of 14166)
17:43:57 PR 94521  (8064 of 14166)
17:44:00 PR 94520  (8065 of 14166)
17:44:02 PR 94519  (8066 of 14166)
17:44:05 PR 94518  (8067 of 14166)
17:44:07 PR 94516  (8068 of 14166)
17:44:10 PR 94515  (8069 of 14166)
17:44:12 PR 94514  (8070 of 14166)
17:44:14 PR 94513  (8071 of 14166)
17:44:17 PR 94512  (8072 of 14166)
17:44:20 PR 94511  (8073 of 14166)
17:44:22 PR 94510  (8074 of 14166)
17:44:24 PR 94508  (8075 of 14166)
17:44:26 PR 94507  (8076 of 14166)
17:44:29 PR 94506  (8077 of 14166)
17:44:31 PR 94505  (8078 of 14166)
17:44:34 PR 94504  (8079 of 14166)
17:44:36 PR 94503  (8080 of 14166)
17:44:39 PR 94502  (8081 of 14166)
17:44:41 PR 94501  (8082 of 14166)
17:44:43 PR 94500  (8083 of 14166)
17:44:47 PR 94498  (8084 of 14166)
17:44:49 PR 94495  (8085 of 14166)
17:44:52 PR 94494  (8086 of 14166)
17:44:54 PR 94493  (8087 of 14166)
17:44:57 PR 94492  (8088 of 14166)
17:45:00 PR 94491  (8089 of 14166)
17:45:02 PR 94490  (8090 of 14166)
17:45:04 PR 94489  (8091 of 14166)
17:45:06 PR 94488  (8092 of 14166)
17:45:09 PR 94487  (8093 of 14166)
17:45:12 PR 94486  (8094 of 14166)
17:45:14 PR 94485  (8095 of 14166)
17:45:16 PR 94484  (8096 of 14166)
17:45:18 PR 94483  (8097 of 14166)
17:45:20 PR 94482  (8098 of 14166)
17:45:22 PR 94481  (8099 of 14166)
17:45:24 PR 94480  (8100 of 14166)
17:45:27 PR 94479  (8101 of 14166)
17:45:29 PR 94478  (8102 of 14166)
17:45:31 PR 94477  (8103 of 14166)
17:45:34 PR 94475  (8104 of 14166)
17:45:36 PR 94474  (8105 of 14166)
17:45:38 PR 94471  (8106 of 14166)
17:45:41 PR 94470  (8107 of 14166)
17:45:44 PR 94469  (8108 of 14166)
17:45:46 PR 94468  (8109 of 14166)
17:45:48 PR 94467  (8110 of 14166)
17:45:50 PR 94466  (8111 of 14166)
17:45:53 PR 94465  (8112 of 14166)
17:45:55 PR 94464  (8113 of 14166)
17:45:56 PR 94462  (8114 of 14166)
17:45:59 PR 94461  (8115 of 14166)
17:46:01 PR 94459  (8116 of 14166)
17:46:02 PR 94458  (8117 of 14166)
17:46:05 PR 94457  (8118 of 14166)
17:46:07 PR 94456  (8119 of 14166)
17:46:10 PR 94455  (8120 of 14166)
17:46:12 PR 94454  (8121 of 14166)
17:46:14 PR 94453  (8122 of 14166)
17:46:17 PR 94451  (8123 of 14166)
17:46:19 PR 94450  (8124 of 14166)
17:46:21 PR 94449  (8125 of 14166)
17:46:23 PR 94448  (8126 of 14166)
17:46:25 PR 94447  (8127 of 14166)
17:46:27 PR 94446  (8128 of 14166)
17:46:29 PR 94444  (8129 of 14166)
17:46:31 PR 94443  (8130 of 14166)
17:46:33 PR 94442  (8131 of 14166)
17:46:35 PR 94441  (8132 of 14166)
17:46:37 PR 94440  (8133 of 14166)
17:46:40 PR 94439  (8134 of 14166)
17:46:42 PR 94437  (8135 of 14166)
17:46:44 PR 94434  (8136 of 14166)
17:46:48 PR 94433  (8137 of 14166)
17:46:50 PR 94432  (8138 of 14166)
17:46:53 PR 94431  (8139 of 14166)
17:46:55 PR 94429  (8140 of 14166)
17:46:58 PR 94428  (8141 of 14166)
17:47:00 PR 94427  (8142 of 14166)
17:47:01 PR 94426  (8143 of 14166)
17:47:03 PR 94424  (8144 of 14166)
17:47:05 PR 94423  (8145 of 14166)
17:47:07 PR 94421  (8146 of 14166)
17:47:10 PR 94420  (8147 of 14166)
17:47:13 PR 94419  (8148 of 14166)
17:47:15 PR 94415  (8149 of 14166)
17:47:17 PR 94414  (8150 of 14166)
17:47:19 PR 94413  (8151 of 14166)
17:47:21 PR 94409  (8152 of 14166)
17:47:22 PR 94408  (8153 of 14166)
17:47:26 PR 94407  (8154 of 14166)
17:47:28 PR 94406  (8155 of 14166)
17:47:30 PR 94403  (8156 of 14166)
17:47:33 PR 94402  (8157 of 14166)
17:47:35 PR 94401  (8158 of 14166)
17:47:37 PR 94400  (8159 of 14166)
17:47:39 PR 94399  (8160 of 14166)
17:47:42 PR 94398  (8161 of 14166)
17:47:44 PR 94397  (8162 of 14166)
17:47:46 PR 94396  (8163 of 14166)
17:47:49 PR 94394  (8164 of 14166)
17:47:51 PR 94393  (8165 of 14166)
17:47:54 PR 94392  (8166 of 14166)
17:47:57 PR 94391  (8167 of 14166)
17:47:59 PR 94390  (8168 of 14166)
17:48:01 PR 94388  (8169 of 14166)
17:48:03 PR 94387  (8170 of 14166)
17:48:05 PR 94386  (8171 of 14166)
17:48:07 PR 94385  (8172 of 14166)
17:48:09 PR 94384  (8173 of 14166)
17:48:12 PR 94383  (8174 of 14166)
17:48:15 PR 94379  (8175 of 14166)
17:48:17 PR 94378  (8176 of 14166)
17:48:19 PR 94377  (8177 of 14166)
17:48:21 PR 94376  (8178 of 14166)
17:48:23 PR 94375  (8179 of 14166)
17:48:25 PR 94374  (8180 of 14166)
17:48:28 PR 94373  (8181 of 14166)
17:48:30 PR 94372  (8182 of 14166)
17:48:31 PR 94371  (8183 of 14166)
17:48:33 PR 94370  (8184 of 14166)
17:48:36 PR 94369  (8185 of 14166)
17:48:38 PR 94368  (8186 of 14166)
17:48:40 PR 94367  (8187 of 14166)
17:48:42 PR 94365  (8188 of 14166)
17:48:45 PR 94363  (8189 of 14166)
17:48:46 PR 94362  (8190 of 14166)
17:48:48 PR 94361  (8191 of 14166)
17:48:50 PR 94360  (8192 of 14166)
17:48:53 PR 94359  (8193 of 14166)
17:48:55 PR 94358  (8194 of 14166)
17:48:57 PR 94357  (8195 of 14166)
17:48:59 PR 94356  (8196 of 14166)
17:49:00 PR 94355  (8197 of 14166)
17:49:02 PR 94354  (8198 of 14166)
17:49:04 PR 94347  (8199 of 14166)
17:49:06 PR 94345  (8200 of 14166)
17:49:09 PR 94344  (8201 of 14166)
17:49:11 PR 94343  (8202 of 14166)
17:49:14 PR 94342  (8203 of 14166)
17:49:16 PR 94341  (8204 of 14166)
17:49:18 PR 94340  (8205 of 14166)
17:49:21 PR 94339  (8206 of 14166)
17:49:23 PR 94338  (8207 of 14166)
17:49:25 PR 94337  (8208 of 14166)
17:49:27 PR 94336  (8209 of 14166)
17:49:29 PR 94335  (8210 of 14166)
17:49:31 PR 94334  (8211 of 14166)
17:49:33 PR 94333  (8212 of 14166)
17:49:35 PR 94331  (8213 of 14166)
17:49:38 PR 94330  (8214 of 14166)
17:49:40 PR 94329  (8215 of 14166)
17:49:42 PR 94327  (8216 of 14166)
17:49:43 PR 94324  (8217 of 14166)
17:49:46 PR 94323  (8218 of 14166)
17:49:48 PR 94322  (8219 of 14166)
17:49:50 PR 94321  (8220 of 14166)
17:49:51 PR 94317  (8221 of 14166)
17:49:54 PR 94316  (8222 of 14166)
17:49:56 PR 94314  (8223 of 14166)
17:49:58 PR 94313  (8224 of 14166)
17:50:00 PR 94312  (8225 of 14166)
17:50:03 PR 94311  (8226 of 14166)
17:50:05 PR 94310  (8227 of 14166)
17:50:08 PR 94309  (8228 of 14166)
17:50:10 PR 94308  (8229 of 14166)
17:50:12 PR 94307  (8230 of 14166)
17:50:14 PR 94306  (8231 of 14166)
17:50:17 PR 94305  (8232 of 14166)
17:50:20 PR 94304  (8233 of 14166)
17:50:23 PR 94302  (8234 of 14166)
17:50:25 PR 94301  (8235 of 14166)
17:50:28 PR 94299  (8236 of 14166)
17:50:30 PR 94298  (8237 of 14166)
17:50:33 PR 94297  (8238 of 14166)
17:50:35 PR 94296  (8239 of 14166)
17:50:38 PR 94295  (8240 of 14166)
17:50:41 PR 94294  (8241 of 14166)
17:50:44 PR 94292  (8242 of 14166)
17:50:46 PR 94291  (8243 of 14166)
17:50:48 PR 94290  (8244 of 14166)
17:50:51 PR 94288  (8245 of 14166)
17:50:53 PR 94287  (8246 of 14166)
17:50:55 PR 94286  (8247 of 14166)
17:50:58 PR 94284  (8248 of 14166)
17:51:00 PR 94283  (8249 of 14166)
17:51:03 PR 94280  (8250 of 14166)
17:51:05 PR 94279  (8251 of 14166)
17:51:07 PR 94276  (8252 of 14166)
17:51:09 PR 94274  (8253 of 14166)
17:51:11 PR 94273  (8254 of 14166)
17:51:14 PR 94272  (8255 of 14166)
17:51:17 PR 94270  (8256 of 14166)
17:51:19 PR 94267  (8257 of 14166)
17:51:22 PR 94266  (8258 of 14166)
17:51:25 PR 94264  (8259 of 14166)
17:51:27 PR 94263  (8260 of 14166)
17:51:29 PR 94262  (8261 of 14166)
17:51:32 PR 94261  (8262 of 14166)
17:51:34 PR 94260  (8263 of 14166)
17:51:35 PR 94259  (8264 of 14166)
17:51:37 PR 94258  (8265 of 14166)
17:51:40 PR 94257  (8266 of 14166)
17:51:42 PR 94256  (8267 of 14166)
17:51:44 PR 94253  (8268 of 14166)
17:51:46 PR 94252  (8269 of 14166)
17:51:50 PR 94251  (8270 of 14166)
17:51:52 PR 94249  (8271 of 14166)
17:51:54 PR 94248  (8272 of 14166)
17:51:56 PR 94247  (8273 of 14166)
17:51:59 PR 94246  (8274 of 14166)
17:52:01 PR 94245  (8275 of 14166)
17:52:04 PR 94244  (8276 of 14166)
17:52:06 PR 94243  (8277 of 14166)
17:52:07 PR 94242  (8278 of 14166)
17:52:10 PR 94241  (8279 of 14166)
17:52:12 PR 94239  (8280 of 14166)
17:52:14 PR 94236  (8281 of 14166)
17:52:17 PR 94235  (8282 of 14166)
17:52:19 PR 94234  (8283 of 14166)
17:52:21 PR 94233  (8284 of 14166)
17:52:24 PR 94231  (8285 of 14166)
17:52:26 PR 94230  (8286 of 14166)
17:52:30 PR 94229  (8287 of 14166)
17:52:32 PR 94228  (8288 of 14166)
17:52:34 PR 94227  (8289 of 14166)
17:52:37 PR 94226  (8290 of 14166)
17:52:39 PR 94225  (8291 of 14166)
17:52:41 PR 94224  (8292 of 14166)
17:52:44 PR 94223  (8293 of 14166)
17:52:47 PR 94222  (8294 of 14166)
17:52:48 PR 94220  (8295 of 14166)
17:52:50 PR 94219  (8296 of 14166)
17:52:52 PR 94218  (8297 of 14166)
17:52:55 PR 94217  (8298 of 14166)
17:52:57 PR 94216  (8299 of 14166)
17:52:59 PR 94215  (8300 of 14166)
17:53:01 PR 94214  (8301 of 14166)
17:53:03 PR 94212  (8302 of 14166)
17:53:05 PR 94211  (8303 of 14166)
17:53:07 PR 94209  (8304 of 14166)
17:53:09 PR 94208  (8305 of 14166)
17:53:11 PR 94207  (8306 of 14166)
17:53:13 PR 94206  (8307 of 14166)
17:53:15 PR 94205  (8308 of 14166)
17:53:17 PR 94203  (8309 of 14166)
17:53:19 PR 94202  (8310 of 14166)
17:53:21 PR 94200  (8311 of 14166)
17:53:23 PR 94198  (8312 of 14166)
17:53:25 PR 94197  (8313 of 14166)
17:53:27 PR 94196  (8314 of 14166)
17:53:29 PR 94195  (8315 of 14166)
17:53:31 PR 94194  (8316 of 14166)
17:53:33 PR 94193  (8317 of 14166)
17:53:35 PR 94192  (8318 of 14166)
17:53:37 PR 94191  (8319 of 14166)
17:53:39 PR 94190  (8320 of 14166)
17:53:42 PR 94189  (8321 of 14166)
17:53:44 PR 94188  (8322 of 14166)
17:53:46 PR 94187  (8323 of 14166)
17:53:48 PR 94186  (8324 of 14166)
17:53:50 PR 94184  (8325 of 14166)
17:53:52 PR 94183  (8326 of 14166)
17:53:54 PR 94180  (8327 of 14166)
17:53:56 PR 94179  (8328 of 14166)
17:53:58 PR 94178  (8329 of 14166)
17:54:00 PR 94177  (8330 of 14166)
17:54:02 PR 94175  (8331 of 14166)
17:54:04 PR 94174  (8332 of 14166)
17:54:06 PR 94173  (8333 of 14166)
17:54:09 PR 94172  (8334 of 14166)
17:54:11 PR 94171  (8335 of 14166)
17:54:13 PR 94170  (8336 of 14166)
17:54:15 PR 94168  (8337 of 14166)
17:54:19 PR 94167  (8338 of 14166)
17:54:21 PR 94166  (8339 of 14166)
17:54:22 PR 94165  (8340 of 14166)
17:54:25 PR 94164  (8341 of 14166)
17:54:27 PR 94163  (8342 of 14166)
17:54:29 PR 94162  (8343 of 14166)
17:54:31 PR 94159  (8344 of 14166)
17:54:32 PR 94157  (8345 of 14166)
17:54:36 PR 94156  (8346 of 14166)
17:54:38 PR 94155  (8347 of 14166)
17:54:40 PR 94154  (8348 of 14166)
17:54:43 PR 94153  (8349 of 14166)
17:54:45 PR 94152  (8350 of 14166)
17:54:47 PR 94151  (8351 of 14166)
17:54:49 PR 94150  (8352 of 14166)
17:54:52 PR 94149  (8353 of 14166)
17:54:54 PR 94148  (8354 of 14166)
17:54:56 PR 94147  (8355 of 14166)
17:54:59 PR 94146  (8356 of 14166)
17:55:03 PR 94143  (8357 of 14166)
17:55:05 PR 94142  (8358 of 14166)
17:55:08 PR 94141  (8359 of 14166)
17:55:12 PR 94140  (8360 of 14166)
17:55:14 PR 94139  (8361 of 14166)
17:55:16 PR 94138  (8362 of 14166)
17:55:18 PR 94137  (8363 of 14166)
17:55:20 PR 94136  (8364 of 14166)
17:55:22 PR 94135  (8365 of 14166)
17:55:24 PR 94132  (8366 of 14166)
17:55:26 PR 94131  (8367 of 14166)
17:55:29 PR 94130  (8368 of 14166)
17:55:31 PR 94129  (8369 of 14166)
17:55:33 PR 94128  (8370 of 14166)
17:55:35 PR 94126  (8371 of 14166)
17:55:37 PR 94125  (8372 of 14166)
17:55:39 PR 94124  (8373 of 14166)
17:55:41 PR 94123  (8374 of 14166)
17:55:43 PR 94122  (8375 of 14166)
17:55:45 PR 94120  (8376 of 14166)
17:55:48 PR 94119  (8377 of 14166)
17:55:52 PR 94118  (8378 of 14166)
17:55:54 PR 94117  (8379 of 14166)
17:55:56 PR 94116  (8380 of 14166)
17:55:59 PR 94115  (8381 of 14166)
17:56:01 PR 94114  (8382 of 14166)
17:56:03 PR 94113  (8383 of 14166)
17:56:05 PR 94112  (8384 of 14166)
17:56:07 PR 94111  (8385 of 14166)
17:56:09 PR 94110  (8386 of 14166)
17:56:11 PR 94109  (8387 of 14166)
17:56:13 PR 94106  (8388 of 14166)
17:56:15 PR 94105  (8389 of 14166)
17:56:17 PR 94103  (8390 of 14166)
17:56:19 PR 94102  (8391 of 14166)
17:56:21 PR 94101  (8392 of 14166)
17:56:23 PR 94100  (8393 of 14166)
17:56:25 PR 94099  (8394 of 14166)
17:56:27 PR 94098  (8395 of 14166)
17:56:29 PR 94097  (8396 of 14166)
17:56:31 PR 94096  (8397 of 14166)
17:56:33 PR 94095  (8398 of 14166)
17:56:35 PR 94094  (8399 of 14166)
17:56:37 PR 94092  (8400 of 14166)
17:56:39 PR 94091  (8401 of 14166)
17:56:41 PR 94090  (8402 of 14166)
17:56:43 PR 94089  (8403 of 14166)
17:56:45 PR 94088  (8404 of 14166)
17:56:47 PR 94087  (8405 of 14166)
17:56:50 PR 94086  (8406 of 14166)
17:56:53 PR 94085  (8407 of 14166)
17:56:55 PR 94084  (8408 of 14166)
17:56:57 PR 94082  (8409 of 14166)
17:57:00 PR 94081  (8410 of 14166)
17:57:02 PR 94080  (8411 of 14166)
17:57:05 PR 94079  (8412 of 14166)
17:57:07 PR 94078  (8413 of 14166)
17:57:09 PR 94077  (8414 of 14166)
17:57:11 PR 94076  (8415 of 14166)
17:57:13 PR 94075  (8416 of 14166)
17:57:16 PR 94074  (8417 of 14166)
17:57:18 PR 94073  (8418 of 14166)
17:57:20 PR 94072  (8419 of 14166)
17:57:23 PR 94069  (8420 of 14166)
17:57:25 PR 94068  (8421 of 14166)
17:57:26 PR 94067  (8422 of 14166)
17:57:29 PR 94066  (8423 of 14166)
17:57:31 PR 94065  (8424 of 14166)
17:57:33 PR 94064  (8425 of 14166)
17:57:35 PR 94062  (8426 of 14166)
17:57:37 PR 94061  (8427 of 14166)
17:57:39 PR 94060  (8428 of 14166)
17:57:41 PR 94058  (8429 of 14166)
17:57:42 PR 94057  (8430 of 14166)
17:57:44 PR 94056  (8431 of 14166)
17:57:46 PR 94055  (8432 of 14166)
17:57:48 PR 94054  (8433 of 14166)
17:57:50 PR 94053  (8434 of 14166)
17:57:52 PR 94052  (8435 of 14166)
17:57:54 PR 94051  (8436 of 14166)
17:57:56 PR 94048  (8437 of 14166)
17:57:58 PR 94045  (8438 of 14166)
17:58:00 PR 94044  (8439 of 14166)
17:58:02 PR 94043  (8440 of 14166)
17:58:05 PR 94042  (8441 of 14166)
17:58:07 PR 94041  (8442 of 14166)
17:58:10 PR 94040  (8443 of 14166)
17:58:12 PR 94039  (8444 of 14166)
17:58:14 PR 94035  (8445 of 14166)
17:58:16 PR 94034  (8446 of 14166)
17:58:18 PR 94032  (8447 of 14166)
17:58:20 PR 94031  (8448 of 14166)
17:58:22 PR 94030  (8449 of 14166)
17:58:24 PR 94029  (8450 of 14166)
17:58:26 PR 94028  (8451 of 14166)
17:58:28 PR 94026  (8452 of 14166)
17:58:30 PR 94025  (8453 of 14166)
17:58:32 PR 94024  (8454 of 14166)
17:58:35 PR 94023  (8455 of 14166)
17:58:37 PR 94022  (8456 of 14166)
17:58:39 PR 94021  (8457 of 14166)
17:58:41 PR 94020  (8458 of 14166)
17:58:43 PR 94019  (8459 of 14166)
17:58:45 PR 94018  (8460 of 14166)
17:58:47 PR 94017  (8461 of 14166)
17:58:49 PR 94016  (8462 of 14166)
17:58:51 PR 94015  (8463 of 14166)
17:58:53 PR 94013  (8464 of 14166)
17:58:56 PR 94012  (8465 of 14166)
17:58:58 PR 94011  (8466 of 14166)
17:59:00 PR 94009  (8467 of 14166)
17:59:02 PR 94007  (8468 of 14166)
17:59:05 PR 94005  (8469 of 14166)
17:59:08 PR 94004  (8470 of 14166)
17:59:10 PR 94003  (8471 of 14166)
17:59:12 PR 94002  (8472 of 14166)
17:59:15 PR 94001  (8473 of 14166)
17:59:17 PR 93998  (8474 of 14166)
17:59:18 PR 93997  (8475 of 14166)
17:59:20 PR 93996  (8476 of 14166)
17:59:22 PR 93995  (8477 of 14166)
17:59:25 PR 93994  (8478 of 14166)
17:59:27 PR 93992  (8479 of 14166)
17:59:30 PR 93991  (8480 of 14166)
17:59:32 PR 93990  (8481 of 14166)
17:59:35 PR 93989  (8482 of 14166)
17:59:37 PR 93988  (8483 of 14166)
17:59:39 PR 93987  (8484 of 14166)
17:59:41 PR 93985  (8485 of 14166)
17:59:43 PR 93984  (8486 of 14166)
17:59:45 PR 93983  (8487 of 14166)
17:59:48 PR 93980  (8488 of 14166)
17:59:50 PR 93979  (8489 of 14166)
17:59:52 PR 93977  (8490 of 14166)
17:59:54 PR 93976  (8491 of 14166)
17:59:56 PR 93975  (8492 of 14166)
17:59:58 PR 93974  (8493 of 14166)
18:00:01 PR 93973  (8494 of 14166)
18:00:03 PR 93972  (8495 of 14166)
18:00:06 PR 93970  (8496 of 14166)
18:00:09 PR 93969  (8497 of 14166)
18:00:11 PR 93968  (8498 of 14166)
18:00:13 PR 93967  (8499 of 14166)
18:00:15 PR 93966  (8500 of 14166)
18:00:18 PR 93965  (8501 of 14166)
18:00:21 PR 93964  (8502 of 14166)
18:00:23 PR 93963  (8503 of 14166)
18:00:25 PR 93962  (8504 of 14166)
18:00:27 PR 95242  (8505 of 14166)
18:00:29 PR 95241  (8506 of 14166)
18:00:31 PR 95240  (8507 of 14166)
18:00:33 PR 95239  (8508 of 14166)
18:00:36 PR 95237  (8509 of 14166)
18:00:38 PR 95236  (8510 of 14166)
18:00:40 PR 95235  (8511 of 14166)
18:00:42 PR 95234  (8512 of 14166)
18:00:45 PR 95233  (8513 of 14166)
18:00:48 PR 95232  (8514 of 14166)
18:00:51 PR 95231  (8515 of 14166)
18:00:53 PR 95230  (8516 of 14166)
18:00:56 PR 95229  (8517 of 14166)
18:00:58 PR 95227  (8518 of 14166)
18:01:00 PR 95226  (8519 of 14166)
18:01:02 PR 95225  (8520 of 14166)
18:01:05 PR 95224  (8521 of 14166)
18:01:07 PR 95223  (8522 of 14166)
18:01:09 PR 95222  (8523 of 14166)
18:01:11 PR 95221  (8524 of 14166)
18:01:13 PR 95220  (8525 of 14166)
18:01:16 PR 95219  (8526 of 14166)
18:01:18 PR 95218  (8527 of 14166)
18:01:20 PR 95217  (8528 of 14166)
18:01:22 PR 95216  (8529 of 14166)
18:01:24 PR 95215  (8530 of 14166)
18:01:26 PR 95213  (8531 of 14166)
18:01:28 PR 95212  (8532 of 14166)
18:01:30 PR 95211  (8533 of 14166)
18:01:33 PR 95210  (8534 of 14166)
18:01:35 PR 95209  (8535 of 14166)
18:01:37 PR 95208  (8536 of 14166)
18:01:40 PR 95207  (8537 of 14166)
18:01:43 PR 95206  (8538 of 14166)
18:01:45 PR 95205  (8539 of 14166)
18:01:47 PR 95204  (8540 of 14166)
18:01:49 PR 95203  (8541 of 14166)
18:01:51 PR 95201  (8542 of 14166)
18:01:54 PR 95200  (8543 of 14166)
18:01:56 PR 95199  (8544 of 14166)
18:01:58 PR 95198  (8545 of 14166)
18:02:00 PR 95197  (8546 of 14166)
18:02:02 PR 95196  (8547 of 14166)
18:02:04 PR 95195  (8548 of 14166)
18:02:06 PR 95193  (8549 of 14166)
18:02:09 PR 95191  (8550 of 14166)
18:02:11 PR 95190  (8551 of 14166)
18:02:14 PR 95189  (8552 of 14166)
18:02:16 PR 95188  (8553 of 14166)
18:02:18 PR 95187  (8554 of 14166)
18:02:20 PR 95186  (8555 of 14166)
18:02:22 PR 95185  (8556 of 14166)
18:02:24 PR 95184  (8557 of 14166)
18:02:26 PR 95183  (8558 of 14166)
18:02:28 PR 95182  (8559 of 14166)
18:02:31 PR 95181  (8560 of 14166)
18:02:33 PR 95180  (8561 of 14166)
18:02:36 PR 95179  (8562 of 14166)
18:02:38 PR 95178  (8563 of 14166)
18:02:39 PR 95177  (8564 of 14166)
18:02:42 PR 95176  (8565 of 14166)
18:02:44 PR 95175  (8566 of 14166)
18:02:47 PR 95174  (8567 of 14166)
18:02:49 PR 95173  (8568 of 14166)
18:02:52 PR 95171  (8569 of 14166)
18:02:54 PR 95168  (8570 of 14166)
18:02:56 PR 95166  (8571 of 14166)
18:02:58 PR 95165  (8572 of 14166)
18:03:00 PR 95164  (8573 of 14166)
18:03:03 PR 95163  (8574 of 14166)
18:03:06 PR 95162  (8575 of 14166)
18:03:07 PR 95161  (8576 of 14166)
18:03:10 PR 95160  (8577 of 14166)
18:03:12 PR 95159  (8578 of 14166)
18:03:15 PR 95158  (8579 of 14166)
18:03:18 PR 95157  (8580 of 14166)
18:03:21 PR 95156  (8581 of 14166)
18:03:24 PR 95153  (8582 of 14166)
18:03:26 PR 95152  (8583 of 14166)
18:03:29 PR 95151  (8584 of 14166)
18:03:31 PR 95149  (8585 of 14166)
18:03:34 PR 95145  (8586 of 14166)
18:03:36 PR 95143  (8587 of 14166)
18:03:39 PR 95141  (8588 of 14166)
18:03:41 PR 95140  (8589 of 14166)
18:03:43 PR 95139  (8590 of 14166)
18:03:45 PR 95138  (8591 of 14166)
18:03:48 PR 95137  (8592 of 14166)
18:03:50 PR 95135  (8593 of 14166)
18:03:53 PR 95134  (8594 of 14166)
18:03:56 PR 95133  (8595 of 14166)
18:03:58 PR 95132  (8596 of 14166)
18:04:00 PR 95130  (8597 of 14166)
18:04:02 PR 95129  (8598 of 14166)
18:04:05 PR 95127  (8599 of 14166)
18:04:07 PR 95126  (8600 of 14166)
18:04:10 PR 95125  (8601 of 14166)
18:04:13 PR 95124  (8602 of 14166)
18:04:15 PR 95122  (8603 of 14166)
18:04:16 PR 95121  (8604 of 14166)
18:04:18 PR 95120  (8605 of 14166)
18:04:21 PR 95118  (8606 of 14166)
18:04:23 PR 95117  (8607 of 14166)
18:04:25 PR 95115  (8608 of 14166)
18:04:28 PR 95112  (8609 of 14166)
18:04:30 PR 95110  (8610 of 14166)
18:04:32 PR 95109  (8611 of 14166)
18:04:34 PR 95108  (8612 of 14166)
18:04:36 PR 95106  (8613 of 14166)
18:04:39 PR 95105  (8614 of 14166)
18:04:41 PR 95103  (8615 of 14166)
18:04:43 PR 95102  (8616 of 14166)
18:04:47 PR 95101  (8617 of 14166)
18:04:50 PR 95100  (8618 of 14166)
18:48:08 starting - 8618 PRs already saved, skipping those
18:48:08 reusing cached list of 14166 PR numbers
18:48:10 PR 95097  (8619 of 14166)
18:48:12 PR 95095  (8620 of 14166)
18:48:14 PR 95094  (8621 of 14166)
18:48:16 PR 95093  (8622 of 14166)
18:48:18 PR 95092  (8623 of 14166)
18:48:20 PR 95091  (8624 of 14166)
18:48:22 PR 95090  (8625 of 14166)
18:48:24 PR 95089  (8626 of 14166)
18:48:27 PR 95088  (8627 of 14166)
18:48:33 PR 95087  (8628 of 14166)
18:48:35 PR 95086  (8629 of 14166)
18:48:37 PR 95082  (8630 of 14166)
18:48:39 PR 95080  (8631 of 14166)
18:48:41 PR 95079  (8632 of 14166)
18:48:45 PR 95078  (8633 of 14166)
18:48:48 PR 95075  (8634 of 14166)
18:48:51 PR 95073  (8635 of 14166)
18:48:53 PR 95072  (8636 of 14166)
18:48:55 PR 95071  (8637 of 14166)
18:48:57 PR 95070  (8638 of 14166)
18:48:59 PR 95069  (8639 of 14166)
18:49:01 PR 95068  (8640 of 14166)
18:49:04 PR 95067  (8641 of 14166)
18:49:07 PR 95065  (8642 of 14166)
18:49:08 PR 95064  (8643 of 14166)
18:49:10 PR 95063  (8644 of 14166)
18:49:13 PR 95062  (8645 of 14166)
18:49:15 PR 95061  (8646 of 14166)
18:49:17 PR 95057  (8647 of 14166)
18:49:20 PR 95056  (8648 of 14166)
18:49:22 PR 95055  (8649 of 14166)
18:49:25 PR 95054  (8650 of 14166)
18:49:27 PR 95053  (8651 of 14166)
18:49:29 PR 95052  (8652 of 14166)
18:49:32 PR 95051  (8653 of 14166)
18:49:34 PR 95050  (8654 of 14166)
18:49:37 PR 95049  (8655 of 14166)
18:49:39 PR 95048  (8656 of 14166)
18:49:41 PR 95047  (8657 of 14166)
18:49:44 PR 95046  (8658 of 14166)
18:49:46 PR 95045  (8659 of 14166)
18:49:48 PR 95044  (8660 of 14166)
18:49:51 PR 95043  (8661 of 14166)
18:49:53 PR 95042  (8662 of 14166)
18:49:55 PR 95041  (8663 of 14166)
18:49:57 PR 95039  (8664 of 14166)
18:50:00 PR 95037  (8665 of 14166)
18:50:03 PR 95034  (8666 of 14166)
18:50:05 PR 95033  (8667 of 14166)
18:50:07 PR 95032  (8668 of 14166)
18:50:10 PR 95031  (8669 of 14166)
18:50:12 PR 95030  (8670 of 14166)
18:50:14 PR 95029  (8671 of 14166)
18:50:17 PR 95027  (8672 of 14166)
18:50:19 PR 95023  (8673 of 14166)
18:50:21 PR 95022  (8674 of 14166)
18:50:23 PR 95021  (8675 of 14166)
18:50:25 PR 95020  (8676 of 14166)
18:50:28 PR 95019  (8677 of 14166)
18:50:31 PR 95018  (8678 of 14166)
18:50:33 PR 95017  (8679 of 14166)
18:50:35 PR 95016  (8680 of 14166)
18:50:38 PR 95014  (8681 of 14166)
18:50:39 PR 95013  (8682 of 14166)
18:50:42 PR 95012  (8683 of 14166)
18:50:44 PR 95011  (8684 of 14166)
18:50:46 PR 95010  (8685 of 14166)
18:50:49 PR 95009  (8686 of 14166)
18:50:52 PR 95008  (8687 of 14166)
18:50:54 PR 95007  (8688 of 14166)
18:50:56 PR 95006  (8689 of 14166)
18:50:58 PR 95005  (8690 of 14166)
18:51:01 PR 95003  (8691 of 14166)
18:51:04 PR 95002  (8692 of 14166)
18:51:06 PR 94998  (8693 of 14166)
18:51:09 PR 94996  (8694 of 14166)
18:51:11 PR 94995  (8695 of 14166)
18:51:13 PR 94994  (8696 of 14166)
18:51:15 PR 94993  (8697 of 14166)
18:51:18 PR 94992  (8698 of 14166)
18:51:20 PR 94991  (8699 of 14166)
18:51:23 PR 94990  (8700 of 14166)
18:51:26 PR 94989  (8701 of 14166)
18:51:28 PR 94988  (8702 of 14166)
18:51:31 PR 94987  (8703 of 14166)
18:51:33 PR 94986  (8704 of 14166)
18:51:35 PR 94985  (8705 of 14166)
18:51:37 PR 94983  (8706 of 14166)
18:51:39 PR 94980  (8707 of 14166)
18:51:42 PR 94978  (8708 of 14166)
18:51:44 PR 94977  (8709 of 14166)
18:51:46 PR 94976  (8710 of 14166)
18:51:48 PR 94975  (8711 of 14166)
18:51:51 PR 94974  (8712 of 14166)
18:51:54 PR 94973  (8713 of 14166)
18:51:56 PR 94972  (8714 of 14166)
18:51:57 PR 94971  (8715 of 14166)
18:52:00 PR 94970  (8716 of 14166)
18:52:02 PR 94969  (8717 of 14166)
18:52:04 PR 94968  (8718 of 14166)
18:52:06 PR 94966  (8719 of 14166)
18:52:09 PR 94965  (8720 of 14166)
18:52:12 PR 94963  (8721 of 14166)
18:52:14 PR 94962  (8722 of 14166)
18:52:17 PR 94961  (8723 of 14166)
18:52:19 PR 94960  (8724 of 14166)
18:52:23 PR 94958  (8725 of 14166)
18:52:26 PR 94957  (8726 of 14166)
18:52:29 PR 94956  (8727 of 14166)
18:52:31 PR 94952  (8728 of 14166)
18:52:33 PR 94951  (8729 of 14166)
18:52:35 PR 94950  (8730 of 14166)
18:52:37 PR 94949  (8731 of 14166)
18:52:40 PR 94948  (8732 of 14166)
18:52:42 PR 94947  (8733 of 14166)
18:52:44 PR 94946  (8734 of 14166)
18:52:47 PR 94945  (8735 of 14166)
18:52:48 PR 94942  (8736 of 14166)
18:52:51 PR 94941  (8737 of 14166)
18:52:54 PR 94940  (8738 of 14166)
18:52:56 PR 94939  (8739 of 14166)
18:52:58 PR 94938  (8740 of 14166)
18:53:00 PR 94937  (8741 of 14166)
18:53:03 PR 94936  (8742 of 14166)
18:53:05 PR 94933  (8743 of 14166)
18:53:07 PR 94932  (8744 of 14166)
18:53:09 PR 94931  (8745 of 14166)
18:53:11 PR 94930  (8746 of 14166)
18:53:13 PR 94929  (8747 of 14166)
18:53:16 PR 94928  (8748 of 14166)
18:53:17 PR 94927  (8749 of 14166)
18:53:19 PR 94926  (8750 of 14166)
18:53:22 PR 94923  (8751 of 14166)
18:53:25 PR 94922  (8752 of 14166)
18:53:28 PR 94921  (8753 of 14166)
18:53:30 PR 94920  (8754 of 14166)
18:53:32 PR 94919  (8755 of 14166)
18:53:34 PR 94918  (8756 of 14166)
18:53:37 PR 94917  (8757 of 14166)
18:53:40 PR 94914  (8758 of 14166)
18:53:41 PR 94913  (8759 of 14166)
18:53:43 PR 94912  (8760 of 14166)
18:53:46 PR 94910  (8761 of 14166)
18:53:49 PR 94904  (8762 of 14166)
18:53:51 PR 94903  (8763 of 14166)
18:53:53 PR 94902  (8764 of 14166)
18:53:55 PR 94901  (8765 of 14166)
18:53:57 PR 94900  (8766 of 14166)
18:53:59 PR 94899  (8767 of 14166)
18:54:01 PR 94898  (8768 of 14166)
18:54:03 PR 94895  (8769 of 14166)
18:54:05 PR 94894  (8770 of 14166)
18:54:07 PR 94892  (8771 of 14166)
18:54:10 PR 94889  (8772 of 14166)
18:54:12 PR 94888  (8773 of 14166)
18:54:14 PR 94886  (8774 of 14166)
18:54:17 PR 94885  (8775 of 14166)
18:54:20 PR 94883  (8776 of 14166)
18:54:22 PR 94882  (8777 of 14166)
18:54:24 PR 94881  (8778 of 14166)
18:54:27 PR 94880  (8779 of 14166)
18:54:28 PR 94879  (8780 of 14166)
18:54:31 PR 94878  (8781 of 14166)
18:54:33 PR 94877  (8782 of 14166)
18:54:35 PR 94876  (8783 of 14166)
18:54:37 PR 94875  (8784 of 14166)
18:54:40 PR 94874  (8785 of 14166)
18:54:42 PR 94873  (8786 of 14166)
18:54:44 PR 94872  (8787 of 14166)
18:54:47 PR 94870  (8788 of 14166)
18:54:49 PR 94869  (8789 of 14166)
18:54:51 PR 94868  (8790 of 14166)
18:54:54 PR 94867  (8791 of 14166)
18:54:57 PR 94866  (8792 of 14166)
18:54:59 PR 94865  (8793 of 14166)
18:55:01 PR 94864  (8794 of 14166)
18:55:03 PR 94863  (8795 of 14166)
18:55:06 PR 94861  (8796 of 14166)
18:55:08 PR 94860  (8797 of 14166)
18:55:10 PR 94859  (8798 of 14166)
18:55:13 PR 94858  (8799 of 14166)
18:55:14 PR 94855  (8800 of 14166)
18:55:17 PR 94854  (8801 of 14166)
18:55:19 PR 94853  (8802 of 14166)
18:55:21 PR 94852  (8803 of 14166)
18:55:24 PR 94851  (8804 of 14166)
18:55:26 PR 94850  (8805 of 14166)
18:55:29 PR 94849  (8806 of 14166)
18:55:31 PR 94847  (8807 of 14166)
18:55:33 PR 94846  (8808 of 14166)
18:55:35 PR 94845  (8809 of 14166)
18:55:37 PR 94843  (8810 of 14166)
18:55:40 PR 94841  (8811 of 14166)
18:55:42 PR 94839  (8812 of 14166)
18:55:44 PR 94837  (8813 of 14166)
18:55:47 PR 94834  (8814 of 14166)
18:55:49 PR 94833  (8815 of 14166)
18:55:52 PR 94832  (8816 of 14166)
18:55:53 PR 94831  (8817 of 14166)
18:55:56 PR 94830  (8818 of 14166)
18:55:58 PR 94829  (8819 of 14166)
18:56:00 PR 94827  (8820 of 14166)
18:56:02 PR 94826  (8821 of 14166)
18:56:05 PR 94824  (8822 of 14166)
18:56:07 PR 94822  (8823 of 14166)
18:56:09 PR 94821  (8824 of 14166)
18:56:11 PR 94820  (8825 of 14166)
18:56:13 PR 94819  (8826 of 14166)
18:56:15 PR 94818  (8827 of 14166)
18:56:17 PR 94817  (8828 of 14166)
18:56:20 PR 94816  (8829 of 14166)
18:56:22 PR 94815  (8830 of 14166)
18:56:24 PR 94814  (8831 of 14166)
18:56:26 PR 94813  (8832 of 14166)
18:56:28 PR 94811  (8833 of 14166)
18:56:31 PR 94810  (8834 of 14166)
18:56:33 PR 94809  (8835 of 14166)
18:56:35 PR 94808  (8836 of 14166)
18:56:37 PR 94807  (8837 of 14166)
18:56:39 PR 94806  (8838 of 14166)
18:56:41 PR 94805  (8839 of 14166)
18:56:43 PR 94803  (8840 of 14166)
18:56:45 PR 94802  (8841 of 14166)
18:56:47 PR 94800  (8842 of 14166)
18:56:49 PR 94799  (8843 of 14166)
18:56:51 PR 94798  (8844 of 14166)
18:56:54 PR 94797  (8845 of 14166)
18:56:56 PR 94796  (8846 of 14166)
18:56:58 PR 94795  (8847 of 14166)
18:57:00 PR 94793  (8848 of 14166)
18:57:02 PR 94792  (8849 of 14166)
18:57:04 PR 94790  (8850 of 14166)
18:57:06 PR 94789  (8851 of 14166)
18:57:08 PR 94787  (8852 of 14166)
18:57:10 PR 94786  (8853 of 14166)
18:57:13 PR 94785  (8854 of 14166)
18:57:15 PR 94784  (8855 of 14166)
18:57:17 PR 94783  (8856 of 14166)
18:57:20 PR 94782  (8857 of 14166)
18:57:22 PR 94779  (8858 of 14166)
18:57:24 PR 94778  (8859 of 14166)
18:57:26 PR 94777  (8860 of 14166)
18:57:28 PR 94775  (8861 of 14166)
18:57:31 PR 94773  (8862 of 14166)
18:57:33 PR 94771  (8863 of 14166)
18:57:36 PR 94770  (8864 of 14166)
18:57:38 PR 94769  (8865 of 14166)
18:57:40 PR 94768  (8866 of 14166)
18:57:42 PR 94766  (8867 of 14166)
18:57:45 PR 94765  (8868 of 14166)
18:57:46 PR 94764  (8869 of 14166)
18:57:48 PR 94763  (8870 of 14166)
18:57:51 PR 94762  (8871 of 14166)
18:57:53 PR 94761  (8872 of 14166)
18:57:55 PR 94760  (8873 of 14166)
18:57:57 PR 94759  (8874 of 14166)
18:57:59 PR 94758  (8875 of 14166)
18:58:01 PR 94757  (8876 of 14166)
18:58:03 PR 94756  (8877 of 14166)
18:58:05 PR 94755  (8878 of 14166)
18:58:07 PR 94754  (8879 of 14166)
18:58:09 PR 94753  (8880 of 14166)
18:58:11 PR 94752  (8881 of 14166)
18:58:13 PR 94751  (8882 of 14166)
18:58:16 PR 94749  (8883 of 14166)
18:58:18 PR 94748  (8884 of 14166)
18:58:20 PR 94747  (8885 of 14166)
18:58:22 PR 94746  (8886 of 14166)
18:58:24 PR 94745  (8887 of 14166)
18:58:26 PR 94744  (8888 of 14166)
18:58:28 PR 94743  (8889 of 14166)
18:58:31 PR 94741  (8890 of 14166)
18:58:33 PR 94740  (8891 of 14166)
18:58:35 PR 94739  (8892 of 14166)
18:58:37 PR 94738  (8893 of 14166)
18:58:39 PR 94737  (8894 of 14166)
18:58:42 PR 94736  (8895 of 14166)
18:58:44 PR 94735  (8896 of 14166)
18:58:47 PR 94734  (8897 of 14166)
18:58:49 PR 94733  (8898 of 14166)
18:58:51 PR 94732  (8899 of 14166)
18:58:54 PR 94731  (8900 of 14166)
18:58:56 PR 94730  (8901 of 14166)
18:58:58 PR 94729  (8902 of 14166)
18:59:00 PR 94726  (8903 of 14166)
18:59:02 PR 94725  (8904 of 14166)
18:59:04 PR 94724  (8905 of 14166)
18:59:06 PR 94723  (8906 of 14166)
18:59:08 PR 94722  (8907 of 14166)
18:59:10 PR 94721  (8908 of 14166)
18:59:11 PR 94720  (8909 of 14166)
18:59:14 PR 94719  (8910 of 14166)
18:59:16 PR 94718  (8911 of 14166)
18:59:18 PR 94717  (8912 of 14166)
18:59:20 PR 94716  (8913 of 14166)
18:59:22 PR 94715  (8914 of 14166)
18:59:24 PR 94713  (8915 of 14166)
18:59:27 PR 94712  (8916 of 14166)
18:59:28 PR 94711  (8917 of 14166)
18:59:30 PR 94710  (8918 of 14166)
18:59:32 PR 94709  (8919 of 14166)
18:59:34 PR 94707  (8920 of 14166)
18:59:36 PR 94706  (8921 of 14166)
18:59:39 PR 94705  (8922 of 14166)
18:59:41 PR 94704  (8923 of 14166)
18:59:43 PR 94701  (8924 of 14166)
18:59:44 PR 94700  (8925 of 14166)
18:59:46 PR 94696  (8926 of 14166)
18:59:48 PR 94695  (8927 of 14166)
18:59:51 PR 94694  (8928 of 14166)
18:59:52 PR 94691  (8929 of 14166)
18:59:54 PR 94690  (8930 of 14166)
18:59:56 PR 94689  (8931 of 14166)
18:59:58 PR 94688  (8932 of 14166)
19:00:01 PR 94687  (8933 of 14166)
19:00:03 PR 94686  (8934 of 14166)
19:00:06 PR 94685  (8935 of 14166)
19:00:08 PR 94684  (8936 of 14166)
19:00:10 PR 94682  (8937 of 14166)
19:00:12 PR 94680  (8938 of 14166)
19:00:14 PR 94679  (8939 of 14166)
19:00:17 PR 94678  (8940 of 14166)
19:00:19 PR 94677  (8941 of 14166)
19:00:21 PR 94676  (8942 of 14166)
19:00:23 PR 94675  (8943 of 14166)
19:00:25 PR 94674  (8944 of 14166)
19:00:27 PR 94673  (8945 of 14166)
19:00:30 PR 94672  (8946 of 14166)
19:00:32 PR 94671  (8947 of 14166)
19:00:33 PR 94670  (8948 of 14166)
19:00:36 PR 94669  (8949 of 14166)
19:00:38 PR 94668  (8950 of 14166)
19:00:40 PR 94666  (8951 of 14166)
19:00:42 PR 94665  (8952 of 14166)
19:00:45 PR 94664  (8953 of 14166)
19:00:47 PR 94663  (8954 of 14166)
19:00:49 PR 94662  (8955 of 14166)
19:00:51 PR 94661  (8956 of 14166)
19:00:53 PR 94660  (8957 of 14166)
19:00:55 PR 94659  (8958 of 14166)
19:00:57 PR 94658  (8959 of 14166)
19:01:00 PR 94657  (8960 of 14166)
19:01:02 PR 94656  (8961 of 14166)
19:01:05 PR 94655  (8962 of 14166)
19:01:07 PR 94654  (8963 of 14166)
19:01:09 PR 94653  (8964 of 14166)
19:01:11 PR 94652  (8965 of 14166)
19:01:13 PR 94651  (8966 of 14166)
19:01:16 PR 94650  (8967 of 14166)
19:01:18 PR 94649  (8968 of 14166)
19:01:21 PR 94648  (8969 of 14166)
19:01:23 PR 94647  (8970 of 14166)
19:01:25 PR 94646  (8971 of 14166)
19:01:27 PR 94645  (8972 of 14166)
19:01:29 PR 94644  (8973 of 14166)
19:01:31 PR 94643  (8974 of 14166)
19:01:34 PR 94642  (8975 of 14166)
19:01:36 PR 94641  (8976 of 14166)
19:01:38 PR 94640  (8977 of 14166)
19:01:40 PR 94639  (8978 of 14166)
19:01:42 PR 94638  (8979 of 14166)
19:01:44 PR 94636  (8980 of 14166)
19:01:46 PR 94635  (8981 of 14166)
19:01:48 PR 94633  (8982 of 14166)
19:01:51 PR 94631  (8983 of 14166)
19:01:53 PR 94630  (8984 of 14166)
19:01:55 PR 94629  (8985 of 14166)
19:01:57 PR 94628  (8986 of 14166)
19:02:00 PR 94627  (8987 of 14166)
19:02:02 PR 94626  (8988 of 14166)
19:02:04 PR 94625  (8989 of 14166)
19:02:06 PR 94623  (8990 of 14166)
19:02:08 PR 94622  (8991 of 14166)
19:02:10 PR 94621  (8992 of 14166)
19:02:12 PR 94620  (8993 of 14166)
19:02:15 PR 94619  (8994 of 14166)
19:02:17 PR 94618  (8995 of 14166)
19:02:20 PR 94617  (8996 of 14166)
19:02:22 PR 94616  (8997 of 14166)
19:02:24 PR 94614  (8998 of 14166)
19:02:26 PR 94613  (8999 of 14166)
19:02:28 PR 94612  (9000 of 14166)
19:02:31 PR 94610  (9001 of 14166)
19:02:33 PR 94609  (9002 of 14166)
19:02:35 PR 94608  (9003 of 14166)
19:02:38 PR 94607  (9004 of 14166)
19:02:40 PR 94606  (9005 of 14166)
19:02:42 PR 94605  (9006 of 14166)
19:02:44 PR 94603  (9007 of 14166)
19:02:46 PR 94601  (9008 of 14166)
19:02:48 PR 94600  (9009 of 14166)
19:02:50 PR 94599  (9010 of 14166)
19:02:52 PR 94597  (9011 of 14166)
19:02:54 PR 94596  (9012 of 14166)
19:02:56 PR 94595  (9013 of 14166)
19:02:59 PR 94594  (9014 of 14166)
19:03:00 PR 94591  (9015 of 14166)
19:03:03 PR 94590  (9016 of 14166)
19:03:05 PR 94589  (9017 of 14166)
19:03:07 PR 94588  (9018 of 14166)
19:03:09 PR 94587  (9019 of 14166)
19:03:11 PR 94586  (9020 of 14166)
19:03:15 PR 94585  (9021 of 14166)
19:03:17 PR 94584  (9022 of 14166)
19:03:19 PR 94583  (9023 of 14166)
19:03:22 PR 94582  (9024 of 14166)
19:03:23 PR 94581  (9025 of 14166)
19:03:25 PR 94580  (9026 of 14166)
19:03:27 PR 94578  (9027 of 14166)
19:03:29 PR 94576  (9028 of 14166)
19:03:31 PR 94575  (9029 of 14166)
19:03:33 PR 94574  (9030 of 14166)
19:03:35 PR 94573  (9031 of 14166)
19:03:38 PR 94571  (9032 of 14166)
19:03:40 PR 94570  (9033 of 14166)
19:03:42 PR 94569  (9034 of 14166)
19:03:45 PR 94568  (9035 of 14166)
19:03:47 PR 94566  (9036 of 14166)
19:03:49 PR 96040  (9037 of 14166)
19:03:52 PR 96039  (9038 of 14166)
19:03:54 PR 96038  (9039 of 14166)
19:03:56 PR 96037  (9040 of 14166)
19:03:59 PR 96036  (9041 of 14166)
19:04:00 PR 96033  (9042 of 14166)
19:04:03 PR 96032  (9043 of 14166)
19:04:05 PR 96031  (9044 of 14166)
19:04:07 PR 96030  (9045 of 14166)
19:04:09 PR 96029  (9046 of 14166)
19:04:12 PR 96028  (9047 of 14166)
19:04:14 PR 96027  (9048 of 14166)
19:04:17 PR 96026  (9049 of 14166)
19:04:19 PR 96023  (9050 of 14166)
19:04:21 PR 96022  (9051 of 14166)
19:04:23 PR 96021  (9052 of 14166)
19:04:25 PR 96020  (9053 of 14166)
19:04:28 PR 96019  (9054 of 14166)
19:04:30 PR 96017  (9055 of 14166)
19:04:32 PR 96015  (9056 of 14166)
19:04:34 PR 96014  (9057 of 14166)
19:04:36 PR 96011  (9058 of 14166)
19:04:38 PR 96010  (9059 of 14166)
19:04:41 PR 96009  (9060 of 14166)
19:04:43 PR 96008  (9061 of 14166)
19:04:45 PR 96006  (9062 of 14166)
19:04:48 PR 96005  (9063 of 14166)
19:04:50 PR 96004  (9064 of 14166)
19:04:52 PR 96003  (9065 of 14166)
19:04:54 PR 96002  (9066 of 14166)
19:04:56 PR 96001  (9067 of 14166)
19:04:58 PR 95999  (9068 of 14166)
19:05:01 PR 95998  (9069 of 14166)
19:05:04 PR 95997  (9070 of 14166)
19:05:06 PR 95996  (9071 of 14166)
19:05:08 PR 95995  (9072 of 14166)
19:05:11 PR 95994  (9073 of 14166)
19:05:13 PR 95993  (9074 of 14166)
19:05:15 PR 95992  (9075 of 14166)
19:05:18 PR 95991  (9076 of 14166)
19:05:20 PR 95990  (9077 of 14166)
19:05:22 PR 95989  (9078 of 14166)
19:05:25 PR 95988  (9079 of 14166)
19:05:27 PR 95987  (9080 of 14166)
19:05:29 PR 95986  (9081 of 14166)
19:05:32 PR 95985  (9082 of 14166)
19:05:34 PR 95984  (9083 of 14166)
19:05:36 PR 95982  (9084 of 14166)
19:05:39 PR 95981  (9085 of 14166)
19:05:41 PR 95980  (9086 of 14166)
19:05:43 PR 95979  (9087 of 14166)
19:05:45 PR 95978  (9088 of 14166)
19:05:47 PR 95976  (9089 of 14166)
19:05:50 PR 95975  (9090 of 14166)
19:05:52 PR 95974  (9091 of 14166)
19:05:55 PR 95972  (9092 of 14166)
19:05:57 PR 95971  (9093 of 14166)
19:06:00 PR 95970  (9094 of 14166)
19:06:02 PR 95969  (9095 of 14166)
19:06:04 PR 95968  (9096 of 14166)
19:06:07 PR 95967  (9097 of 14166)
19:06:09 PR 95966  (9098 of 14166)
19:06:11 PR 95965  (9099 of 14166)
19:06:13 PR 95964  (9100 of 14166)
19:06:15 PR 95962  (9101 of 14166)
19:06:18 PR 95961  (9102 of 14166)
19:06:20 PR 95960  (9103 of 14166)
19:06:22 PR 95959  (9104 of 14166)
19:06:24 PR 95958  (9105 of 14166)
19:06:26 PR 95957  (9106 of 14166)
19:06:29 PR 95956  (9107 of 14166)
19:06:31 PR 95954  (9108 of 14166)
19:06:33 PR 95953  (9109 of 14166)
19:06:35 PR 95951  (9110 of 14166)
19:06:37 PR 95950  (9111 of 14166)
19:06:38 PR 95949  (9112 of 14166)
19:06:40 PR 95948  (9113 of 14166)
19:06:42 PR 95947  (9114 of 14166)
19:06:44 PR 95946  (9115 of 14166)
19:06:46 PR 95945  (9116 of 14166)
19:06:48 PR 95944  (9117 of 14166)
19:06:50 PR 95943  (9118 of 14166)
19:06:52 PR 95942  (9119 of 14166)
19:06:54 PR 95941  (9120 of 14166)
19:06:57 PR 95939  (9121 of 14166)
19:06:59 PR 95937  (9122 of 14166)
19:07:02 PR 95936  (9123 of 14166)
19:07:04 PR 95935  (9124 of 14166)
19:07:06 PR 95934  (9125 of 14166)
19:07:08 PR 95933  (9126 of 14166)
19:07:10 PR 95932  (9127 of 14166)
19:07:12 PR 95931  (9128 of 14166)
19:07:14 PR 95930  (9129 of 14166)
19:07:15 PR 95929  (9130 of 14166)
19:07:18 PR 95928  (9131 of 14166)
19:07:20 PR 95927  (9132 of 14166)
19:07:21 PR 95925  (9133 of 14166)
19:07:23 PR 95924  (9134 of 14166)
19:07:25 PR 95923  (9135 of 14166)
19:07:26 PR 95922  (9136 of 14166)
19:07:29 PR 95921  (9137 of 14166)
19:07:31 PR 95920  (9138 of 14166)
19:07:33 PR 95917  (9139 of 14166)
19:07:34 PR 95916  (9140 of 14166)
19:07:37 PR 95915  (9141 of 14166)
19:07:40 PR 95914  (9142 of 14166)
19:07:42 PR 95913  (9143 of 14166)
19:07:44 PR 95912  (9144 of 14166)
19:07:45 PR 95911  (9145 of 14166)
19:07:47 PR 95910  (9146 of 14166)
19:07:50 PR 95909  (9147 of 14166)
19:07:52 PR 95908  (9148 of 14166)
19:07:54 PR 95907  (9149 of 14166)
19:07:56 PR 95906  (9150 of 14166)
19:08:00 PR 95905  (9151 of 14166)
19:08:03 PR 95904  (9152 of 14166)
19:08:05 PR 95902  (9153 of 14166)
19:08:07 PR 95901  (9154 of 14166)
19:08:08 PR 95900  (9155 of 14166)
19:08:10 PR 95899  (9156 of 14166)
19:08:12 PR 95897  (9157 of 14166)
19:08:15 PR 95896  (9158 of 14166)
19:08:18 PR 95894  (9159 of 14166)
19:08:19 PR 95893  (9160 of 14166)
19:08:21 PR 95892  (9161 of 14166)
19:08:23 PR 95891  (9162 of 14166)
19:08:26 PR 95890  (9163 of 14166)
19:08:28 PR 95889  (9164 of 14166)
19:08:30 PR 95888  (9165 of 14166)
19:08:32 PR 95887  (9166 of 14166)
19:08:34 PR 95886  (9167 of 14166)
19:08:36 PR 95885  (9168 of 14166)
19:08:38 PR 95883  (9169 of 14166)
19:08:40 PR 95882  (9170 of 14166)
19:08:45 PR 95881  (9171 of 14166)
19:08:47 PR 95880  (9172 of 14166)
19:08:49 PR 95879  (9173 of 14166)
19:08:51 PR 95877  (9174 of 14166)
19:08:53 PR 95875  (9175 of 14166)
19:08:55 PR 95874  (9176 of 14166)
19:08:58 PR 95873  (9177 of 14166)
19:09:00 PR 95872  (9178 of 14166)
19:09:02 PR 95871  (9179 of 14166)
19:09:05 PR 95870  (9180 of 14166)
19:09:08 PR 95869  (9181 of 14166)
19:09:09 PR 95868  (9182 of 14166)
19:09:11 PR 95867  (9183 of 14166)
19:09:13 PR 95865  (9184 of 14166)
19:09:16 PR 95864  (9185 of 14166)
19:09:18 PR 95863  (9186 of 14166)
19:09:22 PR 95862  (9187 of 14166)
19:09:25 PR 95861  (9188 of 14166)
19:09:27 PR 95858  (9189 of 14166)
19:09:29 PR 95857  (9190 of 14166)
19:09:32 PR 95856  (9191 of 14166)
19:09:35 PR 95855  (9192 of 14166)
19:09:36 PR 95854  (9193 of 14166)
19:09:38 PR 95853  (9194 of 14166)
19:09:41 PR 95852  (9195 of 14166)
19:09:43 PR 95851  (9196 of 14166)
19:09:45 PR 95848  (9197 of 14166)
19:09:48 PR 95846  (9198 of 14166)
19:09:50 PR 95845  (9199 of 14166)
19:09:52 PR 95844  (9200 of 14166)
19:09:54 PR 95843  (9201 of 14166)
19:09:56 PR 95842  (9202 of 14166)
19:09:59 PR 95841  (9203 of 14166)
19:10:01 PR 95840  (9204 of 14166)
19:10:04 PR 95838  (9205 of 14166)
19:10:06 PR 95837  (9206 of 14166)
19:10:10 PR 95836  (9207 of 14166)
19:10:11 PR 95834  (9208 of 14166)
19:10:14 PR 95833  (9209 of 14166)
19:10:16 PR 95832  (9210 of 14166)
19:10:17 PR 95831  (9211 of 14166)
19:10:19 PR 95830  (9212 of 14166)
19:10:22 PR 95829  (9213 of 14166)
19:10:24 PR 95827  (9214 of 14166)
19:10:26 PR 95826  (9215 of 14166)
19:10:28 PR 95825  (9216 of 14166)
19:10:32 PR 95824  (9217 of 14166)
19:10:42 PR 95823  (9218 of 14166)
19:10:44 PR 95820  (9219 of 14166)
19:10:46 PR 95816  (9220 of 14166)
19:10:48 PR 95815  (9221 of 14166)
19:10:52 PR 95814  (9222 of 14166)
19:10:54 PR 95813  (9223 of 14166)
19:10:56 PR 95812  (9224 of 14166)
19:10:58 PR 95810  (9225 of 14166)
19:11:00 PR 95809  (9226 of 14166)
19:11:02 PR 95808  (9227 of 14166)
19:11:05 PR 95807  (9228 of 14166)
19:11:07 PR 95806  (9229 of 14166)
19:11:09 PR 95805  (9230 of 14166)
19:11:11 PR 95803  (9231 of 14166)
19:11:13 PR 95802  (9232 of 14166)
19:11:15 PR 95801  (9233 of 14166)
19:11:17 PR 95800  (9234 of 14166)
19:11:19 PR 95799  (9235 of 14166)
19:11:21 PR 95798  (9236 of 14166)
19:11:23 PR 95796  (9237 of 14166)
19:11:26 PR 95791  (9238 of 14166)
19:11:27 PR 95790  (9239 of 14166)
19:11:30 PR 95789  (9240 of 14166)
19:11:32 PR 95788  (9241 of 14166)
19:11:34 PR 95785  (9242 of 14166)
19:11:36 PR 95784  (9243 of 14166)
19:11:38 PR 95781  (9244 of 14166)
19:11:40 PR 95780  (9245 of 14166)
19:11:42 PR 95778  (9246 of 14166)
19:21:20 PR 95777  (9247 of 14166)
19:21:44 starting - 9247 PRs already saved, skipping those
19:21:44 reusing cached list of 14166 PR numbers
19:21:46 PR 95776  (9248 of 14166)
19:21:48 PR 95775  (9249 of 14166)
19:21:50 PR 95774  (9250 of 14166)
19:21:52 PR 95773  (9251 of 14166)
19:21:55 PR 95772  (9252 of 14166)
19:21:57 PR 95771  (9253 of 14166)
19:21:58 PR 95770  (9254 of 14166)
19:22:00 PR 95769  (9255 of 14166)
19:22:02 PR 95767  (9256 of 14166)
19:22:04 PR 95765  (9257 of 14166)
19:22:06 PR 95764  (9258 of 14166)
19:22:07 PR 95763  (9259 of 14166)
19:22:09 PR 95761  (9260 of 14166)
19:22:11 PR 95760  (9261 of 14166)
19:22:14 PR 95757  (9262 of 14166)
19:22:16 PR 95756  (9263 of 14166)
19:22:18 PR 95754  (9264 of 14166)
19:22:20 PR 95753  (9265 of 14166)
19:22:22 PR 95752  (9266 of 14166)
19:22:24 PR 95751  (9267 of 14166)
19:22:26 PR 95750  (9268 of 14166)
19:22:27 PR 95749  (9269 of 14166)
19:22:30 PR 95748  (9270 of 14166)
19:22:32 PR 95747  (9271 of 14166)
19:22:34 PR 95746  (9272 of 14166)
19:22:36 PR 95745  (9273 of 14166)
19:22:38 PR 95744  (9274 of 14166)
19:22:41 PR 95743  (9275 of 14166)
19:22:43 PR 95742  (9276 of 14166)
19:22:45 PR 95741  (9277 of 14166)
19:22:47 PR 95740  (9278 of 14166)
19:22:49 PR 95739  (9279 of 14166)
19:22:51 PR 95738  (9280 of 14166)
19:22:53 PR 95737  (9281 of 14166)
19:22:55 PR 95735  (9282 of 14166)
19:22:57 PR 95734  (9283 of 14166)
19:23:00 PR 95733  (9284 of 14166)
19:23:03 PR 95731  (9285 of 14166)
19:23:04 PR 95730  (9286 of 14166)
19:23:07 PR 95727  (9287 of 14166)
19:23:09 PR 95726  (9288 of 14166)
19:23:11 PR 95725  (9289 of 14166)
19:23:14 PR 95723  (9290 of 14166)
19:23:17 PR 95722  (9291 of 14166)
19:23:19 PR 95720  (9292 of 14166)
19:23:21 PR 95719  (9293 of 14166)
19:23:23 PR 95718  (9294 of 14166)
19:23:25 PR 95717  (9295 of 14166)
19:23:26 PR 95716  (9296 of 14166)
19:23:28 PR 95715  (9297 of 14166)
19:23:30 PR 95714  (9298 of 14166)
19:23:32 PR 95713  (9299 of 14166)
19:23:34 PR 95711  (9300 of 14166)
19:23:37 PR 95710  (9301 of 14166)
19:23:39 PR 95709  (9302 of 14166)
19:23:41 PR 95708  (9303 of 14166)
19:23:43 PR 95707  (9304 of 14166)
19:23:45 PR 95706  (9305 of 14166)
19:23:47 PR 95705  (9306 of 14166)
19:23:50 PR 95704  (9307 of 14166)
19:23:51 PR 95703  (9308 of 14166)
19:23:54 PR 95702  (9309 of 14166)
19:23:55 PR 95701  (9310 of 14166)
19:23:58 PR 95700  (9311 of 14166)
19:23:59 PR 95699  (9312 of 14166)
19:24:01 PR 95698  (9313 of 14166)
19:24:03 PR 95696  (9314 of 14166)
19:24:05 PR 95695  (9315 of 14166)
19:24:07 PR 95694  (9316 of 14166)
19:24:09 PR 95693  (9317 of 14166)
19:24:11 PR 95692  (9318 of 14166)
19:24:13 PR 95691  (9319 of 14166)
19:24:15 PR 95690  (9320 of 14166)
19:24:18 PR 95689  (9321 of 14166)
19:24:20 PR 95688  (9322 of 14166)
19:24:22 PR 95687  (9323 of 14166)
19:24:24 PR 95686  (9324 of 14166)
19:24:25 PR 95685  (9325 of 14166)
19:24:28 PR 95684  (9326 of 14166)
19:24:30 PR 95683  (9327 of 14166)
19:24:32 PR 95682  (9328 of 14166)
19:24:34 PR 95681  (9329 of 14166)
19:24:36 PR 95680  (9330 of 14166)
19:24:38 PR 95678  (9331 of 14166)
19:24:40 PR 95677  (9332 of 14166)
19:24:42 PR 95675  (9333 of 14166)
19:24:44 PR 95674  (9334 of 14166)
19:24:46 PR 95673  (9335 of 14166)
19:24:49 PR 95672  (9336 of 14166)
19:24:51 PR 95671  (9337 of 14166)
19:24:53 PR 95670  (9338 of 14166)
19:24:55 PR 95669  (9339 of 14166)
19:24:57 PR 95668  (9340 of 14166)
19:24:59 PR 95667  (9341 of 14166)
19:25:01 PR 95666  (9342 of 14166)
19:25:03 PR 95665  (9343 of 14166)
19:25:06 PR 95664  (9344 of 14166)
19:25:08 PR 95663  (9345 of 14166)
19:25:10 PR 95662  (9346 of 14166)
19:25:11 PR 95660  (9347 of 14166)
19:25:14 PR 95659  (9348 of 14166)
19:25:15 PR 95658  (9349 of 14166)
19:25:18 PR 95657  (9350 of 14166)
19:25:20 PR 95655  (9351 of 14166)
19:25:23 PR 95654  (9352 of 14166)
19:25:25 PR 95652  (9353 of 14166)
19:25:27 PR 95650  (9354 of 14166)
19:25:30 PR 95648  (9355 of 14166)
19:25:33 PR 95645  (9356 of 14166)
19:25:35 PR 95644  (9357 of 14166)
19:25:37 PR 95643  (9358 of 14166)
19:25:40 PR 95642  (9359 of 14166)
19:25:41 PR 95641  (9360 of 14166)
19:25:44 PR 95640  (9361 of 14166)
19:25:45 PR 95639  (9362 of 14166)
19:25:47 PR 95638  (9363 of 14166)
19:25:50 PR 95637  (9364 of 14166)
19:25:52 PR 95636  (9365 of 14166)
19:25:53 PR 95635  (9366 of 14166)
19:25:55 PR 95634  (9367 of 14166)
19:25:57 PR 95632  (9368 of 14166)
19:25:59 PR 95631  (9369 of 14166)
19:26:01 PR 95630  (9370 of 14166)
19:26:03 PR 95629  (9371 of 14166)
19:26:05 PR 95627  (9372 of 14166)
19:26:08 PR 95625  (9373 of 14166)
19:26:10 PR 95624  (9374 of 14166)
19:26:13 PR 95623  (9375 of 14166)
19:26:15 PR 95622  (9376 of 14166)
19:26:17 PR 95621  (9377 of 14166)
19:26:19 PR 95620  (9378 of 14166)
19:26:21 PR 95619  (9379 of 14166)
19:26:23 PR 95618  (9380 of 14166)
19:26:25 PR 95617  (9381 of 14166)
19:26:27 PR 95615  (9382 of 14166)
19:26:29 PR 95613  (9383 of 14166)
19:26:31 PR 95612  (9384 of 14166)
19:26:33 PR 95611  (9385 of 14166)
19:26:35 PR 95610  (9386 of 14166)
19:26:37 PR 95607  (9387 of 14166)
19:26:40 PR 95606  (9388 of 14166)
19:26:42 PR 95605  (9389 of 14166)
19:26:44 PR 95604  (9390 of 14166)
19:26:46 PR 95603  (9391 of 14166)
19:26:48 PR 95602  (9392 of 14166)
19:26:51 PR 95601  (9393 of 14166)
19:26:53 PR 95600  (9394 of 14166)
19:26:55 PR 95598  (9395 of 14166)
19:26:57 PR 95597  (9396 of 14166)
19:27:00 PR 95595  (9397 of 14166)
19:27:02 PR 95594  (9398 of 14166)
19:27:05 PR 95593  (9399 of 14166)
19:27:07 PR 95592  (9400 of 14166)
19:27:09 PR 95591  (9401 of 14166)
19:27:11 PR 95590  (9402 of 14166)
19:27:14 PR 95589  (9403 of 14166)
19:27:16 PR 95588  (9404 of 14166)
19:27:19 PR 95587  (9405 of 14166)
19:27:21 PR 95586  (9406 of 14166)
19:27:23 PR 95585  (9407 of 14166)
19:27:25 PR 95584  (9408 of 14166)
19:27:26 PR 95583  (9409 of 14166)
19:27:29 PR 95582  (9410 of 14166)
19:27:31 PR 95581  (9411 of 14166)
19:27:33 PR 95579  (9412 of 14166)
19:27:36 PR 95578  (9413 of 14166)
19:27:38 PR 95577  (9414 of 14166)
19:27:40 PR 95576  (9415 of 14166)
19:27:42 PR 95575  (9416 of 14166)
19:27:44 PR 95573  (9417 of 14166)
19:27:46 PR 95572  (9418 of 14166)
19:27:47 PR 95570  (9419 of 14166)
19:27:50 PR 95569  (9420 of 14166)
19:27:52 PR 95567  (9421 of 14166)
19:27:54 PR 95566  (9422 of 14166)
19:27:56 PR 95564  (9423 of 14166)
19:27:58 PR 95563  (9424 of 14166)
19:28:00 PR 95562  (9425 of 14166)
19:28:02 PR 95561  (9426 of 14166)
19:28:05 PR 95560  (9427 of 14166)
19:28:07 PR 95559  (9428 of 14166)
19:28:09 PR 95558  (9429 of 14166)
19:28:11 PR 95557  (9430 of 14166)
19:28:13 PR 95556  (9431 of 14166)
19:28:16 PR 95554  (9432 of 14166)
19:28:18 PR 95553  (9433 of 14166)
19:28:19 PR 95552  (9434 of 14166)
19:28:22 PR 95551  (9435 of 14166)
19:28:24 PR 95549  (9436 of 14166)
19:28:26 PR 95548  (9437 of 14166)
19:28:27 PR 95547  (9438 of 14166)
19:28:29 PR 95546  (9439 of 14166)
19:28:31 PR 95545  (9440 of 14166)
19:28:33 PR 95544  (9441 of 14166)
19:28:35 PR 95542  (9442 of 14166)
19:28:37 PR 95541  (9443 of 14166)
19:28:39 PR 95540  (9444 of 14166)
19:28:42 PR 95539  (9445 of 14166)
19:28:44 PR 95538  (9446 of 14166)
19:28:46 PR 95537  (9447 of 14166)
19:28:48 PR 95536  (9448 of 14166)
19:28:50 PR 95535  (9449 of 14166)
19:28:53 PR 95534  (9450 of 14166)
19:28:55 PR 95533  (9451 of 14166)
19:28:57 PR 95532  (9452 of 14166)
19:28:59 PR 95531  (9453 of 14166)
19:29:02 PR 95529  (9454 of 14166)
19:29:05 PR 95528  (9455 of 14166)
19:29:07 PR 95527  (9456 of 14166)
19:29:09 PR 95526  (9457 of 14166)
19:29:11 PR 95525  (9458 of 14166)
19:29:14 PR 95524  (9459 of 14166)
19:29:16 PR 95523  (9460 of 14166)
19:29:19 PR 95522  (9461 of 14166)
19:29:20 PR 95521  (9462 of 14166)
19:29:22 PR 95520  (9463 of 14166)
19:29:25 PR 95519  (9464 of 14166)
19:29:27 PR 95517  (9465 of 14166)
19:29:29 PR 95516  (9466 of 14166)
19:29:32 PR 95515  (9467 of 14166)
19:29:34 PR 95513  (9468 of 14166)
19:29:36 PR 95512  (9469 of 14166)
19:29:39 PR 95511  (9470 of 14166)
19:29:41 PR 95510  (9471 of 14166)
19:29:42 PR 95509  (9472 of 14166)
19:29:44 PR 95508  (9473 of 14166)
19:29:46 PR 95507  (9474 of 14166)
19:29:49 PR 95506  (9475 of 14166)
19:29:51 PR 95505  (9476 of 14166)
19:29:53 PR 95504  (9477 of 14166)
19:29:55 PR 95503  (9478 of 14166)
19:29:57 PR 95502  (9479 of 14166)
19:29:59 PR 95501  (9480 of 14166)
19:30:02 PR 95499  (9481 of 14166)
19:30:04 PR 95497  (9482 of 14166)
19:30:06 PR 95496  (9483 of 14166)
19:30:08 PR 95490  (9484 of 14166)
19:30:10 PR 95489  (9485 of 14166)
19:30:13 PR 95487  (9486 of 14166)
19:30:15 PR 95486  (9487 of 14166)
19:30:18 PR 95485  (9488 of 14166)
19:30:20 PR 95483  (9489 of 14166)
19:30:22 PR 95482  (9490 of 14166)
19:30:24 PR 95481  (9491 of 14166)
19:30:27 PR 95480  (9492 of 14166)
19:30:30 PR 95476  (9493 of 14166)
19:30:33 PR 95475  (9494 of 14166)
19:30:35 PR 95474  (9495 of 14166)
19:30:37 PR 95473  (9496 of 14166)
19:30:39 PR 95472  (9497 of 14166)
19:30:42 PR 95471  (9498 of 14166)
19:30:44 PR 95470  (9499 of 14166)
19:30:46 PR 95469  (9500 of 14166)
19:30:48 PR 95468  (9501 of 14166)
19:30:50 PR 95467  (9502 of 14166)
19:30:53 PR 95466  (9503 of 14166)
19:30:55 PR 95465  (9504 of 14166)
19:30:58 PR 95464  (9505 of 14166)
19:31:00 PR 95463  (9506 of 14166)
19:31:03 PR 95462  (9507 of 14166)
19:31:05 PR 95461  (9508 of 14166)
19:31:07 PR 95459  (9509 of 14166)
19:31:09 PR 95458  (9510 of 14166)
19:31:11 PR 95457  (9511 of 14166)
19:31:14 PR 95455  (9512 of 14166)
19:31:17 PR 95453  (9513 of 14166)
19:31:20 PR 95452  (9514 of 14166)
19:31:22 PR 95451  (9515 of 14166)
19:31:24 PR 95449  (9516 of 14166)
19:31:26 PR 95448  (9517 of 14166)
19:31:28 PR 95447  (9518 of 14166)
19:31:30 PR 95446  (9519 of 14166)
19:31:32 PR 95445  (9520 of 14166)
19:31:34 PR 95444  (9521 of 14166)
19:31:36 PR 95443  (9522 of 14166)
19:31:38 PR 95442  (9523 of 14166)
19:31:41 PR 95441  (9524 of 14166)
19:31:45 PR 95440  (9525 of 14166)
19:31:47 PR 95439  (9526 of 14166)
19:31:49 PR 95437  (9527 of 14166)
19:31:52 PR 95436  (9528 of 14166)
19:31:55 PR 95435  (9529 of 14166)
19:31:57 PR 95434  (9530 of 14166)
19:31:59 PR 95433  (9531 of 14166)
19:32:01 PR 95431  (9532 of 14166)
19:32:03 PR 95430  (9533 of 14166)
19:32:05 PR 95429  (9534 of 14166)
19:32:07 PR 95428  (9535 of 14166)
19:32:12 PR 95427  (9536 of 14166)
19:32:14 PR 95426  (9537 of 14166)
19:32:17 PR 95425  (9538 of 14166)
19:32:20 PR 95424  (9539 of 14166)
19:32:22 PR 95423  (9540 of 14166)
19:32:24 PR 95420  (9541 of 14166)
19:32:26 PR 95419  (9542 of 14166)
19:32:28 PR 95418  (9543 of 14166)
19:32:30 PR 95417  (9544 of 14166)
19:32:33 PR 95416  (9545 of 14166)
19:32:35 PR 95415  (9546 of 14166)
19:32:37 PR 95414  (9547 of 14166)
19:32:39 PR 95413  (9548 of 14166)
19:32:42 PR 95412  (9549 of 14166)
19:32:44 PR 95410  (9550 of 14166)
19:32:47 PR 95409  (9551 of 14166)
19:32:48 PR 95408  (9552 of 14166)
19:32:51 PR 95407  (9553 of 14166)
19:32:52 PR 95406  (9554 of 14166)
19:32:54 PR 95405  (9555 of 14166)
19:32:56 PR 95404  (9556 of 14166)
19:32:58 PR 95403  (9557 of 14166)
19:33:00 PR 95401  (9558 of 14166)
19:33:02 PR 95400  (9559 of 14166)
19:33:05 PR 95399  (9560 of 14166)
19:33:07 PR 95397  (9561 of 14166)
19:33:09 PR 95396  (9562 of 14166)
19:33:11 PR 95395  (9563 of 14166)
19:33:13 PR 95394  (9564 of 14166)
19:33:16 PR 95393  (9565 of 14166)
19:33:17 PR 95392  (9566 of 14166)
19:33:20 PR 95391  (9567 of 14166)
19:33:22 PR 95390  (9568 of 14166)
19:33:24 PR 95389  (9569 of 14166)
19:33:27 PR 95388  (9570 of 14166)
19:33:29 PR 95387  (9571 of 14166)
19:33:31 PR 95386  (9572 of 14166)
19:33:34 PR 95384  (9573 of 14166)
19:33:36 PR 95383  (9574 of 14166)
19:33:38 PR 95382  (9575 of 14166)
19:33:40 PR 95381  (9576 of 14166)
19:33:43 PR 95380  (9577 of 14166)
19:33:45 PR 95379  (9578 of 14166)
19:33:47 PR 95378  (9579 of 14166)
19:33:49 PR 95377  (9580 of 14166)
19:33:52 PR 95376  (9581 of 14166)
19:33:55 PR 95375  (9582 of 14166)
19:33:57 PR 95374  (9583 of 14166)
19:33:59 PR 95373  (9584 of 14166)
19:34:02 PR 95372  (9585 of 14166)
19:34:04 PR 95371  (9586 of 14166)
19:34:06 PR 95369  (9587 of 14166)
19:34:08 PR 95368  (9588 of 14166)
19:34:10 PR 95367  (9589 of 14166)
19:34:13 PR 95365  (9590 of 14166)
19:34:15 PR 95364  (9591 of 14166)
19:34:17 PR 95363  (9592 of 14166)
19:34:19 PR 95362  (9593 of 14166)
19:34:21 PR 95361  (9594 of 14166)
19:34:23 PR 95360  (9595 of 14166)
19:34:25 PR 95358  (9596 of 14166)
19:34:28 PR 95357  (9597 of 14166)
19:34:30 PR 95356  (9598 of 14166)
19:34:34 PR 95355  (9599 of 14166)
19:34:36 PR 95352  (9600 of 14166)
19:34:38 PR 95351  (9601 of 14166)
19:34:40 PR 95350  (9602 of 14166)
19:34:42 PR 95349  (9603 of 14166)
19:34:45 PR 95348  (9604 of 14166)
19:34:47 PR 95347  (9605 of 14166)
19:34:50 PR 95346  (9606 of 14166)
19:34:51 PR 95344  (9607 of 14166)
19:34:53 PR 95343  (9608 of 14166)
19:34:55 PR 95342  (9609 of 14166)
19:34:57 PR 95341  (9610 of 14166)
19:34:59 PR 95340  (9611 of 14166)
19:35:01 PR 95339  (9612 of 14166)
19:35:04 PR 95335  (9613 of 14166)
19:35:06 PR 95333  (9614 of 14166)
19:35:09 PR 95332  (9615 of 14166)
19:35:11 PR 95331  (9616 of 14166)
19:35:12 PR 95330  (9617 of 14166)
20:10:42 starting - 9617 PRs already saved, skipping those
20:10:42 reusing cached list of 14166 PR numbers
20:10:47 PR 95329  (9618 of 14166)
20:10:49 PR 95328  (9619 of 14166)
20:10:51 PR 95327  (9620 of 14166)
20:10:54 PR 95326  (9621 of 14166)
20:10:56 PR 95325  (9622 of 14166)
20:10:59 PR 95324  (9623 of 14166)
20:11:01 PR 95323  (9624 of 14166)
20:11:04 PR 95322  (9625 of 14166)
20:11:06 PR 95320  (9626 of 14166)
20:11:08 PR 95319  (9627 of 14166)
20:11:11 PR 95318  (9628 of 14166)
20:11:13 PR 95317  (9629 of 14166)
20:11:15 PR 95315  (9630 of 14166)
20:11:16 PR 95313  (9631 of 14166)
20:11:19 PR 95311  (9632 of 14166)
20:11:21 PR 95310  (9633 of 14166)
20:11:23 PR 95309  (9634 of 14166)
20:11:25 PR 95308  (9635 of 14166)
20:11:27 PR 95307  (9636 of 14166)
20:11:30 PR 95306  (9637 of 14166)
20:11:32 PR 95305  (9638 of 14166)
20:11:35 PR 95304  (9639 of 14166)
20:11:50 PR 95303  (9640 of 14166)
20:11:52 PR 95301  (9641 of 14166)
20:11:54 PR 95300  (9642 of 14166)
20:11:56 PR 95299  (9643 of 14166)
20:11:58 PR 95298  (9644 of 14166)
20:12:00 PR 95295  (9645 of 14166)
20:12:02 PR 95294  (9646 of 14166)
20:12:04 PR 95293  (9647 of 14166)
20:12:07 PR 95292  (9648 of 14166)
20:12:09 PR 95291  (9649 of 14166)
20:12:12 PR 95290  (9650 of 14166)
20:12:14 PR 95289  (9651 of 14166)
20:12:16 PR 95288  (9652 of 14166)
20:12:18 PR 95287  (9653 of 14166)
20:12:20 PR 95284  (9654 of 14166)
20:12:21 PR 95283  (9655 of 14166)
20:12:23 PR 95281  (9656 of 14166)
20:12:25 PR 95280  (9657 of 14166)
20:12:28 PR 95279  (9658 of 14166)
20:12:31 PR 95278  (9659 of 14166)
20:12:32 PR 95274  (9660 of 14166)
20:12:35 PR 95273  (9661 of 14166)
20:12:37 PR 95272  (9662 of 14166)
20:12:39 PR 95271  (9663 of 14166)
20:12:41 PR 95270  (9664 of 14166)
20:12:43 PR 95269  (9665 of 14166)
20:12:45 PR 95268  (9666 of 14166)
20:12:48 PR 95266  (9667 of 14166)
20:12:50 PR 95263  (9668 of 14166)
20:12:52 PR 95262  (9669 of 14166)
20:12:54 PR 95261  (9670 of 14166)
20:12:56 PR 95260  (9671 of 14166)
20:12:58 PR 95259  (9672 of 14166)
20:13:01 PR 95257  (9673 of 14166)
20:13:03 PR 95256  (9674 of 14166)
20:13:05 PR 95255  (9675 of 14166)
20:13:07 PR 95252  (9676 of 14166)
20:13:10 PR 95251  (9677 of 14166)
20:13:11 PR 95250  (9678 of 14166)
20:13:14 PR 95249  (9679 of 14166)
20:13:16 PR 95248  (9680 of 14166)
20:13:18 PR 95247  (9681 of 14166)
20:13:21 PR 95246  (9682 of 14166)
20:13:23 PR 95243  (9683 of 14166)
20:13:26 PR 96826  (9684 of 14166)
20:13:28 PR 96825  (9685 of 14166)
20:13:30 PR 96824  (9686 of 14166)
20:13:33 PR 96823  (9687 of 14166)
20:13:36 PR 96822  (9688 of 14166)
20:13:40 PR 96821  (9689 of 14166)
20:13:43 PR 96820  (9690 of 14166)
20:13:44 PR 96819  (9691 of 14166)
20:13:47 PR 96817  (9692 of 14166)
20:13:49 PR 96816  (9693 of 14166)
20:13:51 PR 96814  (9694 of 14166)
20:13:53 PR 96813  (9695 of 14166)
20:13:55 PR 96812  (9696 of 14166)
20:13:57 PR 96811  (9697 of 14166)
20:13:59 PR 96810  (9698 of 14166)
20:14:01 PR 96808  (9699 of 14166)
20:14:03 PR 96807  (9700 of 14166)
20:14:06 PR 96806  (9701 of 14166)
20:14:08 PR 96805  (9702 of 14166)
20:14:10 PR 96804  (9703 of 14166)
20:14:12 PR 96803  (9704 of 14166)
20:14:14 PR 96802  (9705 of 14166)
20:14:17 PR 96800  (9706 of 14166)
20:14:19 PR 96799  (9707 of 14166)
20:14:22 PR 96798  (9708 of 14166)
20:14:24 PR 96797  (9709 of 14166)
20:14:26 PR 96796  (9710 of 14166)
20:14:28 PR 96795  (9711 of 14166)
20:14:30 PR 96794  (9712 of 14166)
20:14:32 PR 96793  (9713 of 14166)
20:14:34 PR 96792  (9714 of 14166)
20:14:36 PR 96791  (9715 of 14166)
20:14:39 PR 96790  (9716 of 14166)
20:14:41 PR 96789  (9717 of 14166)
20:14:43 PR 96788  (9718 of 14166)
20:14:45 PR 96786  (9719 of 14166)
20:14:47 PR 96785  (9720 of 14166)
20:14:49 PR 96783  (9721 of 14166)
20:14:51 PR 96782  (9722 of 14166)
20:14:54 PR 96781  (9723 of 14166)
20:14:55 PR 96780  (9724 of 14166)
20:14:57 PR 96779  (9725 of 14166)
20:14:59 PR 96778  (9726 of 14166)
20:15:01 PR 96777  (9727 of 14166)
20:15:03 PR 96776  (9728 of 14166)
20:15:05 PR 96775  (9729 of 14166)
20:15:07 PR 96774  (9730 of 14166)
20:15:09 PR 96771  (9731 of 14166)
20:15:11 PR 96770  (9732 of 14166)
20:15:13 PR 96769  (9733 of 14166)
20:15:15 PR 96767  (9734 of 14166)
20:15:17 PR 96766  (9735 of 14166)
20:15:19 PR 96765  (9736 of 14166)
20:15:21 PR 96764  (9737 of 14166)
20:15:23 PR 96763  (9738 of 14166)
20:15:25 PR 96760  (9739 of 14166)
20:15:27 PR 96759  (9740 of 14166)
20:15:30 PR 96758  (9741 of 14166)
20:15:31 PR 96756  (9742 of 14166)
20:15:34 PR 96755  (9743 of 14166)
20:15:36 PR 96753  (9744 of 14166)
20:15:38 PR 96752  (9745 of 14166)
20:15:39 PR 96751  (9746 of 14166)
20:15:41 PR 96750  (9747 of 14166)
20:15:43 PR 96749  (9748 of 14166)
20:15:45 PR 96747  (9749 of 14166)
20:15:47 PR 96745  (9750 of 14166)
20:15:49 PR 96744  (9751 of 14166)
20:15:51 PR 96743  (9752 of 14166)
20:15:53 PR 96742  (9753 of 14166)
20:15:55 PR 96741  (9754 of 14166)
20:15:57 PR 96740  (9755 of 14166)
20:15:59 PR 96739  (9756 of 14166)
20:16:01 PR 96738  (9757 of 14166)
20:16:03 PR 96737  (9758 of 14166)
20:16:05 PR 96736  (9759 of 14166)
20:16:07 PR 96735  (9760 of 14166)
20:16:09 PR 96734  (9761 of 14166)
20:16:11 PR 96733  (9762 of 14166)
20:16:13 PR 96732  (9763 of 14166)
20:16:15 PR 96731  (9764 of 14166)
20:16:17 PR 96730  (9765 of 14166)
20:16:19 PR 96729  (9766 of 14166)
20:16:21 PR 96728  (9767 of 14166)
20:16:22 PR 96727  (9768 of 14166)
20:16:24 PR 96726  (9769 of 14166)
20:16:26 PR 96725  (9770 of 14166)
20:16:29 PR 96724  (9771 of 14166)
20:16:31 PR 96723  (9772 of 14166)
20:16:33 PR 96722  (9773 of 14166)
20:16:35 PR 96721  (9774 of 14166)
20:16:37 PR 96720  (9775 of 14166)
20:16:39 PR 96719  (9776 of 14166)
20:16:41 PR 96716  (9777 of 14166)
20:16:43 PR 96715  (9778 of 14166)
20:16:45 PR 96714  (9779 of 14166)
20:16:47 PR 96713  (9780 of 14166)
20:16:49 PR 96712  (9781 of 14166)
20:16:51 PR 96711  (9782 of 14166)
20:16:53 PR 96710  (9783 of 14166)
20:16:55 PR 96709  (9784 of 14166)
20:16:57 PR 96706  (9785 of 14166)
20:16:59 PR 96704  (9786 of 14166)
20:17:01 PR 96703  (9787 of 14166)
20:17:03 PR 96702  (9788 of 14166)
20:17:05 PR 96701  (9789 of 14166)
20:17:07 PR 96700  (9790 of 14166)
20:17:09 PR 96698  (9791 of 14166)
20:17:11 PR 96697  (9792 of 14166)
20:17:13 PR 96696  (9793 of 14166)
20:17:15 PR 96695  (9794 of 14166)
20:17:17 PR 96694  (9795 of 14166)
20:17:19 PR 96693  (9796 of 14166)
20:17:22 PR 96692  (9797 of 14166)
20:17:24 PR 96691  (9798 of 14166)
20:17:26 PR 96690  (9799 of 14166)
20:17:29 PR 96689  (9800 of 14166)
20:17:31 PR 96687  (9801 of 14166)
20:17:33 PR 96686  (9802 of 14166)
20:17:35 PR 96685  (9803 of 14166)
20:17:37 PR 96684  (9804 of 14166)
20:17:39 PR 96683  (9805 of 14166)
20:17:41 PR 96681  (9806 of 14166)
20:17:44 PR 96680  (9807 of 14166)
20:17:47 PR 96678  (9808 of 14166)
20:17:49 PR 96677  (9809 of 14166)
20:17:51 PR 96676  (9810 of 14166)
20:17:53 PR 96675  (9811 of 14166)
20:17:56 PR 96674  (9812 of 14166)
20:17:58 PR 96673  (9813 of 14166)
20:18:00 PR 96672  (9814 of 14166)
20:18:02 PR 96671  (9815 of 14166)
20:18:05 PR 96670  (9816 of 14166)
20:18:07 PR 96669  (9817 of 14166)
20:18:09 PR 96666  (9818 of 14166)
20:18:11 PR 96665  (9819 of 14166)
20:18:13 PR 96664  (9820 of 14166)
20:18:16 PR 96663  (9821 of 14166)
20:18:18 PR 96662  (9822 of 14166)
20:18:20 PR 96661  (9823 of 14166)
20:18:22 PR 96660  (9824 of 14166)
20:18:24 PR 96659  (9825 of 14166)
20:18:26 PR 96658  (9826 of 14166)
20:18:28 PR 96657  (9827 of 14166)
20:18:31 PR 96655  (9828 of 14166)
20:18:33 PR 96654  (9829 of 14166)
20:18:35 PR 96653  (9830 of 14166)
20:18:37 PR 96652  (9831 of 14166)
20:18:39 PR 96649  (9832 of 14166)
20:18:41 PR 96648  (9833 of 14166)
20:18:43 PR 96647  (9834 of 14166)
20:18:45 PR 96646  (9835 of 14166)
20:18:47 PR 96645  (9836 of 14166)
20:18:49 PR 96644  (9837 of 14166)
20:18:51 PR 96643  (9838 of 14166)
20:18:53 PR 96642  (9839 of 14166)
20:18:56 PR 96641  (9840 of 14166)
20:18:58 PR 96640  (9841 of 14166)
20:19:00 PR 96638  (9842 of 14166)
20:19:02 PR 96637  (9843 of 14166)
20:19:04 PR 96636  (9844 of 14166)
20:19:06 PR 96635  (9845 of 14166)
20:19:08 PR 96634  (9846 of 14166)
20:19:10 PR 96633  (9847 of 14166)
20:19:12 PR 96632  (9848 of 14166)
20:19:15 PR 96631  (9849 of 14166)
20:19:17 PR 96630  (9850 of 14166)
20:19:19 PR 96629  (9851 of 14166)
20:19:21 PR 96628  (9852 of 14166)
20:19:23 PR 96627  (9853 of 14166)
20:19:25 PR 96626  (9854 of 14166)
20:19:27 PR 96625  (9855 of 14166)
20:19:29 PR 96624  (9856 of 14166)
20:19:31 PR 96623  (9857 of 14166)
20:19:34 PR 96622  (9858 of 14166)
20:19:36 PR 96621  (9859 of 14166)
20:19:38 PR 96620  (9860 of 14166)
20:19:41 PR 96619  (9861 of 14166)
20:19:43 PR 96618  (9862 of 14166)
20:19:45 PR 96617  (9863 of 14166)
20:19:47 PR 96616  (9864 of 14166)
20:19:49 PR 96615  (9865 of 14166)
20:19:51 PR 96613  (9866 of 14166)
20:19:53 PR 96612  (9867 of 14166)
20:19:55 PR 96611  (9868 of 14166)
20:19:57 PR 96609  (9869 of 14166)
20:19:59 PR 96608  (9870 of 14166)
20:20:01 PR 96607  (9871 of 14166)
20:20:03 PR 96606  (9872 of 14166)
20:20:05 PR 96604  (9873 of 14166)
20:20:08 PR 96603  (9874 of 14166)
20:20:11 PR 96602  (9875 of 14166)
20:20:13 PR 96601  (9876 of 14166)
20:20:15 PR 96599  (9877 of 14166)
20:20:17 PR 96598  (9878 of 14166)
20:20:20 PR 96597  (9879 of 14166)
20:20:22 PR 96596  (9880 of 14166)
20:20:24 PR 96595  (9881 of 14166)
20:20:26 PR 96593  (9882 of 14166)
20:20:28 PR 96592  (9883 of 14166)
20:20:30 PR 96590  (9884 of 14166)
20:20:32 PR 96589  (9885 of 14166)
20:20:33 PR 96588  (9886 of 14166)
20:20:35 PR 96587  (9887 of 14166)
20:20:37 PR 96586  (9888 of 14166)
20:20:39 PR 96585  (9889 of 14166)
20:20:42 PR 96583  (9890 of 14166)
20:20:44 PR 96582  (9891 of 14166)
20:20:46 PR 96580  (9892 of 14166)
20:20:48 PR 96579  (9893 of 14166)
20:20:50 PR 96578  (9894 of 14166)
20:20:52 PR 96577  (9895 of 14166)
20:20:54 PR 96576  (9896 of 14166)
20:20:57 PR 96575  (9897 of 14166)
20:20:59 PR 96574  (9898 of 14166)
20:21:01 PR 96573  (9899 of 14166)
20:21:03 PR 96572  (9900 of 14166)
20:21:06 PR 96571  (9901 of 14166)
20:21:08 PR 96570  (9902 of 14166)
20:21:10 PR 96569  (9903 of 14166)
20:21:12 PR 96568  (9904 of 14166)
20:21:14 PR 96567  (9905 of 14166)
20:21:16 PR 96565  (9906 of 14166)
20:21:18 PR 96564  (9907 of 14166)
20:21:20 PR 96563  (9908 of 14166)
20:21:22 PR 96562  (9909 of 14166)
20:21:24 PR 96561  (9910 of 14166)
20:21:26 PR 96559  (9911 of 14166)
20:21:28 PR 96558  (9912 of 14166)
20:21:30 PR 96557  (9913 of 14166)
20:21:32 PR 96556  (9914 of 14166)
20:21:34 PR 96555  (9915 of 14166)
20:21:37 PR 96554  (9916 of 14166)
20:21:39 PR 96552  (9917 of 14166)
20:21:41 PR 96550  (9918 of 14166)
20:21:43 PR 96549  (9919 of 14166)
20:21:45 PR 96546  (9920 of 14166)
20:21:47 PR 96545  (9921 of 14166)
20:21:50 PR 96544  (9922 of 14166)
20:21:52 PR 96542  (9923 of 14166)
20:21:54 PR 96541  (9924 of 14166)
20:21:56 PR 96540  (9925 of 14166)
20:21:58 PR 96539  (9926 of 14166)
20:22:00 PR 96538  (9927 of 14166)
20:22:02 PR 96537  (9928 of 14166)
20:22:04 PR 96536  (9929 of 14166)
20:22:06 PR 96535  (9930 of 14166)
20:22:08 PR 96534  (9931 of 14166)
20:22:10 PR 96533  (9932 of 14166)
20:22:12 PR 96532  (9933 of 14166)
20:22:14 PR 96531  (9934 of 14166)
20:22:16 PR 96530  (9935 of 14166)
20:22:18 PR 96529  (9936 of 14166)
20:22:20 PR 96528  (9937 of 14166)
20:22:22 PR 96527  (9938 of 14166)
20:22:24 PR 96526  (9939 of 14166)
20:22:27 PR 96524  (9940 of 14166)
20:22:29 PR 96523  (9941 of 14166)
20:22:30 PR 96522  (9942 of 14166)
20:22:32 PR 96521  (9943 of 14166)
20:22:34 PR 96520  (9944 of 14166)
20:22:37 PR 96519  (9945 of 14166)
20:22:39 PR 96517  (9946 of 14166)
20:22:41 PR 96516  (9947 of 14166)
20:22:43 PR 96515  (9948 of 14166)
20:22:46 PR 96514  (9949 of 14166)
20:22:48 PR 96513  (9950 of 14166)
20:22:50 PR 96511  (9951 of 14166)
20:22:52 PR 96510  (9952 of 14166)
20:22:54 PR 96509  (9953 of 14166)
20:22:56 PR 96508  (9954 of 14166)
20:22:59 PR 96507  (9955 of 14166)
20:23:00 PR 96506  (9956 of 14166)
20:23:03 PR 96505  (9957 of 14166)
20:23:06 PR 96504  (9958 of 14166)
20:23:08 PR 96502  (9959 of 14166)
20:23:10 PR 96501  (9960 of 14166)
20:23:13 PR 96500  (9961 of 14166)
20:23:15 PR 96499  (9962 of 14166)
20:23:17 PR 96497  (9963 of 14166)
20:23:19 PR 96496  (9964 of 14166)
20:23:21 PR 96495  (9965 of 14166)
20:23:23 PR 96493  (9966 of 14166)
20:23:26 PR 96492  (9967 of 14166)
20:23:28 PR 96491  (9968 of 14166)
20:23:30 PR 96490  (9969 of 14166)
20:23:33 PR 96489  (9970 of 14166)
20:23:35 PR 96488  (9971 of 14166)
20:23:37 PR 96486  (9972 of 14166)
20:23:40 PR 96484  (9973 of 14166)
20:23:42 PR 96483  (9974 of 14166)
20:23:43 PR 96482  (9975 of 14166)
20:23:45 PR 96480  (9976 of 14166)
20:23:47 PR 96479  (9977 of 14166)
20:23:50 PR 96478  (9978 of 14166)
20:23:52 PR 96477  (9979 of 14166)
20:23:55 PR 96476  (9980 of 14166)
20:23:57 PR 96475  (9981 of 14166)
20:23:59 PR 96473  (9982 of 14166)
20:24:01 PR 96472  (9983 of 14166)
20:24:04 PR 96471  (9984 of 14166)
20:24:06 PR 96470  (9985 of 14166)
20:24:08 PR 96469  (9986 of 14166)
20:24:11 PR 96468  (9987 of 14166)
20:24:13 PR 96467  (9988 of 14166)
20:24:15 PR 96466  (9989 of 14166)
20:24:17 PR 96464  (9990 of 14166)
20:24:19 PR 96463  (9991 of 14166)
20:24:21 PR 96462  (9992 of 14166)
20:24:23 PR 96461  (9993 of 14166)
20:24:26 PR 96460  (9994 of 14166)
20:24:28 PR 96458  (9995 of 14166)
20:24:30 PR 96457  (9996 of 14166)
20:24:32 PR 96456  (9997 of 14166)
20:24:34 PR 96454  (9998 of 14166)
20:24:36 PR 96453  (9999 of 14166)
20:24:39 PR 96452  (10000 of 14166)
20:24:41 PR 96451  (10001 of 14166)
20:24:43 PR 96450  (10002 of 14166)
20:24:45 PR 96449  (10003 of 14166)
20:24:47 PR 96448  (10004 of 14166)
20:24:49 PR 96447  (10005 of 14166)
20:24:51 PR 96446  (10006 of 14166)
20:24:54 PR 96445  (10007 of 14166)
20:24:56 PR 96444  (10008 of 14166)
20:24:58 PR 96443  (10009 of 14166)
20:25:00 PR 96442  (10010 of 14166)
20:25:03 PR 96441  (10011 of 14166)
20:25:05 PR 96438  (10012 of 14166)
20:25:07 PR 96437  (10013 of 14166)
20:25:09 PR 96435  (10014 of 14166)
20:25:11 PR 96434  (10015 of 14166)
20:25:13 PR 96432  (10016 of 14166)
20:25:15 PR 96431  (10017 of 14166)
20:25:17 PR 96430  (10018 of 14166)
20:25:19 PR 96429  (10019 of 14166)
20:25:21 PR 96428  (10020 of 14166)
20:25:23 PR 96427  (10021 of 14166)
20:25:25 PR 96426  (10022 of 14166)
20:25:27 PR 96424  (10023 of 14166)
20:25:29 PR 96423  (10024 of 14166)
20:25:31 PR 96422  (10025 of 14166)
20:25:34 PR 96421  (10026 of 14166)
20:25:36 PR 96417  (10027 of 14166)
20:25:38 PR 96416  (10028 of 14166)
20:25:40 PR 96415  (10029 of 14166)
20:25:43 PR 96414  (10030 of 14166)
20:25:45 PR 96413  (10031 of 14166)
20:25:47 PR 96412  (10032 of 14166)
20:25:49 PR 96411  (10033 of 14166)
20:25:51 PR 96410  (10034 of 14166)
20:25:53 PR 96409  (10035 of 14166)
20:25:55 PR 96408  (10036 of 14166)
20:25:58 PR 96407  (10037 of 14166)
20:26:00 PR 96406  (10038 of 14166)
20:26:02 PR 96405  (10039 of 14166)
20:26:05 PR 96404  (10040 of 14166)
20:26:07 PR 96403  (10041 of 14166)
20:26:09 PR 96402  (10042 of 14166)
20:26:10 PR 96400  (10043 of 14166)
20:26:13 PR 96399  (10044 of 14166)
20:26:14 PR 96398  (10045 of 14166)
20:26:17 PR 96397  (10046 of 14166)
20:26:19 PR 96396  (10047 of 14166)
20:26:21 PR 96395  (10048 of 14166)
20:26:23 PR 96394  (10049 of 14166)
20:26:25 PR 96393  (10050 of 14166)
20:26:27 PR 96392  (10051 of 14166)
20:26:29 PR 96391  (10052 of 14166)
20:26:31 PR 96390  (10053 of 14166)
20:26:32 PR 96387  (10054 of 14166)
20:26:34 PR 96385  (10055 of 14166)
20:26:36 PR 96384  (10056 of 14166)
20:26:38 PR 96382  (10057 of 14166)
20:26:40 PR 96381  (10058 of 14166)
20:26:42 PR 96380  (10059 of 14166)
20:26:44 PR 96379  (10060 of 14166)
20:26:46 PR 96378  (10061 of 14166)
20:26:48 PR 96377  (10062 of 14166)
20:26:50 PR 96376  (10063 of 14166)
20:26:52 PR 96375  (10064 of 14166)
20:26:53 PR 96374  (10065 of 14166)
20:26:55 PR 96373  (10066 of 14166)
20:26:57 PR 96372  (10067 of 14166)
20:27:00 PR 96371  (10068 of 14166)
20:27:02 PR 96370  (10069 of 14166)
20:27:05 PR 96369  (10070 of 14166)
20:27:08 PR 96367  (10071 of 14166)
20:27:10 PR 96366  (10072 of 14166)
20:27:12 PR 96365  (10073 of 14166)
20:27:14 PR 96364  (10074 of 14166)
20:27:16 PR 96362  (10075 of 14166)
20:27:18 PR 96361  (10076 of 14166)
20:27:20 PR 96360  (10077 of 14166)
20:27:22 PR 96359  (10078 of 14166)
20:27:24 PR 96358  (10079 of 14166)
20:27:26 PR 96357  (10080 of 14166)
20:27:28 PR 96356  (10081 of 14166)
20:27:30 PR 96355  (10082 of 14166)
01:38:04 starting - 10082 PRs already saved, skipping those
01:38:04 reusing cached list of 14166 PR numbers
01:38:06 PR 96354  (10083 of 14166)
01:38:09 PR 96353  (10084 of 14166)
01:38:11 PR 96352  (10085 of 14166)
01:38:12 PR 96351  (10086 of 14166)
01:38:14 PR 96349  (10087 of 14166)
01:38:16 PR 96348  (10088 of 14166)
01:38:18 PR 96347  (10089 of 14166)
01:38:20 PR 96346  (10090 of 14166)
01:38:22 PR 96344  (10091 of 14166)
01:38:24 PR 96343  (10092 of 14166)
01:38:27 PR 96342  (10093 of 14166)
01:38:29 PR 96341  (10094 of 14166)
01:38:31 PR 96340  (10095 of 14166)
01:38:34 PR 96338  (10096 of 14166)
01:38:36 PR 96337  (10097 of 14166)
01:38:38 PR 96335  (10098 of 14166)
01:38:40 PR 96334  (10099 of 14166)
01:38:42 PR 96333  (10100 of 14166)
01:38:44 PR 96332  (10101 of 14166)
01:38:46 PR 96331  (10102 of 14166)
01:38:49 PR 96330  (10103 of 14166)
01:38:51 PR 96329  (10104 of 14166)
01:38:52 PR 96328  (10105 of 14166)
01:38:54 PR 96327  (10106 of 14166)
01:38:56 PR 96326  (10107 of 14166)
01:38:59 PR 96325  (10108 of 14166)
01:39:01 PR 96324  (10109 of 14166)
01:39:03 PR 96323  (10110 of 14166)
01:39:05 PR 96322  (10111 of 14166)
01:39:07 PR 96321  (10112 of 14166)
01:39:09 PR 96320  (10113 of 14166)
01:39:12 PR 96319  (10114 of 14166)
01:39:14 PR 96318  (10115 of 14166)
01:39:17 PR 96317  (10116 of 14166)
01:39:20 PR 96316  (10117 of 14166)
01:39:22 PR 96315  (10118 of 14166)
01:39:25 PR 96314  (10119 of 14166)
01:39:27 PR 96313  (10120 of 14166)
01:39:30 PR 96312  (10121 of 14166)
01:39:32 PR 96311  (10122 of 14166)
01:39:34 PR 96310  (10123 of 14166)
01:39:36 PR 96309  (10124 of 14166)
01:39:38 PR 96308  (10125 of 14166)
01:39:40 PR 96307  (10126 of 14166)
01:39:42 PR 96306  (10127 of 14166)
01:39:44 PR 96305  (10128 of 14166)
01:39:46 PR 96304  (10129 of 14166)
01:39:48 PR 96303  (10130 of 14166)
01:39:50 PR 96302  (10131 of 14166)
01:39:53 PR 96301  (10132 of 14166)
01:39:56 PR 96300  (10133 of 14166)
01:39:58 PR 96299  (10134 of 14166)
01:40:00 PR 96298  (10135 of 14166)
01:40:02 PR 96297  (10136 of 14166)
01:40:05 PR 96296  (10137 of 14166)
01:40:07 PR 96295  (10138 of 14166)
01:40:09 PR 96293  (10139 of 14166)
01:40:12 PR 96292  (10140 of 14166)
01:40:15 PR 96291  (10141 of 14166)
01:40:17 PR 96290  (10142 of 14166)
01:40:19 PR 96289  (10143 of 14166)
01:40:23 PR 96288  (10144 of 14166)
01:40:25 PR 96287  (10145 of 14166)
01:40:27 PR 96285  (10146 of 14166)
01:40:29 PR 96284  (10147 of 14166)
01:40:31 PR 96283  (10148 of 14166)
01:40:33 PR 96282  (10149 of 14166)
01:40:35 PR 96281  (10150 of 14166)
01:40:38 PR 96280  (10151 of 14166)
01:40:40 PR 96279  (10152 of 14166)
01:40:42 PR 96278  (10153 of 14166)
01:40:44 PR 96277  (10154 of 14166)
01:40:46 PR 96275  (10155 of 14166)
01:40:48 PR 96274  (10156 of 14166)
01:40:51 PR 96273  (10157 of 14166)
01:40:53 PR 96272  (10158 of 14166)
01:40:55 PR 96271  (10159 of 14166)
01:40:57 PR 96270  (10160 of 14166)
01:40:59 PR 96269  (10161 of 14166)
01:41:01 PR 96267  (10162 of 14166)
01:41:03 PR 96264  (10163 of 14166)
01:41:05 PR 96263  (10164 of 14166)
01:41:07 PR 96262  (10165 of 14166)
01:41:09 PR 96260  (10166 of 14166)
01:41:11 PR 96259  (10167 of 14166)
01:41:13 PR 96258  (10168 of 14166)
01:41:16 PR 96257  (10169 of 14166)
01:41:18 PR 96256  (10170 of 14166)
01:41:20 PR 96255  (10171 of 14166)
01:41:21 PR 96254  (10172 of 14166)
01:41:23 PR 96253  (10173 of 14166)
01:41:25 PR 96252  (10174 of 14166)
01:41:27 PR 96250  (10175 of 14166)
01:41:29 PR 96249  (10176 of 14166)
01:41:31 PR 96248  (10177 of 14166)
01:41:34 PR 96247  (10178 of 14166)
01:41:35 PR 96246  (10179 of 14166)
01:41:37 PR 96245  (10180 of 14166)
01:41:39 PR 96244  (10181 of 14166)
01:41:41 PR 96243  (10182 of 14166)
01:41:43 PR 96242  (10183 of 14166)
01:41:46 PR 96241  (10184 of 14166)
01:41:48 PR 96240  (10185 of 14166)
01:41:50 PR 96239  (10186 of 14166)
01:41:51 PR 96237  (10187 of 14166)
01:41:53 PR 96236  (10188 of 14166)
01:41:55 PR 96235  (10189 of 14166)
01:41:58 PR 96234  (10190 of 14166)
01:42:00 PR 96233  (10191 of 14166)
01:42:02 PR 96232  (10192 of 14166)
01:42:04 PR 96231  (10193 of 14166)
01:42:06 PR 96229  (10194 of 14166)
01:42:09 PR 96228  (10195 of 14166)
01:42:11 PR 96227  (10196 of 14166)
01:42:13 PR 96226  (10197 of 14166)
01:42:14 PR 96225  (10198 of 14166)
01:42:16 PR 96223  (10199 of 14166)
01:42:19 PR 96221  (10200 of 14166)
01:42:22 PR 96219  (10201 of 14166)
01:42:24 PR 96218  (10202 of 14166)
01:42:26 PR 96217  (10203 of 14166)
01:42:28 PR 96216  (10204 of 14166)
01:42:30 PR 96215  (10205 of 14166)
01:42:32 PR 96214  (10206 of 14166)
01:42:34 PR 96213  (10207 of 14166)
01:42:36 PR 96211  (10208 of 14166)
01:42:39 PR 96209  (10209 of 14166)
01:42:41 PR 96208  (10210 of 14166)
01:42:43 PR 96207  (10211 of 14166)
01:42:45 PR 96205  (10212 of 14166)
01:42:47 PR 96204  (10213 of 14166)
01:42:49 PR 96203  (10214 of 14166)
01:42:51 PR 96202  (10215 of 14166)
01:42:54 PR 96200  (10216 of 14166)
01:42:55 PR 96194  (10217 of 14166)
01:42:57 PR 96193  (10218 of 14166)
01:42:59 PR 96192  (10219 of 14166)
01:43:01 PR 96191  (10220 of 14166)
01:43:03 PR 96190  (10221 of 14166)
01:43:06 PR 96189  (10222 of 14166)
01:43:08 PR 96188  (10223 of 14166)
01:43:10 PR 96185  (10224 of 14166)
01:43:12 PR 96184  (10225 of 14166)
01:43:13 PR 96183  (10226 of 14166)
01:43:15 PR 96182  (10227 of 14166)
01:43:17 PR 96181  (10228 of 14166)
01:43:21 PR 96180  (10229 of 14166)
01:43:23 PR 96179  (10230 of 14166)
01:43:25 PR 96178  (10231 of 14166)
01:43:27 PR 96177  (10232 of 14166)
01:43:29 PR 96176  (10233 of 14166)
01:43:31 PR 96175  (10234 of 14166)
01:43:34 PR 96174  (10235 of 14166)
01:43:36 PR 96171  (10236 of 14166)
01:43:38 PR 96170  (10237 of 14166)
01:43:40 PR 96169  (10238 of 14166)
01:43:42 PR 96168  (10239 of 14166)
01:43:44 PR 96167  (10240 of 14166)
01:43:46 PR 96166  (10241 of 14166)
01:43:48 PR 96165  (10242 of 14166)
01:43:51 PR 96164  (10243 of 14166)
01:43:53 PR 96163  (10244 of 14166)
01:43:55 PR 96162  (10245 of 14166)
01:43:57 PR 96161  (10246 of 14166)
01:43:59 PR 96160  (10247 of 14166)
01:44:01 PR 96159  (10248 of 14166)
01:44:03 PR 96157  (10249 of 14166)
01:44:06 PR 96156  (10250 of 14166)
01:44:08 PR 96153  (10251 of 14166)
01:44:10 PR 96151  (10252 of 14166)
01:44:13 PR 96150  (10253 of 14166)
01:44:15 PR 96149  (10254 of 14166)
01:44:17 PR 96148  (10255 of 14166)
01:44:19 PR 96147  (10256 of 14166)
01:44:21 PR 96146  (10257 of 14166)
01:44:23 PR 96145  (10258 of 14166)
01:44:25 PR 96143  (10259 of 14166)
01:44:27 PR 96142  (10260 of 14166)
01:44:30 PR 96141  (10261 of 14166)
01:44:32 PR 96140  (10262 of 14166)
01:44:34 PR 96139  (10263 of 14166)
01:44:37 PR 96138  (10264 of 14166)
01:44:39 PR 96137  (10265 of 14166)
01:44:41 PR 96136  (10266 of 14166)
01:44:43 PR 96135  (10267 of 14166)
01:44:45 PR 96134  (10268 of 14166)
01:44:47 PR 96133  (10269 of 14166)
01:44:49 PR 96132  (10270 of 14166)
01:44:51 PR 96131  (10271 of 14166)
01:44:52 PR 96129  (10272 of 14166)
01:44:54 PR 96128  (10273 of 14166)
01:44:56 PR 96127  (10274 of 14166)
01:44:59 PR 96126  (10275 of 14166)
01:45:01 PR 96125  (10276 of 14166)
01:45:03 PR 96124  (10277 of 14166)
01:45:05 PR 96123  (10278 of 14166)
01:45:07 PR 96122  (10279 of 14166)
01:45:09 PR 96120  (10280 of 14166)
01:45:12 PR 96119  (10281 of 14166)
01:45:15 PR 96118  (10282 of 14166)
01:45:17 PR 96115  (10283 of 14166)
01:45:20 PR 96114  (10284 of 14166)
01:45:22 PR 96113  (10285 of 14166)
01:45:24 PR 96112  (10286 of 14166)
01:45:26 PR 96111  (10287 of 14166)
01:45:28 PR 96110  (10288 of 14166)
01:45:30 PR 96109  (10289 of 14166)
01:45:32 PR 96108  (10290 of 14166)
01:45:34 PR 96107  (10291 of 14166)
01:45:36 PR 96106  (10292 of 14166)
01:45:38 PR 96105  (10293 of 14166)
01:45:40 PR 96104  (10294 of 14166)
01:45:42 PR 96103  (10295 of 14166)
01:45:44 PR 96101  (10296 of 14166)
01:45:46 PR 96100  (10297 of 14166)
01:45:48 PR 96098  (10298 of 14166)
01:45:50 PR 96097  (10299 of 14166)
01:45:52 PR 96096  (10300 of 14166)
01:45:55 PR 96095  (10301 of 14166)
01:45:57 PR 96094  (10302 of 14166)
01:46:00 PR 96093  (10303 of 14166)
01:46:02 PR 96092  (10304 of 14166)
01:46:04 PR 96091  (10305 of 14166)
01:46:06 PR 96089  (10306 of 14166)
01:46:09 PR 96086  (10307 of 14166)
01:46:12 PR 96085  (10308 of 14166)
01:46:14 PR 96084  (10309 of 14166)
01:46:16 PR 96083  (10310 of 14166)
01:46:18 PR 96082  (10311 of 14166)
01:46:21 PR 96081  (10312 of 14166)
01:46:22 PR 96080  (10313 of 14166)
01:46:25 PR 96079  (10314 of 14166)
01:46:27 PR 96078  (10315 of 14166)
01:46:29 PR 96077  (10316 of 14166)
01:46:32 PR 96076  (10317 of 14166)
01:46:34 PR 96075  (10318 of 14166)
01:46:36 PR 96074  (10319 of 14166)
01:46:39 PR 96073  (10320 of 14166)
01:46:41 PR 96072  (10321 of 14166)
01:46:43 PR 96071  (10322 of 14166)
01:46:45 PR 96069  (10323 of 14166)
01:46:48 PR 96068  (10324 of 14166)
01:46:50 PR 96067  (10325 of 14166)
01:46:52 PR 96066  (10326 of 14166)
01:46:54 PR 96065  (10327 of 14166)
01:46:56 PR 96064  (10328 of 14166)
01:46:59 PR 96063  (10329 of 14166)
01:47:01 PR 96062  (10330 of 14166)
01:47:04 PR 96060  (10331 of 14166)
01:47:06 PR 96059  (10332 of 14166)
01:47:09 PR 96058  (10333 of 14166)
01:47:11 PR 96057  (10334 of 14166)
01:47:13 PR 96056  (10335 of 14166)
01:47:15 PR 96055  (10336 of 14166)
01:47:16 PR 96054  (10337 of 14166)
01:47:18 PR 96053  (10338 of 14166)
01:47:20 PR 96052  (10339 of 14166)
01:47:22 PR 96051  (10340 of 14166)
01:47:25 PR 96050  (10341 of 14166)
01:47:27 PR 96049  (10342 of 14166)
01:47:29 PR 96048  (10343 of 14166)
01:47:30 PR 96047  (10344 of 14166)
01:47:33 PR 96046  (10345 of 14166)
01:47:35 PR 96045  (10346 of 14166)
01:47:37 PR 96044  (10347 of 14166)
01:47:39 PR 96043  (10348 of 14166)
01:47:41 PR 96042  (10349 of 14166)
01:47:43 PR 97668  (10350 of 14166)
01:47:45 PR 97666  (10351 of 14166)
01:47:47 PR 97665  (10352 of 14166)
01:47:49 PR 97664  (10353 of 14166)
01:47:51 PR 97662  (10354 of 14166)
01:47:53 PR 97661  (10355 of 14166)
01:47:55 PR 97659  (10356 of 14166)
01:47:57 PR 97658  (10357 of 14166)
01:47:59 PR 97657  (10358 of 14166)
01:48:01 PR 97656  (10359 of 14166)
01:48:03 PR 97655  (10360 of 14166)
01:48:06 PR 97654  (10361 of 14166)
01:48:08 PR 97653  (10362 of 14166)
01:48:10 PR 97652  (10363 of 14166)
01:48:12 PR 97651  (10364 of 14166)
01:48:15 PR 97650  (10365 of 14166)
01:48:18 PR 97649  (10366 of 14166)
01:48:20 PR 97648  (10367 of 14166)
01:48:22 PR 97645  (10368 of 14166)
01:48:25 PR 97643  (10369 of 14166)
01:48:27 PR 97642  (10370 of 14166)
01:48:29 PR 97641  (10371 of 14166)
01:48:32 PR 97640  (10372 of 14166)
01:48:34 PR 97639  (10373 of 14166)
01:48:36 PR 97638  (10374 of 14166)
01:48:39 PR 97636  (10375 of 14166)
01:48:41 PR 97635  (10376 of 14166)
01:48:44 PR 97633  (10377 of 14166)
01:48:46 PR 97631  (10378 of 14166)
01:48:48 PR 97630  (10379 of 14166)
01:48:50 PR 97629  (10380 of 14166)
01:48:52 PR 97628  (10381 of 14166)
01:48:55 PR 97627  (10382 of 14166)
01:48:57 PR 97626  (10383 of 14166)
01:49:00 PR 97625  (10384 of 14166)
01:49:02 PR 97622  (10385 of 14166)
01:49:04 PR 97619  (10386 of 14166)
01:49:07 PR 97618  (10387 of 14166)
01:49:09 PR 97617  (10388 of 14166)
01:49:12 PR 97615  (10389 of 14166)
01:49:14 PR 97614  (10390 of 14166)
01:49:16 PR 97613  (10391 of 14166)
01:49:18 PR 97612  (10392 of 14166)
01:49:20 PR 97611  (10393 of 14166)
01:49:22 PR 97610  (10394 of 14166)
01:49:24 PR 97609  (10395 of 14166)
01:49:26 PR 97608  (10396 of 14166)
01:49:28 PR 97607  (10397 of 14166)
01:49:30 PR 97606  (10398 of 14166)
01:49:32 PR 97605  (10399 of 14166)
01:49:34 PR 97604  (10400 of 14166)
01:49:37 PR 97603  (10401 of 14166)
01:49:39 PR 97601  (10402 of 14166)
01:49:41 PR 97600  (10403 of 14166)
01:49:43 PR 97599  (10404 of 14166)
01:49:45 PR 97598  (10405 of 14166)
01:49:48 PR 97597  (10406 of 14166)
01:49:50 PR 97596  (10407 of 14166)
01:49:52 PR 97595  (10408 of 14166)
01:49:55 PR 97594  (10409 of 14166)
01:49:57 PR 97592  (10410 of 14166)
01:49:59 PR 97591  (10411 of 14166)
01:50:01 PR 97590  (10412 of 14166)
01:50:03 PR 97588  (10413 of 14166)
01:50:06 PR 97587  (10414 of 14166)
01:50:08 PR 97586  (10415 of 14166)
01:50:10 PR 97584  (10416 of 14166)
01:50:12 PR 97582  (10417 of 14166)
01:50:14 PR 97580  (10418 of 14166)
01:50:17 PR 97579  (10419 of 14166)
01:50:19 PR 97578  (10420 of 14166)
01:50:21 PR 97577  (10421 of 14166)
01:50:23 PR 97575  (10422 of 14166)
01:50:25 PR 97574  (10423 of 14166)
01:50:27 PR 97573  (10424 of 14166)
01:50:30 PR 97572  (10425 of 14166)
01:50:32 PR 97571  (10426 of 14166)
01:50:33 PR 97570  (10427 of 14166)
01:50:36 PR 97569  (10428 of 14166)
01:50:37 PR 97568  (10429 of 14166)
01:50:40 PR 97567  (10430 of 14166)
01:50:41 PR 97566  (10431 of 14166)
01:50:44 PR 97565  (10432 of 14166)
01:50:46 PR 97564  (10433 of 14166)
01:50:48 PR 97563  (10434 of 14166)
01:50:51 PR 97562  (10435 of 14166)
01:50:53 PR 97561  (10436 of 14166)
01:50:55 PR 97560  (10437 of 14166)
01:50:57 PR 97559  (10438 of 14166)
01:50:59 PR 97557  (10439 of 14166)
01:51:01 PR 97556  (10440 of 14166)
01:51:04 PR 97554  (10441 of 14166)
01:51:06 PR 97553  (10442 of 14166)
01:51:08 PR 97552  (10443 of 14166)
01:51:10 PR 97551  (10444 of 14166)
01:51:12 PR 97550  (10445 of 14166)
01:51:14 PR 97548  (10446 of 14166)
01:51:16 PR 97547  (10447 of 14166)
01:51:18 PR 97546  (10448 of 14166)
01:51:20 PR 97545  (10449 of 14166)
01:51:22 PR 97544  (10450 of 14166)
01:51:24 PR 97542  (10451 of 14166)
01:51:26 PR 97540  (10452 of 14166)
01:51:28 PR 97539  (10453 of 14166)
01:51:30 PR 97538  (10454 of 14166)
01:51:33 PR 97537  (10455 of 14166)
01:51:35 PR 97536  (10456 of 14166)
01:51:37 PR 97535  (10457 of 14166)
01:51:40 PR 97534  (10458 of 14166)
01:51:42 PR 97533  (10459 of 14166)
01:51:44 PR 97532  (10460 of 14166)
01:51:46 PR 97531  (10461 of 14166)
01:51:49 PR 97530  (10462 of 14166)
01:51:52 PR 97529  (10463 of 14166)
01:51:54 PR 97528  (10464 of 14166)
01:51:56 PR 97527  (10465 of 14166)
01:51:58 PR 97526  (10466 of 14166)
01:52:00 PR 97525  (10467 of 14166)
01:52:02 PR 97524  (10468 of 14166)
01:52:04 PR 97523  (10469 of 14166)
01:52:06 PR 97522  (10470 of 14166)
01:52:08 PR 97521  (10471 of 14166)
01:52:09 PR 97520  (10472 of 14166)
01:52:12 PR 97519  (10473 of 14166)
01:52:13 PR 97518  (10474 of 14166)
01:52:15 PR 97517  (10475 of 14166)
01:52:19 PR 97516  (10476 of 14166)
01:52:21 PR 97515  (10477 of 14166)
01:52:23 PR 97514  (10478 of 14166)
01:52:25 PR 97510  (10479 of 14166)
01:52:27 PR 97509  (10480 of 14166)
01:52:29 PR 97508  (10481 of 14166)
01:52:32 PR 97507  (10482 of 14166)
01:52:34 PR 97506  (10483 of 14166)
01:52:36 PR 97504  (10484 of 14166)
01:52:38 PR 97503  (10485 of 14166)
01:52:40 PR 97502  (10486 of 14166)
01:52:42 PR 97501  (10487 of 14166)
01:52:46 PR 97500  (10488 of 14166)
01:52:48 PR 97499  (10489 of 14166)
01:52:50 PR 97498  (10490 of 14166)
01:52:52 PR 97497  (10491 of 14166)
01:52:54 PR 97496  (10492 of 14166)
01:52:56 PR 97495  (10493 of 14166)
01:52:59 PR 97494  (10494 of 14166)
01:53:01 PR 97493  (10495 of 14166)
01:53:03 PR 97492  (10496 of 14166)
01:53:06 PR 97491  (10497 of 14166)
01:53:08 PR 97489  (10498 of 14166)
01:53:10 PR 97488  (10499 of 14166)
01:53:12 PR 97487  (10500 of 14166)
01:53:14 PR 97486  (10501 of 14166)
01:53:16 PR 97485  (10502 of 14166)
01:53:18 PR 97482  (10503 of 14166)
01:53:20 PR 97481  (10504 of 14166)
01:53:22 PR 97480  (10505 of 14166)
01:53:24 PR 97479  (10506 of 14166)
01:53:26 PR 97478  (10507 of 14166)
01:53:28 PR 97477  (10508 of 14166)
01:53:30 PR 97475  (10509 of 14166)
01:53:32 PR 97474  (10510 of 14166)
01:53:36 PR 97472  (10511 of 14166)
01:53:38 PR 97470  (10512 of 14166)
01:53:40 PR 97469  (10513 of 14166)
01:53:42 PR 97468  (10514 of 14166)
01:53:43 PR 97467  (10515 of 14166)
01:53:45 PR 97465  (10516 of 14166)
01:53:47 PR 97464  (10517 of 14166)
01:53:50 PR 97463  (10518 of 14166)
01:53:52 PR 97462  (10519 of 14166)
01:53:54 PR 97460  (10520 of 14166)
01:53:56 PR 97457  (10521 of 14166)
01:53:58 PR 97456  (10522 of 14166)
01:53:59 PR 97453  (10523 of 14166)
01:54:02 PR 97452  (10524 of 14166)
01:54:04 PR 97450  (10525 of 14166)
01:54:06 PR 97449  (10526 of 14166)
01:54:08 PR 97448  (10527 of 14166)
01:54:10 PR 97447  (10528 of 14166)
01:54:12 PR 97446  (10529 of 14166)
01:54:14 PR 97445  (10530 of 14166)
01:54:16 PR 97444  (10531 of 14166)
01:54:18 PR 97443  (10532 of 14166)
01:54:20 PR 97442  (10533 of 14166)
01:54:22 PR 97441  (10534 of 14166)
01:54:25 PR 97440  (10535 of 14166)
01:54:27 PR 97439  (10536 of 14166)
01:54:29 PR 97438  (10537 of 14166)
01:54:31 PR 97437  (10538 of 14166)
01:54:33 PR 97435  (10539 of 14166)
01:54:36 PR 97433  (10540 of 14166)
01:54:39 PR 97432  (10541 of 14166)
01:54:42 PR 97429  (10542 of 14166)
01:54:44 PR 97428  (10543 of 14166)
01:54:46 PR 97426  (10544 of 14166)
01:54:49 PR 97425  (10545 of 14166)
01:54:51 PR 97424  (10546 of 14166)
01:54:53 PR 97422  (10547 of 14166)
01:54:55 PR 97421  (10548 of 14166)
01:54:57 PR 97420  (10549 of 14166)
01:54:59 PR 97419  (10550 of 14166)
01:55:01 PR 97418  (10551 of 14166)
01:55:03 PR 97417  (10552 of 14166)
01:55:06 PR 97415  (10553 of 14166)
01:55:08 PR 97414  (10554 of 14166)
01:55:11 PR 97413  (10555 of 14166)
01:55:13 PR 97412  (10556 of 14166)
01:55:15 PR 97411  (10557 of 14166)
01:55:17 PR 97410  (10558 of 14166)
01:55:19 PR 97409  (10559 of 14166)
01:55:22 PR 97408  (10560 of 14166)
01:55:24 PR 97405  (10561 of 14166)
01:55:27 PR 97404  (10562 of 14166)
01:55:29 PR 97403  (10563 of 14166)
01:55:31 PR 97402  (10564 of 14166)
01:55:34 PR 97401  (10565 of 14166)
01:55:36 PR 97400  (10566 of 14166)
01:55:40 PR 97399  (10567 of 14166)
01:55:42 PR 97398  (10568 of 14166)
01:55:44 PR 97397  (10569 of 14166)
01:55:46 PR 97395  (10570 of 14166)
01:55:48 PR 97394  (10571 of 14166)
01:55:50 PR 97391  (10572 of 14166)
01:55:52 PR 97390  (10573 of 14166)
01:55:54 PR 97389  (10574 of 14166)
01:55:56 PR 97388  (10575 of 14166)
01:55:59 PR 97387  (10576 of 14166)
01:56:01 PR 97386  (10577 of 14166)
01:56:03 PR 97385  (10578 of 14166)
01:56:05 PR 97384  (10579 of 14166)
01:56:07 PR 97383  (10580 of 14166)
01:56:09 PR 97381  (10581 of 14166)
01:56:11 PR 97380  (10582 of 14166)
01:56:14 PR 97379  (10583 of 14166)
01:56:15 PR 97378  (10584 of 14166)
01:56:17 PR 97377  (10585 of 14166)
01:56:21 PR 97376  (10586 of 14166)
01:56:23 PR 97375  (10587 of 14166)
01:56:24 PR 97374  (10588 of 14166)
01:56:27 PR 97373  (10589 of 14166)
01:56:29 PR 97372  (10590 of 14166)
01:56:31 PR 97371  (10591 of 14166)
01:56:33 PR 97370  (10592 of 14166)
01:56:35 PR 97369  (10593 of 14166)
01:56:37 PR 97367  (10594 of 14166)
01:56:39 PR 97366  (10595 of 14166)
01:56:42 PR 97365  (10596 of 14166)
01:56:44 PR 97364  (10597 of 14166)
01:56:46 PR 97363  (10598 of 14166)
01:56:48 PR 97362  (10599 of 14166)
01:56:51 PR 97361  (10600 of 14166)
01:56:54 PR 97360  (10601 of 14166)
01:56:56 PR 97359  (10602 of 14166)
01:56:58 PR 97358  (10603 of 14166)
01:57:01 PR 97357  (10604 of 14166)
01:57:03 PR 97356  (10605 of 14166)
01:57:05 PR 97355  (10606 of 14166)
01:57:08 PR 97354  (10607 of 14166)
01:57:10 PR 97353  (10608 of 14166)
01:57:12 PR 97352  (10609 of 14166)
01:57:14 PR 97351  (10610 of 14166)
01:57:16 PR 97350  (10611 of 14166)
01:57:18 PR 97349  (10612 of 14166)
01:57:20 PR 97347  (10613 of 14166)
01:57:23 PR 97346  (10614 of 14166)
01:57:25 PR 97345  (10615 of 14166)
01:57:27 PR 97344  (10616 of 14166)
01:57:29 PR 97343  (10617 of 14166)
01:57:31 PR 97342  (10618 of 14166)
01:57:34 PR 97341  (10619 of 14166)
01:57:36 PR 97339  (10620 of 14166)
01:57:39 PR 97340  (10621 of 14166)
01:57:41 PR 97338  (10622 of 14166)
01:57:43 PR 97337  (10623 of 14166)
01:57:45 PR 97336  (10624 of 14166)
01:57:47 PR 97335  (10625 of 14166)
01:57:50 PR 97334  (10626 of 14166)
01:57:52 PR 97333  (10627 of 14166)
01:57:54 PR 97332  (10628 of 14166)
01:57:56 PR 97331  (10629 of 14166)
01:57:58 PR 97330  (10630 of 14166)
01:58:01 PR 97329  (10631 of 14166)
01:58:04 PR 97328  (10632 of 14166)
01:58:06 PR 97327  (10633 of 14166)
01:58:09 PR 97326  (10634 of 14166)
01:58:11 PR 97325  (10635 of 14166)
01:58:13 PR 97324  (10636 of 14166)
01:58:15 PR 97322  (10637 of 14166)
01:58:17 PR 97321  (10638 of 14166)
01:58:19 PR 97320  (10639 of 14166)
01:58:22 PR 97318  (10640 of 14166)
01:58:24 PR 97317  (10641 of 14166)
01:58:26 PR 97316  (10642 of 14166)
01:58:28 PR 97315  (10643 of 14166)
01:58:30 PR 97314  (10644 of 14166)
01:58:31 PR 97313  (10645 of 14166)
01:58:34 PR 97312  (10646 of 14166)
01:58:36 PR 97311  (10647 of 14166)
01:58:38 PR 97310  (10648 of 14166)
01:58:41 PR 97309  (10649 of 14166)
01:58:43 PR 97308  (10650 of 14166)
01:58:45 PR 97306  (10651 of 14166)
01:58:47 PR 97305  (10652 of 14166)
01:58:48 PR 97303  (10653 of 14166)
01:58:51 PR 97302  (10654 of 14166)
01:58:52 PR 97301  (10655 of 14166)
01:58:55 PR 97300  (10656 of 14166)
01:58:57 PR 97299  (10657 of 14166)
01:58:59 PR 97297  (10658 of 14166)
01:59:01 PR 97295  (10659 of 14166)
01:59:03 PR 97294  (10660 of 14166)
01:59:05 PR 97293  (10661 of 14166)
01:59:07 PR 97292  (10662 of 14166)
01:59:10 PR 97291  (10663 of 14166)
01:59:12 PR 97290  (10664 of 14166)
01:59:14 PR 97288  (10665 of 14166)
01:59:16 PR 97287  (10666 of 14166)
01:59:19 PR 97286  (10667 of 14166)
01:59:21 PR 97285  (10668 of 14166)
01:59:23 PR 97284  (10669 of 14166)
01:59:25 PR 97283  (10670 of 14166)
01:59:28 PR 97282  (10671 of 14166)
01:59:30 PR 97281  (10672 of 14166)
01:59:32 PR 97280  (10673 of 14166)
01:59:35 PR 97279  (10674 of 14166)
01:59:37 PR 97278  (10675 of 14166)
01:59:39 PR 97277  (10676 of 14166)
01:59:42 PR 97276  (10677 of 14166)
01:59:44 PR 97275  (10678 of 14166)
01:59:46 PR 97274  (10679 of 14166)
01:59:48 PR 97273  (10680 of 14166)
01:59:50 PR 97272  (10681 of 14166)
01:59:54 PR 97271  (10682 of 14166)
01:59:56 PR 97268  (10683 of 14166)
01:59:58 PR 97267  (10684 of 14166)
02:00:01 PR 97266  (10685 of 14166)
02:00:03 PR 97264  (10686 of 14166)
02:00:05 PR 97263  (10687 of 14166)
02:00:07 PR 97262  (10688 of 14166)
02:00:09 PR 97261  (10689 of 14166)
02:00:12 PR 97259  (10690 of 14166)
02:00:14 PR 97258  (10691 of 14166)
02:00:16 PR 97257  (10692 of 14166)
02:00:19 PR 97256  (10693 of 14166)
02:00:21 PR 97255  (10694 of 14166)
02:00:23 PR 97254  (10695 of 14166)
02:00:25 PR 97252  (10696 of 14166)
02:00:29 PR 97251  (10697 of 14166)
02:00:31 PR 97250  (10698 of 14166)
02:00:33 PR 97247  (10699 of 14166)
02:00:35 PR 97245  (10700 of 14166)
02:00:38 PR 97244  (10701 of 14166)
02:00:40 PR 97241  (10702 of 14166)
02:00:44 PR 97239  (10703 of 14166)
02:00:46 PR 97238  (10704 of 14166)
02:00:48 PR 97237  (10705 of 14166)
02:00:51 PR 97236  (10706 of 14166)
02:00:53 PR 97234  (10707 of 14166)
02:00:55 PR 97233  (10708 of 14166)
02:00:58 PR 97232  (10709 of 14166)
02:01:00 PR 97231  (10710 of 14166)
02:01:02 PR 97230  (10711 of 14166)
02:01:04 PR 97229  (10712 of 14166)
02:01:06 PR 97228  (10713 of 14166)
02:01:08 PR 97227  (10714 of 14166)
02:01:10 PR 97225  (10715 of 14166)
02:01:12 PR 97224  (10716 of 14166)
02:01:14 PR 97222  (10717 of 14166)
02:01:16 PR 97221  (10718 of 14166)
02:01:18 PR 97220  (10719 of 14166)
02:01:20 PR 97218  (10720 of 14166)
02:01:23 PR 97216  (10721 of 14166)
02:01:24 PR 97215  (10722 of 14166)
02:01:26 PR 97214  (10723 of 14166)
02:01:28 PR 97213  (10724 of 14166)
02:01:30 PR 97211  (10725 of 14166)
02:01:33 PR 97210  (10726 of 14166)
02:01:34 PR 97207  (10727 of 14166)
02:01:36 PR 97206  (10728 of 14166)
02:01:38 PR 97204  (10729 of 14166)
02:01:41 PR 97203  (10730 of 14166)
02:01:43 PR 97202  (10731 of 14166)
02:01:45 PR 97201  (10732 of 14166)
02:01:47 PR 97200  (10733 of 14166)
02:01:50 PR 97199  (10734 of 14166)
02:01:52 PR 97198  (10735 of 14166)
02:01:55 PR 97197  (10736 of 14166)
02:01:57 PR 97196  (10737 of 14166)
02:01:59 PR 97195  (10738 of 14166)
02:02:01 PR 97194  (10739 of 14166)
02:02:04 PR 97193  (10740 of 14166)
02:02:06 PR 97192  (10741 of 14166)
02:02:08 PR 97191  (10742 of 14166)
02:02:10 PR 97190  (10743 of 14166)
02:02:12 PR 97189  (10744 of 14166)
02:02:16 PR 97188  (10745 of 14166)
02:02:18 PR 97187  (10746 of 14166)
02:02:20 PR 97186  (10747 of 14166)
02:02:22 PR 97185  (10748 of 14166)
02:02:24 PR 97184  (10749 of 14166)
02:02:27 PR 97183  (10750 of 14166)
02:02:29 PR 97180  (10751 of 14166)
02:02:31 PR 97179  (10752 of 14166)
02:02:33 PR 97176  (10753 of 14166)
02:02:35 PR 97175  (10754 of 14166)
02:02:37 PR 97174  (10755 of 14166)
02:02:39 PR 97172  (10756 of 14166)
02:02:42 PR 97171  (10757 of 14166)
02:02:44 PR 97170  (10758 of 14166)
02:02:46 PR 97169  (10759 of 14166)
02:02:49 PR 97168  (10760 of 14166)
02:02:51 PR 97167  (10761 of 14166)
02:02:53 PR 97165  (10762 of 14166)
02:02:56 PR 97163  (10763 of 14166)
02:02:58 PR 97162  (10764 of 14166)
02:03:00 PR 97161  (10765 of 14166)
02:03:03 PR 97160  (10766 of 14166)
02:03:04 PR 97159  (10767 of 14166)
02:03:07 PR 97158  (10768 of 14166)
02:03:09 PR 97157  (10769 of 14166)
02:03:11 PR 97155  (10770 of 14166)
02:03:13 PR 97154  (10771 of 14166)
02:03:15 PR 97153  (10772 of 14166)
02:03:17 PR 97152  (10773 of 14166)
02:03:20 PR 97151  (10774 of 14166)
02:03:23 PR 97149  (10775 of 14166)
02:03:25 PR 97148  (10776 of 14166)
02:03:27 PR 97147  (10777 of 14166)
02:03:29 PR 97146  (10778 of 14166)
02:03:31 PR 97145  (10779 of 14166)
02:03:33 PR 97144  (10780 of 14166)
02:03:36 PR 97143  (10781 of 14166)
02:03:38 PR 97142  (10782 of 14166)
02:03:40 PR 97141  (10783 of 14166)
02:03:43 PR 97139  (10784 of 14166)
02:03:45 PR 97137  (10785 of 14166)
02:03:46 PR 97136  (10786 of 14166)
02:03:49 PR 97135  (10787 of 14166)
02:03:51 PR 97134  (10788 of 14166)
02:03:53 PR 97132  (10789 of 14166)
02:03:55 PR 97128  (10790 of 14166)
02:03:57 PR 97126  (10791 of 14166)
02:03:59 PR 97125  (10792 of 14166)
02:04:01 PR 97123  (10793 of 14166)
02:04:04 PR 97122  (10794 of 14166)
02:04:05 PR 97121  (10795 of 14166)
02:04:07 PR 97120  (10796 of 14166)
02:04:10 PR 97119  (10797 of 14166)
02:04:12 PR 97118  (10798 of 14166)
02:04:15 PR 97117  (10799 of 14166)
02:04:17 PR 97114  (10800 of 14166)
02:04:19 PR 97113  (10801 of 14166)
02:04:21 PR 97112  (10802 of 14166)
02:04:23 PR 97110  (10803 of 14166)
02:04:25 PR 97109  (10804 of 14166)
02:04:29 PR 97108  (10805 of 14166)
02:04:32 PR 97107  (10806 of 14166)
02:04:34 PR 97106  (10807 of 14166)
02:04:37 PR 97105  (10808 of 14166)
02:04:39 PR 97104  (10809 of 14166)
02:04:41 PR 97103  (10810 of 14166)
02:04:43 PR 97102  (10811 of 14166)
02:04:45 PR 97101  (10812 of 14166)
02:04:47 PR 97100  (10813 of 14166)
02:04:49 PR 97099  (10814 of 14166)
02:04:52 PR 97098  (10815 of 14166)
02:04:54 PR 97097  (10816 of 14166)
02:04:56 PR 97096  (10817 of 14166)
02:04:58 PR 97095  (10818 of 14166)
02:05:00 PR 97094  (10819 of 14166)
02:05:02 PR 97093  (10820 of 14166)
02:05:05 PR 97092  (10821 of 14166)
02:05:07 PR 97091  (10822 of 14166)
02:05:09 PR 97090  (10823 of 14166)
02:05:12 PR 97089  (10824 of 14166)
02:05:14 PR 97088  (10825 of 14166)
02:05:16 PR 97087  (10826 of 14166)
02:05:18 PR 97086  (10827 of 14166)
02:05:20 PR 97085  (10828 of 14166)
02:05:22 PR 97084  (10829 of 14166)
02:05:24 PR 97083  (10830 of 14166)
02:05:26 PR 97082  (10831 of 14166)
02:05:28 PR 97081  (10832 of 14166)
02:05:30 PR 97080  (10833 of 14166)
02:05:31 PR 97079  (10834 of 14166)
02:05:34 PR 97077  (10835 of 14166)
02:05:36 PR 97076  (10836 of 14166)
02:05:38 PR 97075  (10837 of 14166)
02:05:40 PR 97073  (10838 of 14166)
02:05:42 PR 97072  (10839 of 14166)
02:05:44 PR 97067  (10840 of 14166)
02:05:47 PR 97066  (10841 of 14166)
02:05:48 PR 97065  (10842 of 14166)
02:05:50 PR 97064  (10843 of 14166)
02:05:52 PR 97062  (10844 of 14166)
02:05:54 PR 97060  (10845 of 14166)
02:05:56 PR 97059  (10846 of 14166)
02:05:58 PR 97058  (10847 of 14166)
02:06:00 PR 97057  (10848 of 14166)
02:06:03 PR 97056  (10849 of 14166)
02:06:04 PR 97055  (10850 of 14166)
02:06:06 PR 97054  (10851 of 14166)
02:06:09 PR 97053  (10852 of 14166)
02:06:11 PR 97051  (10853 of 14166)
02:06:13 PR 97049  (10854 of 14166)
02:06:16 PR 97047  (10855 of 14166)
02:06:18 PR 97046  (10856 of 14166)
02:06:21 PR 97045  (10857 of 14166)
02:06:23 PR 97044  (10858 of 14166)
02:06:25 PR 97043  (10859 of 14166)
02:06:27 PR 97042  (10860 of 14166)
02:06:30 PR 97040  (10861 of 14166)
02:06:32 PR 97039  (10862 of 14166)
02:06:34 PR 97038  (10863 of 14166)
02:06:37 PR 97037  (10864 of 14166)
02:06:39 PR 97036  (10865 of 14166)
02:06:42 PR 97035  (10866 of 14166)
02:06:44 PR 97034  (10867 of 14166)
02:06:46 PR 97033  (10868 of 14166)
02:06:48 PR 97032  (10869 of 14166)
02:06:50 PR 97031  (10870 of 14166)
02:06:52 PR 97030  (10871 of 14166)
02:06:55 PR 97029  (10872 of 14166)
02:06:59 PR 97028  (10873 of 14166)
02:07:01 PR 97027  (10874 of 14166)
02:07:03 PR 97026  (10875 of 14166)
02:07:05 PR 97025  (10876 of 14166)
02:07:08 PR 97024  (10877 of 14166)
02:07:10 PR 97019  (10878 of 14166)
02:07:12 PR 97018  (10879 of 14166)
02:07:14 PR 97016  (10880 of 14166)
02:07:17 PR 97014  (10881 of 14166)
02:07:18 PR 97013  (10882 of 14166)
02:07:21 PR 97012  (10883 of 14166)
02:07:23 PR 97011  (10884 of 14166)
02:07:25 PR 97010  (10885 of 14166)
02:07:27 PR 97009  (10886 of 14166)
02:07:29 PR 97008  (10887 of 14166)
02:07:31 PR 97007  (10888 of 14166)
02:07:33 PR 97006  (10889 of 14166)
02:07:35 PR 97005  (10890 of 14166)
02:07:37 PR 97004  (10891 of 14166)
02:07:39 PR 97003  (10892 of 14166)
02:07:40 PR 97002  (10893 of 14166)
02:07:43 PR 97001  (10894 of 14166)
02:07:45 PR 96999  (10895 of 14166)
02:07:47 PR 96998  (10896 of 14166)
02:07:49 PR 96997  (10897 of 14166)
02:07:51 PR 96996  (10898 of 14166)
02:07:53 PR 96995  (10899 of 14166)
02:07:56 PR 96994  (10900 of 14166)
02:07:58 PR 96991  (10901 of 14166)
02:08:00 PR 96990  (10902 of 14166)
02:08:02 PR 96989  (10903 of 14166)
02:08:05 PR 96987  (10904 of 14166)
02:08:07 PR 96986  (10905 of 14166)
02:08:10 PR 96985  (10906 of 14166)
02:08:12 PR 96984  (10907 of 14166)
02:08:14 PR 96983  (10908 of 14166)
02:08:16 PR 96982  (10909 of 14166)
02:08:18 PR 96981  (10910 of 14166)
02:08:20 PR 96980  (10911 of 14166)
02:08:22 PR 96979  (10912 of 14166)
02:08:25 PR 96978  (10913 of 14166)
02:08:27 PR 96976  (10914 of 14166)
02:08:29 PR 96975  (10915 of 14166)
02:08:31 PR 96974  (10916 of 14166)
02:08:33 PR 96973  (10917 of 14166)
02:08:35 PR 96972  (10918 of 14166)
02:08:37 PR 96971  (10919 of 14166)
02:08:39 PR 96970  (10920 of 14166)
02:08:42 PR 96969  (10921 of 14166)
02:08:44 PR 96967  (10922 of 14166)
02:08:46 PR 96966  (10923 of 14166)
02:08:48 PR 96964  (10924 of 14166)
02:08:50 PR 96963  (10925 of 14166)
02:08:52 PR 96962  (10926 of 14166)
02:08:54 PR 96961  (10927 of 14166)
02:08:56 PR 96960  (10928 of 14166)
02:08:59 PR 96959  (10929 of 14166)
02:09:01 PR 96958  (10930 of 14166)
02:09:03 PR 96957  (10931 of 14166)
02:09:05 PR 96956  (10932 of 14166)
02:09:08 PR 96955  (10933 of 14166)
02:09:10 PR 96954  (10934 of 14166)
02:09:12 PR 96953  (10935 of 14166)
02:09:14 PR 96951  (10936 of 14166)
02:09:16 PR 96950  (10937 of 14166)
02:09:18 PR 96949  (10938 of 14166)
02:09:21 PR 96948  (10939 of 14166)
02:09:23 PR 96947  (10940 of 14166)
02:09:25 PR 96946  (10941 of 14166)
02:09:28 PR 96945  (10942 of 14166)
02:09:30 PR 96944  (10943 of 14166)
02:09:32 PR 96943  (10944 of 14166)
02:09:35 PR 96942  (10945 of 14166)
02:09:37 PR 96941  (10946 of 14166)
02:09:40 PR 96940  (10947 of 14166)
02:09:41 PR 96939  (10948 of 14166)
02:09:44 PR 96938  (10949 of 14166)
02:09:46 PR 96937  (10950 of 14166)
02:09:48 PR 96934  (10951 of 14166)
02:09:50 PR 96933  (10952 of 14166)
02:09:52 PR 96932  (10953 of 14166)
02:09:55 PR 96929  (10954 of 14166)
02:09:58 PR 96926  (10955 of 14166)
02:10:00 PR 96925  (10956 of 14166)
02:10:02 PR 96923  (10957 of 14166)
02:10:04 PR 96922  (10958 of 14166)
02:10:06 PR 96921  (10959 of 14166)
02:10:09 PR 96920  (10960 of 14166)
02:10:11 PR 96919  (10961 of 14166)
02:10:14 PR 96918  (10962 of 14166)
02:10:16 PR 96917  (10963 of 14166)
02:10:19 PR 96915  (10964 of 14166)
02:10:21 PR 96914  (10965 of 14166)
02:10:23 PR 96913  (10966 of 14166)
02:10:25 PR 96912  (10967 of 14166)
02:10:27 PR 96910  (10968 of 14166)
02:10:29 PR 96909  (10969 of 14166)
02:10:31 PR 96908  (10970 of 14166)
02:10:33 PR 96907  (10971 of 14166)
02:10:36 PR 96906  (10972 of 14166)
02:10:38 PR 96905  (10973 of 14166)
02:10:40 PR 96904  (10974 of 14166)
08:31:02 starting - 10974 PRs already saved, skipping those
08:31:02 reusing cached list of 14166 PR numbers
08:31:06 PR 96903  (10975 of 14166)
08:31:08 PR 96902  (10976 of 14166)
08:31:10 PR 96901  (10977 of 14166)
08:31:12 PR 96900  (10978 of 14166)
08:31:14 PR 96899  (10979 of 14166)
08:31:17 PR 96897  (10980 of 14166)
08:31:19 PR 96896  (10981 of 14166)
08:31:22 PR 96895  (10982 of 14166)
08:31:24 PR 96894  (10983 of 14166)
08:31:26 PR 96893  (10984 of 14166)
08:31:29 PR 96892  (10985 of 14166)
08:31:32 PR 96891  (10986 of 14166)
08:31:34 PR 96890  (10987 of 14166)
08:31:36 PR 96889  (10988 of 14166)
08:31:38 PR 96887  (10989 of 14166)
08:31:42 PR 96885  (10990 of 14166)
08:31:45 PR 96884  (10991 of 14166)
08:31:47 PR 96883  (10992 of 14166)
08:31:51 PR 96882  (10993 of 14166)
08:31:54 PR 96879  (10994 of 14166)
08:31:56 PR 96878  (10995 of 14166)
08:31:58 PR 96877  (10996 of 14166)
08:32:00 PR 96875  (10997 of 14166)
08:32:03 PR 96874  (10998 of 14166)
08:32:05 PR 96873  (10999 of 14166)
08:32:07 PR 96872  (11000 of 14166)
08:32:10 PR 96871  (11001 of 14166)
08:32:12 PR 96870  (11002 of 14166)
08:32:14 PR 96869  (11003 of 14166)
08:32:16 PR 96868  (11004 of 14166)
08:32:19 PR 96867  (11005 of 14166)
08:32:22 PR 96866  (11006 of 14166)
08:32:24 PR 96865  (11007 of 14166)
08:32:26 PR 96864  (11008 of 14166)
08:32:30 PR 96863  (11009 of 14166)
08:32:33 PR 96862  (11010 of 14166)
08:32:36 PR 96861  (11011 of 14166)
08:32:39 PR 96859  (11012 of 14166)
08:32:41 PR 96858  (11013 of 14166)
08:32:44 PR 96857  (11014 of 14166)
08:32:46 PR 96856  (11015 of 14166)
08:32:49 PR 96855  (11016 of 14166)
08:32:52 PR 96854  (11017 of 14166)
08:32:54 PR 96852  (11018 of 14166)
08:32:57 PR 96851  (11019 of 14166)
08:32:59 PR 96850  (11020 of 14166)
08:33:02 PR 96847  (11021 of 14166)
08:33:04 PR 96846  (11022 of 14166)
08:33:06 PR 96845  (11023 of 14166)
08:33:08 PR 96843  (11024 of 14166)
08:33:12 PR 96842  (11025 of 14166)
08:33:14 PR 96838  (11026 of 14166)
08:33:17 PR 96837  (11027 of 14166)
08:33:19 PR 96836  (11028 of 14166)
08:33:22 PR 96834  (11029 of 14166)
08:33:24 PR 96833  (11030 of 14166)
08:33:26 PR 96831  (11031 of 14166)
08:33:28 PR 96830  (11032 of 14166)
08:33:31 PR 96828  (11033 of 14166)
08:33:33 PR 96827  (11034 of 14166)
08:33:35 PR 98695  (11035 of 14166)
08:33:37 PR 98694  (11036 of 14166)
08:33:40 PR 98693  (11037 of 14166)
08:33:43 PR 98691  (11038 of 14166)
08:33:45 PR 98690  (11039 of 14166)
08:33:47 PR 98689  (11040 of 14166)
08:33:50 PR 98687  (11041 of 14166)
08:33:52 PR 98686  (11042 of 14166)
08:33:54 PR 98685  (11043 of 14166)
08:33:57 PR 98684  (11044 of 14166)
08:34:00 PR 98683  (11045 of 14166)
08:34:03 PR 98682  (11046 of 14166)
08:34:06 PR 98681  (11047 of 14166)
08:34:08 PR 98677  (11048 of 14166)
08:34:10 PR 98676  (11049 of 14166)
08:34:13 PR 98674  (11050 of 14166)
08:34:15 PR 98672  (11051 of 14166)
08:34:19 PR 98671  (11052 of 14166)
08:34:21 PR 98670  (11053 of 14166)
08:34:24 PR 98669  (11054 of 14166)
08:34:26 PR 98667  (11055 of 14166)
08:34:28 PR 98666  (11056 of 14166)
08:34:30 PR 98665  (11057 of 14166)
08:34:33 PR 98664  (11058 of 14166)
08:34:35 PR 98663  (11059 of 14166)
08:34:37 PR 98662  (11060 of 14166)
08:34:40 PR 98660  (11061 of 14166)
08:34:42 PR 98659  (11062 of 14166)
08:34:44 PR 98656  (11063 of 14166)
08:34:47 PR 98655  (11064 of 14166)
08:34:49 PR 98654  (11065 of 14166)
08:34:51 PR 98653  (11066 of 14166)
08:34:53 PR 98652  (11067 of 14166)
08:34:56 PR 98651  (11068 of 14166)
08:34:58 PR 98649  (11069 of 14166)
08:35:00 PR 98648  (11070 of 14166)
08:35:02 PR 98646  (11071 of 14166)
08:35:04 PR 98645  (11072 of 14166)
08:35:07 PR 98643  (11073 of 14166)
08:35:09 PR 98642  (11074 of 14166)
08:35:11 PR 98640  (11075 of 14166)
08:35:13 PR 98639  (11076 of 14166)
08:35:16 PR 98638  (11077 of 14166)
08:35:18 PR 98637  (11078 of 14166)
08:35:22 PR 98636  (11079 of 14166)
08:35:24 PR 98635  (11080 of 14166)
08:35:27 PR 98633  (11081 of 14166)
08:35:29 PR 98632  (11082 of 14166)
08:35:32 PR 98631  (11083 of 14166)
08:35:34 PR 98630  (11084 of 14166)
08:35:37 PR 98629  (11085 of 14166)
08:35:41 PR 98628  (11086 of 14166)
08:35:43 PR 98627  (11087 of 14166)
08:35:45 PR 98625  (11088 of 14166)
08:35:48 PR 98624  (11089 of 14166)
08:35:50 PR 98623  (11090 of 14166)
08:35:53 PR 98622  (11091 of 14166)
08:35:55 PR 98621  (11092 of 14166)
08:35:58 PR 98619  (11093 of 14166)
08:36:00 PR 98618  (11094 of 14166)
08:36:02 PR 98616  (11095 of 14166)
08:36:05 PR 98615  (11096 of 14166)
08:36:08 PR 98614  (11097 of 14166)
08:36:10 PR 98613  (11098 of 14166)
08:36:12 PR 98612  (11099 of 14166)
08:36:15 PR 98611  (11100 of 14166)
08:36:17 PR 98610  (11101 of 14166)
08:36:19 PR 98609  (11102 of 14166)
08:36:21 PR 98605  (11103 of 14166)
08:36:25 PR 98604  (11104 of 14166)
08:36:27 PR 98603  (11105 of 14166)
08:36:30 PR 98602  (11106 of 14166)
08:36:32 PR 98601  (11107 of 14166)
08:36:34 PR 98599  (11108 of 14166)
08:36:36 PR 98598  (11109 of 14166)
08:36:38 PR 98596  (11110 of 14166)
08:36:40 PR 98595  (11111 of 14166)
08:36:43 PR 98594  (11112 of 14166)
08:36:45 PR 98593  (11113 of 14166)
08:36:47 PR 98592  (11114 of 14166)
08:36:50 PR 98591  (11115 of 14166)
08:36:52 PR 98590  (11116 of 14166)
08:36:54 PR 98589  (11117 of 14166)
08:36:56 PR 98587  (11118 of 14166)
08:36:59 PR 98586  (11119 of 14166)
08:37:01 PR 98585  (11120 of 14166)
08:37:03 PR 98584  (11121 of 14166)
08:37:05 PR 98583  (11122 of 14166)
08:37:07 PR 98582  (11123 of 14166)
08:37:10 PR 98581  (11124 of 14166)
08:37:13 PR 98580  (11125 of 14166)
08:37:15 PR 98579  (11126 of 14166)
08:37:18 PR 98578  (11127 of 14166)
08:37:20 PR 98577  (11128 of 14166)
08:37:22 PR 98576  (11129 of 14166)
08:37:23 PR 98575  (11130 of 14166)
08:37:26 PR 98574  (11131 of 14166)
08:37:28 PR 98572  (11132 of 14166)
08:37:30 PR 98571  (11133 of 14166)
08:37:32 PR 98569  (11134 of 14166)
08:37:34 PR 98567  (11135 of 14166)
08:37:36 PR 98566  (11136 of 14166)
08:37:39 PR 98565  (11137 of 14166)
08:37:42 PR 98564  (11138 of 14166)
08:37:44 PR 98563  (11139 of 14166)
08:37:47 PR 98562  (11140 of 14166)
08:37:50 PR 98561  (11141 of 14166)
08:37:52 PR 98558  (11142 of 14166)
08:37:54 PR 98557  (11143 of 14166)
08:37:56 PR 98556  (11144 of 14166)
08:37:59 PR 98554  (11145 of 14166)
08:38:01 PR 98553  (11146 of 14166)
08:38:03 PR 98552  (11147 of 14166)
08:38:05 PR 98550  (11148 of 14166)
08:38:07 PR 98549  (11149 of 14166)
08:38:10 PR 98548  (11150 of 14166)
08:38:12 PR 98546  (11151 of 14166)
08:38:14 PR 98545  (11152 of 14166)
08:38:17 PR 98544  (11153 of 14166)
08:38:19 PR 98543  (11154 of 14166)
08:38:21 PR 98541  (11155 of 14166)
08:38:23 PR 98540  (11156 of 14166)
08:38:26 PR 98539  (11157 of 14166)
08:38:28 PR 98538  (11158 of 14166)
08:38:30 PR 98537  (11159 of 14166)
08:38:33 PR 98534  (11160 of 14166)
08:38:35 PR 98533  (11161 of 14166)
08:38:37 PR 98531  (11162 of 14166)
08:38:39 PR 98529  (11163 of 14166)
08:38:42 PR 98528  (11164 of 14166)
08:38:44 PR 98527  (11165 of 14166)
08:38:47 PR 98526  (11166 of 14166)
08:38:49 PR 98524  (11167 of 14166)
08:38:51 PR 98522  (11168 of 14166)
08:38:53 PR 98519  (11169 of 14166)
08:38:55 PR 98518  (11170 of 14166)
08:38:58 PR 98517  (11171 of 14166)
08:39:00 PR 98516  (11172 of 14166)
08:39:02 PR 98515  (11173 of 14166)
08:39:06 PR 98514  (11174 of 14166)
08:39:08 PR 98513  (11175 of 14166)
08:39:10 PR 98512  (11176 of 14166)
08:39:12 PR 98510  (11177 of 14166)
08:39:15 PR 98509  (11178 of 14166)
08:39:17 PR 98508  (11179 of 14166)
08:39:19 PR 98507  (11180 of 14166)
08:39:21 PR 98506  (11181 of 14166)
08:39:25 PR 98505  (11182 of 14166)
08:39:27 PR 98504  (11183 of 14166)
08:39:29 PR 98503  (11184 of 14166)
08:39:31 PR 98502  (11185 of 14166)
08:39:34 PR 98500  (11186 of 14166)
08:39:36 PR 98498  (11187 of 14166)
08:39:38 PR 98497  (11188 of 14166)
08:39:40 PR 98496  (11189 of 14166)
08:39:42 PR 98495  (11190 of 14166)
08:39:44 PR 98493  (11191 of 14166)
08:39:46 PR 98490  (11192 of 14166)
08:39:48 PR 98489  (11193 of 14166)
08:39:50 PR 98488  (11194 of 14166)
08:39:52 PR 98486  (11195 of 14166)
08:39:54 PR 98483  (11196 of 14166)
08:39:56 PR 98482  (11197 of 14166)
08:39:58 PR 98480  (11198 of 14166)
08:40:00 PR 98479  (11199 of 14166)
08:40:02 PR 98477  (11200 of 14166)
08:40:05 PR 98476  (11201 of 14166)
08:40:07 PR 98475  (11202 of 14166)
08:40:09 PR 98474  (11203 of 14166)
08:40:11 PR 98473  (11204 of 14166)
08:40:13 PR 98471  (11205 of 14166)
08:40:15 PR 98470  (11206 of 14166)
08:40:17 PR 98468  (11207 of 14166)
08:40:19 PR 98467  (11208 of 14166)
08:40:22 PR 98465  (11209 of 14166)
08:40:24 PR 98464  (11210 of 14166)
08:40:26 PR 98463  (11211 of 14166)
08:40:28 PR 98462  (11212 of 14166)
08:40:31 PR 98461  (11213 of 14166)
08:40:33 PR 98460  (11214 of 14166)
08:40:35 PR 98459  (11215 of 14166)
08:40:38 PR 98458  (11216 of 14166)
08:40:40 PR 98457  (11217 of 14166)
08:40:42 PR 98455  (11218 of 14166)
08:40:44 PR 98454  (11219 of 14166)
08:40:46 PR 98453  (11220 of 14166)
08:40:48 PR 98452  (11221 of 14166)
08:40:50 PR 98450  (11222 of 14166)
08:40:52 PR 98449  (11223 of 14166)
08:40:54 PR 98448  (11224 of 14166)
08:40:56 PR 98447  (11225 of 14166)
08:41:00 PR 98446  (11226 of 14166)
08:41:02 PR 98445  (11227 of 14166)
08:41:04 PR 98444  (11228 of 14166)
08:41:06 PR 98443  (11229 of 14166)
08:41:08 PR 98442  (11230 of 14166)
08:41:10 PR 98441  (11231 of 14166)
08:41:13 PR 98440  (11232 of 14166)
08:41:15 PR 98439  (11233 of 14166)
08:41:17 PR 98438  (11234 of 14166)
08:41:19 PR 98437  (11235 of 14166)
08:41:21 PR 98435  (11236 of 14166)
08:41:24 PR 98434  (11237 of 14166)
08:41:26 PR 98433  (11238 of 14166)
08:41:28 PR 98432  (11239 of 14166)
08:41:30 PR 98431  (11240 of 14166)
08:41:32 PR 98430  (11241 of 14166)
08:41:35 PR 98427  (11242 of 14166)
08:41:37 PR 98426  (11243 of 14166)
08:41:39 PR 98424  (11244 of 14166)
08:41:41 PR 98423  (11245 of 14166)
08:41:44 PR 98421  (11246 of 14166)
08:41:46 PR 98419  (11247 of 14166)
08:41:48 PR 98417  (11248 of 14166)
08:41:51 PR 98416  (11249 of 14166)
08:41:53 PR 98415  (11250 of 14166)
08:41:55 PR 98414  (11251 of 14166)
08:41:57 PR 98413  (11252 of 14166)
08:41:59 PR 98412  (11253 of 14166)
08:42:01 PR 98411  (11254 of 14166)
08:42:04 PR 98409  (11255 of 14166)
08:42:06 PR 98408  (11256 of 14166)
08:42:08 PR 98407  (11257 of 14166)
08:42:11 PR 98406  (11258 of 14166)
08:42:13 PR 98405  (11259 of 14166)
08:42:15 PR 98404  (11260 of 14166)
08:42:19 PR 98403  (11261 of 14166)
08:42:21 PR 98401  (11262 of 14166)
08:42:24 PR 98399  (11263 of 14166)
08:42:26 PR 98398  (11264 of 14166)
08:42:28 PR 98395  (11265 of 14166)
08:42:31 PR 98394  (11266 of 14166)
08:42:33 PR 98393  (11267 of 14166)
08:42:35 PR 98392  (11268 of 14166)
08:42:37 PR 98391  (11269 of 14166)
08:42:39 PR 98390  (11270 of 14166)
08:42:41 PR 98389  (11271 of 14166)
08:42:44 PR 98388  (11272 of 14166)
08:42:46 PR 98387  (11273 of 14166)
08:42:48 PR 98386  (11274 of 14166)
08:42:51 PR 98385  (11275 of 14166)
08:42:53 PR 98384  (11276 of 14166)
08:42:55 PR 98383  (11277 of 14166)
08:42:57 PR 98381  (11278 of 14166)
08:43:00 PR 98380  (11279 of 14166)
08:43:03 PR 98377  (11280 of 14166)
08:43:05 PR 98376  (11281 of 14166)
08:43:07 PR 98375  (11282 of 14166)
08:43:09 PR 98374  (11283 of 14166)
08:43:12 PR 98373  (11284 of 14166)
08:43:14 PR 98372  (11285 of 14166)
08:43:16 PR 98371  (11286 of 14166)
08:43:18 PR 98370  (11287 of 14166)
08:43:20 PR 98369  (11288 of 14166)
08:43:23 PR 98367  (11289 of 14166)
08:43:25 PR 98366  (11290 of 14166)
08:43:27 PR 98365  (11291 of 14166)
08:43:29 PR 98364  (11292 of 14166)
08:43:31 PR 98363  (11293 of 14166)
08:43:33 PR 98362  (11294 of 14166)
08:43:36 PR 98361  (11295 of 14166)
08:43:38 PR 98360  (11296 of 14166)
08:43:40 PR 98359  (11297 of 14166)
08:43:43 PR 98358  (11298 of 14166)
08:43:45 PR 98352  (11299 of 14166)
08:43:47 PR 98350  (11300 of 14166)
08:43:50 PR 98349  (11301 of 14166)
08:43:52 PR 98348  (11302 of 14166)
08:43:54 PR 98347  (11303 of 14166)
08:43:56 PR 98346  (11304 of 14166)
08:43:58 PR 98342  (11305 of 14166)
08:44:00 PR 98341  (11306 of 14166)
08:44:02 PR 98340  (11307 of 14166)
08:44:04 PR 98339  (11308 of 14166)
08:44:06 PR 98338  (11309 of 14166)
08:44:09 PR 98337  (11310 of 14166)
08:44:11 PR 98336  (11311 of 14166)
08:44:13 PR 98335  (11312 of 14166)
08:44:15 PR 98334  (11313 of 14166)
08:44:17 PR 98333  (11314 of 14166)
08:44:21 PR 98332  (11315 of 14166)
08:44:24 PR 98329  (11316 of 14166)
08:44:26 PR 98328  (11317 of 14166)
08:44:28 PR 98327  (11318 of 14166)
08:44:29 PR 98326  (11319 of 14166)
08:44:31 PR 98325  (11320 of 14166)
08:44:34 PR 98324  (11321 of 14166)
08:44:36 PR 98323  (11322 of 14166)
08:44:38 PR 98322  (11323 of 14166)
08:44:40 PR 98320  (11324 of 14166)
08:44:42 PR 98319  (11325 of 14166)
08:44:45 PR 98317  (11326 of 14166)
08:44:47 PR 98315  (11327 of 14166)
08:44:49 PR 98314  (11328 of 14166)
08:44:51 PR 98313  (11329 of 14166)
08:44:53 PR 98311  (11330 of 14166)
08:44:55 PR 98310  (11331 of 14166)
08:44:57 PR 98309  (11332 of 14166)
08:44:59 PR 98308  (11333 of 14166)
08:45:02 PR 98305  (11334 of 14166)
08:45:04 PR 98304  (11335 of 14166)
08:45:06 PR 98303  (11336 of 14166)
08:45:08 PR 98302  (11337 of 14166)
08:45:09 PR 98301  (11338 of 14166)
08:45:12 PR 98300  (11339 of 14166)
08:45:14 PR 98299  (11340 of 14166)
08:45:16 PR 98290  (11341 of 14166)
08:45:19 PR 98288  (11342 of 14166)
08:45:20 PR 98287  (11343 of 14166)
08:45:22 PR 98286  (11344 of 14166)
08:45:25 PR 98285  (11345 of 14166)
08:45:27 PR 98283  (11346 of 14166)
08:45:29 PR 98276  (11347 of 14166)
08:45:32 PR 98274  (11348 of 14166)
08:45:34 PR 98273  (11349 of 14166)
08:45:36 PR 98272  (11350 of 14166)
08:45:38 PR 98270  (11351 of 14166)
08:45:40 PR 98269  (11352 of 14166)
08:45:42 PR 98268  (11353 of 14166)
08:45:44 PR 98267  (11354 of 14166)
08:45:46 PR 98266  (11355 of 14166)
08:45:48 PR 98264  (11356 of 14166)
08:45:50 PR 98262  (11357 of 14166)
08:45:52 PR 98261  (11358 of 14166)
08:45:54 PR 98260  (11359 of 14166)
08:45:56 PR 98256  (11360 of 14166)
08:45:59 PR 98255  (11361 of 14166)
08:46:01 PR 98254  (11362 of 14166)
08:46:03 PR 98253  (11363 of 14166)
08:46:07 PR 98252  (11364 of 14166)
08:46:09 PR 98251  (11365 of 14166)
08:46:11 PR 98250  (11366 of 14166)
08:46:13 PR 98249  (11367 of 14166)
08:46:16 PR 98248  (11368 of 14166)
08:46:18 PR 98247  (11369 of 14166)
08:46:20 PR 98246  (11370 of 14166)
09:14:47 starting - 11370 PRs already saved, skipping those
09:14:47 reusing cached list of 14166 PR numbers
09:14:51 PR 98245  (11371 of 14166)
09:14:53 PR 98244  (11372 of 14166)
09:14:55 PR 98243  (11373 of 14166)
09:14:58 PR 98241  (11374 of 14166)
09:15:01 PR 98240  (11375 of 14166)
09:15:03 PR 98239  (11376 of 14166)
09:15:05 PR 98238  (11377 of 14166)
09:15:08 PR 98237  (11378 of 14166)
09:15:10 PR 98236  (11379 of 14166)
09:15:12 PR 98235  (11380 of 14166)
09:15:15 PR 98234  (11381 of 14166)
09:15:17 PR 98233  (11382 of 14166)
09:15:19 PR 98232  (11383 of 14166)
09:15:21 PR 98230  (11384 of 14166)
09:15:23 PR 98228  (11385 of 14166)
09:15:25 PR 98227  (11386 of 14166)
09:15:27 PR 98226  (11387 of 14166)
09:15:30 PR 98224  (11388 of 14166)
09:15:33 PR 98223  (11389 of 14166)
09:15:35 PR 98222  (11390 of 14166)
09:15:37 PR 98221  (11391 of 14166)
09:15:39 PR 98220  (11392 of 14166)
09:15:41 PR 98219  (11393 of 14166)
09:15:43 PR 98218  (11394 of 14166)
09:15:45 PR 98215  (11395 of 14166)
09:15:48 PR 98214  (11396 of 14166)
09:15:49 PR 98213  (11397 of 14166)
09:15:51 PR 98211  (11398 of 14166)
09:15:54 PR 98210  (11399 of 14166)
09:15:56 PR 98209  (11400 of 14166)
09:15:58 PR 98208  (11401 of 14166)
09:16:01 PR 98207  (11402 of 14166)
09:16:03 PR 98206  (11403 of 14166)
09:16:05 PR 98205  (11404 of 14166)
09:16:07 PR 98204  (11405 of 14166)
09:16:09 PR 98203  (11406 of 14166)
09:16:11 PR 98201  (11407 of 14166)
09:16:13 PR 98200  (11408 of 14166)
09:16:15 PR 98199  (11409 of 14166)
09:16:17 PR 98198  (11410 of 14166)
09:16:19 PR 98197  (11411 of 14166)
09:16:21 PR 98195  (11412 of 14166)
09:16:24 PR 98194  (11413 of 14166)
09:16:27 PR 98193  (11414 of 14166)
09:16:29 PR 98192  (11415 of 14166)
09:16:31 PR 98191  (11416 of 14166)
09:16:33 PR 98190  (11417 of 14166)
09:16:36 PR 98189  (11418 of 14166)
09:16:38 PR 98188  (11419 of 14166)
09:16:40 PR 98187  (11420 of 14166)
09:16:43 PR 98186  (11421 of 14166)
09:16:45 PR 98185  (11422 of 14166)
09:16:47 PR 98183  (11423 of 14166)
09:16:50 PR 98182  (11424 of 14166)
09:16:52 PR 98181  (11425 of 14166)
09:16:54 PR 98180  (11426 of 14166)
09:16:57 PR 98179  (11427 of 14166)
09:16:59 PR 98178  (11428 of 14166)
09:17:02 PR 98177  (11429 of 14166)
09:17:04 PR 98176  (11430 of 14166)
09:17:06 PR 98175  (11431 of 14166)
09:17:08 PR 98174  (11432 of 14166)
09:17:10 PR 98173  (11433 of 14166)
09:17:14 PR 98172  (11434 of 14166)
09:17:16 PR 98171  (11435 of 14166)
09:17:18 PR 98167  (11436 of 14166)
09:17:20 PR 98166  (11437 of 14166)
09:17:23 PR 98165  (11438 of 14166)
09:17:25 PR 98164  (11439 of 14166)
09:17:27 PR 98163  (11440 of 14166)
09:17:30 PR 98161  (11441 of 14166)
09:17:33 PR 98160  (11442 of 14166)
09:17:36 PR 98159  (11443 of 14166)
09:17:38 PR 98158  (11444 of 14166)
09:17:41 PR 98157  (11445 of 14166)
09:17:43 PR 98156  (11446 of 14166)
09:17:46 PR 98155  (11447 of 14166)
09:17:49 PR 98154  (11448 of 14166)
09:17:51 PR 98153  (11449 of 14166)
09:17:53 PR 98152  (11450 of 14166)
09:17:56 PR 98151  (11451 of 14166)
09:17:58 PR 98150  (11452 of 14166)
09:18:01 PR 98149  (11453 of 14166)
09:18:03 PR 98148  (11454 of 14166)
09:18:05 PR 98147  (11455 of 14166)
09:18:08 PR 98145  (11456 of 14166)
09:18:10 PR 98144  (11457 of 14166)
09:18:12 PR 98143  (11458 of 14166)
09:18:15 PR 98142  (11459 of 14166)
09:18:16 PR 98141  (11460 of 14166)
09:18:20 PR 98140  (11461 of 14166)
09:18:22 PR 98139  (11462 of 14166)
09:18:24 PR 98138  (11463 of 14166)
09:18:26 PR 98135  (11464 of 14166)
09:18:29 PR 98134  (11465 of 14166)
09:18:31 PR 98133  (11466 of 14166)
09:18:33 PR 98131  (11467 of 14166)
09:18:35 PR 98129  (11468 of 14166)
09:18:37 PR 98128  (11469 of 14166)
09:18:40 PR 98127  (11470 of 14166)
09:18:42 PR 98125  (11471 of 14166)
09:18:44 PR 98124  (11472 of 14166)
09:18:46 PR 98121  (11473 of 14166)
09:18:49 PR 98120  (11474 of 14166)
09:18:51 PR 98119  (11475 of 14166)
09:18:53 PR 98118  (11476 of 14166)
09:18:56 PR 98117  (11477 of 14166)
09:18:59 PR 98116  (11478 of 14166)
09:19:01 PR 98115  (11479 of 14166)
09:19:04 PR 98114  (11480 of 14166)
09:19:06 PR 98113  (11481 of 14166)
09:19:09 PR 98111  (11482 of 14166)
09:19:12 PR 98109  (11483 of 14166)
09:19:15 PR 98108  (11484 of 14166)
09:19:17 PR 98107  (11485 of 14166)
09:19:20 PR 98106  (11486 of 14166)
09:19:22 PR 98105  (11487 of 14166)
09:19:24 PR 98104  (11488 of 14166)
09:19:27 PR 98101  (11489 of 14166)
09:19:29 PR 98100  (11490 of 14166)
09:19:31 PR 98099  (11491 of 14166)
09:19:33 PR 98098  (11492 of 14166)
09:19:36 PR 98097  (11493 of 14166)
09:19:38 PR 98096  (11494 of 14166)
09:19:41 PR 98095  (11495 of 14166)
09:19:43 PR 98094  (11496 of 14166)
09:19:45 PR 98092  (11497 of 14166)
09:19:48 PR 98091  (11498 of 14166)
09:19:50 PR 98090  (11499 of 14166)
09:19:52 PR 98089  (11500 of 14166)
09:19:55 PR 98088  (11501 of 14166)
09:19:58 PR 98087  (11502 of 14166)
09:20:01 PR 98086  (11503 of 14166)
09:20:03 PR 98085  (11504 of 14166)
09:20:06 PR 98084  (11505 of 14166)
09:20:08 PR 98083  (11506 of 14166)
09:20:11 PR 98082  (11507 of 14166)
09:20:13 PR 98081  (11508 of 14166)
09:20:15 PR 98080  (11509 of 14166)
09:20:18 PR 98079  (11510 of 14166)
09:20:20 PR 98078  (11511 of 14166)
09:20:22 PR 98076  (11512 of 14166)
09:20:24 PR 98075  (11513 of 14166)
09:20:26 PR 98074  (11514 of 14166)
09:20:29 PR 98073  (11515 of 14166)
09:20:31 PR 98071  (11516 of 14166)
09:20:34 PR 98069  (11517 of 14166)
09:20:36 PR 98068  (11518 of 14166)
09:20:38 PR 98067  (11519 of 14166)
09:20:41 PR 98066  (11520 of 14166)
09:20:43 PR 98065  (11521 of 14166)
09:20:45 PR 98064  (11522 of 14166)
09:20:48 PR 98063  (11523 of 14166)
09:20:50 PR 98062  (11524 of 14166)
09:20:52 PR 98061  (11525 of 14166)
09:20:54 PR 98060  (11526 of 14166)
09:20:56 PR 98059  (11527 of 14166)
09:20:59 PR 98058  (11528 of 14166)
09:21:01 PR 98057  (11529 of 14166)
09:21:03 PR 98056  (11530 of 14166)
09:21:06 PR 98055  (11531 of 14166)
09:21:10 PR 98054  (11532 of 14166)
09:21:12 PR 98053  (11533 of 14166)
09:21:14 PR 98052  (11534 of 14166)
09:21:16 PR 98051  (11535 of 14166)
09:21:18 PR 98049  (11536 of 14166)
09:21:20 PR 98048  (11537 of 14166)
09:21:23 PR 98047  (11538 of 14166)
09:21:25 PR 98045  (11539 of 14166)
09:21:28 PR 98043  (11540 of 14166)
09:21:30 PR 98040  (11541 of 14166)
09:21:32 PR 98039  (11542 of 14166)
09:21:35 PR 98038  (11543 of 14166)
09:21:37 PR 98037  (11544 of 14166)
09:21:39 PR 98036  (11545 of 14166)
09:21:41 PR 98035  (11546 of 14166)
09:21:44 PR 98034  (11547 of 14166)
09:21:47 PR 98033  (11548 of 14166)
09:21:49 PR 98031  (11549 of 14166)
09:21:51 PR 98030  (11550 of 14166)
09:21:53 PR 98028  (11551 of 14166)
09:21:55 PR 98027  (11552 of 14166)
09:21:57 PR 98026  (11553 of 14166)
09:21:59 PR 98025  (11554 of 14166)
09:22:02 PR 98024  (11555 of 14166)
09:22:04 PR 98023  (11556 of 14166)
09:22:06 PR 98022  (11557 of 14166)
09:22:08 PR 98021  (11558 of 14166)
09:22:11 PR 98020  (11559 of 14166)
09:22:13 PR 98019  (11560 of 14166)
09:22:15 PR 98018  (11561 of 14166)
09:22:17 PR 98017  (11562 of 14166)
09:22:19 PR 98016  (11563 of 14166)
09:22:21 PR 98015  (11564 of 14166)
09:22:23 PR 98014  (11565 of 14166)
09:22:26 PR 98013  (11566 of 14166)
09:22:28 PR 98012  (11567 of 14166)
09:22:30 PR 98011  (11568 of 14166)
09:22:32 PR 98010  (11569 of 14166)
09:22:34 PR 98009  (11570 of 14166)
09:22:36 PR 98008  (11571 of 14166)
09:22:38 PR 98007  (11572 of 14166)
09:22:41 PR 98006  (11573 of 14166)
09:22:44 PR 98005  (11574 of 14166)
09:22:47 PR 98004  (11575 of 14166)
09:22:49 PR 98003  (11576 of 14166)
09:22:51 PR 98002  (11577 of 14166)
09:22:54 PR 98001  (11578 of 14166)
09:22:56 PR 98000  (11579 of 14166)
09:22:58 PR 97998  (11580 of 14166)
09:23:00 PR 97997  (11581 of 14166)
09:23:02 PR 97996  (11582 of 14166)
09:23:05 PR 97994  (11583 of 14166)
09:23:07 PR 97993  (11584 of 14166)
09:23:10 PR 97992  (11585 of 14166)
09:23:12 PR 97991  (11586 of 14166)
09:23:14 PR 97990  (11587 of 14166)
09:23:16 PR 97989  (11588 of 14166)
09:23:19 PR 97988  (11589 of 14166)
09:23:21 PR 97986  (11590 of 14166)
09:23:23 PR 97985  (11591 of 14166)
09:23:25 PR 97984  (11592 of 14166)
09:23:28 PR 97983  (11593 of 14166)
09:23:31 PR 97982  (11594 of 14166)
09:23:33 PR 97981  (11595 of 14166)
09:23:35 PR 97980  (11596 of 14166)
09:23:37 PR 97978  (11597 of 14166)
09:23:39 PR 97977  (11598 of 14166)
09:23:42 PR 97976  (11599 of 14166)
09:23:44 PR 97975  (11600 of 14166)
09:23:47 PR 97974  (11601 of 14166)
09:23:49 PR 97971  (11602 of 14166)
09:23:51 PR 97970  (11603 of 14166)
09:23:53 PR 97969  (11604 of 14166)
09:23:56 PR 97966  (11605 of 14166)
09:23:58 PR 97965  (11606 of 14166)
09:24:01 PR 97963  (11607 of 14166)
09:24:03 PR 97962  (11608 of 14166)
09:24:06 PR 97961  (11609 of 14166)
09:24:09 PR 97960  (11610 of 14166)
09:24:11 PR 97959  (11611 of 14166)
09:24:13 PR 97958  (11612 of 14166)
09:24:16 PR 97957  (11613 of 14166)
09:24:18 PR 97956  (11614 of 14166)
09:24:21 PR 97955  (11615 of 14166)
09:24:23 PR 97953  (11616 of 14166)
09:24:26 PR 97951  (11617 of 14166)
09:24:28 PR 97950  (11618 of 14166)
09:24:30 PR 97947  (11619 of 14166)
09:24:32 PR 97946  (11620 of 14166)
09:24:34 PR 97945  (11621 of 14166)
09:24:36 PR 97944  (11622 of 14166)
09:24:38 PR 97943  (11623 of 14166)
09:24:41 PR 97941  (11624 of 14166)
09:24:43 PR 97940  (11625 of 14166)
09:24:45 PR 97939  (11626 of 14166)
09:24:47 PR 97938  (11627 of 14166)
09:24:49 PR 97937  (11628 of 14166)
09:24:52 PR 97935  (11629 of 14166)
09:24:54 PR 97934  (11630 of 14166)
09:24:56 PR 97933  (11631 of 14166)
09:24:58 PR 97932  (11632 of 14166)
09:25:00 PR 97931  (11633 of 14166)
09:25:02 PR 97930  (11634 of 14166)
09:25:04 PR 97929  (11635 of 14166)
09:25:07 PR 97927  (11636 of 14166)
09:25:09 PR 97926  (11637 of 14166)
09:25:12 PR 97925  (11638 of 14166)
09:25:15 PR 97924  (11639 of 14166)
09:25:17 PR 97923  (11640 of 14166)
09:25:19 PR 97922  (11641 of 14166)
09:25:21 PR 97921  (11642 of 14166)
09:25:24 PR 97920  (11643 of 14166)
09:25:27 PR 97919  (11644 of 14166)
09:25:30 PR 97918  (11645 of 14166)
09:25:32 PR 97917  (11646 of 14166)
09:25:34 PR 97916  (11647 of 14166)
09:25:37 PR 97915  (11648 of 14166)
09:25:39 PR 97914  (11649 of 14166)
09:25:42 PR 97913  (11650 of 14166)
09:25:45 PR 97912  (11651 of 14166)
09:25:47 PR 97910  (11652 of 14166)
09:25:50 PR 97909  (11653 of 14166)
09:25:52 PR 97908  (11654 of 14166)
09:25:54 PR 97907  (11655 of 14166)
09:25:57 PR 97906  (11656 of 14166)
09:25:59 PR 97903  (11657 of 14166)
09:26:01 PR 97902  (11658 of 14166)
09:26:03 PR 97901  (11659 of 14166)
09:26:06 PR 97900  (11660 of 14166)
09:26:08 PR 97899  (11661 of 14166)
09:26:11 PR 97898  (11662 of 14166)
09:26:13 PR 97896  (11663 of 14166)
09:26:14 PR 97895  (11664 of 14166)
09:26:17 PR 97894  (11665 of 14166)
09:26:18 PR 97892  (11666 of 14166)
09:26:21 PR 97891  (11667 of 14166)
09:26:23 PR 97890  (11668 of 14166)
09:26:25 PR 97889  (11669 of 14166)
09:26:27 PR 97888  (11670 of 14166)
09:26:29 PR 97887  (11671 of 14166)
09:26:31 PR 97886  (11672 of 14166)
09:26:33 PR 97885  (11673 of 14166)
09:26:35 PR 97884  (11674 of 14166)
09:26:37 PR 97883  (11675 of 14166)
09:26:40 PR 97882  (11676 of 14166)
09:26:43 PR 97880  (11677 of 14166)
09:26:45 PR 97879  (11678 of 14166)
09:26:49 PR 97878  (11679 of 14166)
09:26:51 PR 97877  (11680 of 14166)
09:26:53 PR 97876  (11681 of 14166)
09:26:55 PR 97875  (11682 of 14166)
09:26:57 PR 97874  (11683 of 14166)
09:26:59 PR 97873  (11684 of 14166)
09:27:01 PR 97872  (11685 of 14166)
09:27:03 PR 97871  (11686 of 14166)
09:27:06 PR 97869  (11687 of 14166)
09:27:09 PR 97867  (11688 of 14166)
09:27:11 PR 97866  (11689 of 14166)
09:27:13 PR 97865  (11690 of 14166)
09:27:16 PR 97864  (11691 of 14166)
09:27:18 PR 97863  (11692 of 14166)
09:27:20 PR 97862  (11693 of 14166)
09:27:22 PR 97861  (11694 of 14166)
09:27:25 PR 97860  (11695 of 14166)
09:27:27 PR 97859  (11696 of 14166)
09:27:29 PR 97858  (11697 of 14166)
09:27:32 PR 97857  (11698 of 14166)
09:27:34 PR 97856  (11699 of 14166)
09:27:37 PR 97855  (11700 of 14166)
09:27:39 PR 97854  (11701 of 14166)
09:27:42 PR 97853  (11702 of 14166)
09:27:44 PR 97852  (11703 of 14166)
09:27:46 PR 97849  (11704 of 14166)
09:27:48 PR 97848  (11705 of 14166)
09:27:50 PR 97847  (11706 of 14166)
09:27:53 PR 97844  (11707 of 14166)
09:27:55 PR 97843  (11708 of 14166)
09:27:58 PR 97842  (11709 of 14166)
09:28:00 PR 97841  (11710 of 14166)
09:28:02 PR 97840  (11711 of 14166)
09:28:04 PR 97838  (11712 of 14166)
09:28:06 PR 97836  (11713 of 14166)
09:28:08 PR 97832  (11714 of 14166)
09:28:11 PR 97831  (11715 of 14166)
09:28:13 PR 97830  (11716 of 14166)
09:28:16 PR 97829  (11717 of 14166)
09:28:18 PR 97827  (11718 of 14166)
09:28:20 PR 97826  (11719 of 14166)
09:28:22 PR 97825  (11720 of 14166)
09:28:24 PR 97824  (11721 of 14166)
09:28:27 PR 97823  (11722 of 14166)
09:28:29 PR 97822  (11723 of 14166)
09:28:31 PR 97821  (11724 of 14166)
09:28:33 PR 97820  (11725 of 14166)
09:28:35 PR 97819  (11726 of 14166)
09:28:37 PR 97818  (11727 of 14166)
09:28:39 PR 97817  (11728 of 14166)
09:28:42 PR 97815  (11729 of 14166)
09:28:43 PR 97814  (11730 of 14166)
09:28:46 PR 97813  (11731 of 14166)
09:28:47 PR 97812  (11732 of 14166)
09:28:49 PR 97811  (11733 of 14166)
09:28:51 PR 97810  (11734 of 14166)
09:28:53 PR 97809  (11735 of 14166)
09:28:55 PR 97808  (11736 of 14166)
09:28:57 PR 97806  (11737 of 14166)
09:28:59 PR 97805  (11738 of 14166)
09:29:01 PR 97804  (11739 of 14166)
09:29:03 PR 97803  (11740 of 14166)
09:29:05 PR 97802  (11741 of 14166)
09:29:07 PR 97801  (11742 of 14166)
09:29:11 PR 97800  (11743 of 14166)
09:29:13 PR 97798  (11744 of 14166)
09:29:15 PR 97797  (11745 of 14166)
09:29:18 PR 97796  (11746 of 14166)
09:29:20 PR 97795  (11747 of 14166)
09:29:22 PR 97794  (11748 of 14166)
09:29:24 PR 97793  (11749 of 14166)
09:29:26 PR 97792  (11750 of 14166)
09:29:28 PR 97791  (11751 of 14166)
09:29:30 PR 97790  (11752 of 14166)
09:29:32 PR 97789  (11753 of 14166)
09:29:34 PR 97788  (11754 of 14166)
09:29:36 PR 97787  (11755 of 14166)
09:29:38 PR 97785  (11756 of 14166)
09:29:40 PR 97784  (11757 of 14166)
09:29:42 PR 97783  (11758 of 14166)
09:29:44 PR 97782  (11759 of 14166)
09:29:46 PR 97781  (11760 of 14166)
09:29:49 PR 97780  (11761 of 14166)
09:29:51 PR 97778  (11762 of 14166)
09:29:53 PR 97777  (11763 of 14166)
09:29:55 PR 97776  (11764 of 14166)
09:29:57 PR 97775  (11765 of 14166)
09:29:59 PR 97774  (11766 of 14166)
09:30:02 PR 97773  (11767 of 14166)
09:30:04 PR 97772  (11768 of 14166)
09:30:06 PR 97771  (11769 of 14166)
09:30:08 PR 97770  (11770 of 14166)
09:30:12 PR 97769  (11771 of 14166)
09:30:14 PR 97768  (11772 of 14166)
09:30:16 PR 97767  (11773 of 14166)
09:30:18 PR 97766  (11774 of 14166)
09:30:20 PR 97765  (11775 of 14166)
09:30:22 PR 97764  (11776 of 14166)
09:30:24 PR 97763  (11777 of 14166)
09:30:26 PR 97762  (11778 of 14166)
09:30:28 PR 97761  (11779 of 14166)
09:30:30 PR 97760  (11780 of 14166)
09:30:32 PR 97759  (11781 of 14166)
09:30:34 PR 97758  (11782 of 14166)
09:30:36 PR 97757  (11783 of 14166)
09:30:38 PR 97756  (11784 of 14166)
09:30:40 PR 97755  (11785 of 14166)
09:30:43 PR 97754  (11786 of 14166)
09:30:45 PR 97753  (11787 of 14166)
09:30:47 PR 97752  (11788 of 14166)
09:30:49 PR 97751  (11789 of 14166)
09:30:51 PR 97750  (11790 of 14166)
09:30:53 PR 97749  (11791 of 14166)
09:30:55 PR 97745  (11792 of 14166)
09:30:57 PR 97744  (11793 of 14166)
09:31:00 PR 97743  (11794 of 14166)
09:31:01 PR 97742  (11795 of 14166)
09:31:04 PR 97741  (11796 of 14166)
09:31:05 PR 97740  (11797 of 14166)
09:31:07 PR 97739  (11798 of 14166)
09:31:09 PR 97738  (11799 of 14166)
09:31:11 PR 97736  (11800 of 14166)
09:31:14 PR 97735  (11801 of 14166)
09:31:16 PR 97733  (11802 of 14166)
09:31:19 PR 97732  (11803 of 14166)
09:31:21 PR 97731  (11804 of 14166)
09:31:23 PR 97730  (11805 of 14166)
09:31:25 PR 97729  (11806 of 14166)
09:31:27 PR 97727  (11807 of 14166)
09:31:30 PR 97726  (11808 of 14166)
09:31:32 PR 97725  (11809 of 14166)
09:31:34 PR 97724  (11810 of 14166)
09:31:37 PR 97723  (11811 of 14166)
09:31:39 PR 97721  (11812 of 14166)
09:31:41 PR 97720  (11813 of 14166)
09:31:44 PR 97719  (11814 of 14166)
09:31:46 PR 97718  (11815 of 14166)
09:31:48 PR 97717  (11816 of 14166)
09:31:50 PR 97716  (11817 of 14166)
09:31:52 PR 97715  (11818 of 14166)
09:31:54 PR 97714  (11819 of 14166)
09:31:56 PR 97712  (11820 of 14166)
09:31:59 PR 97711  (11821 of 14166)
09:32:01 PR 97710  (11822 of 14166)
09:32:04 PR 97709  (11823 of 14166)
09:32:06 PR 97708  (11824 of 14166)
09:32:08 PR 97707  (11825 of 14166)
09:32:10 PR 97706  (11826 of 14166)
09:32:12 PR 97705  (11827 of 14166)
09:32:15 PR 97704  (11828 of 14166)
09:32:17 PR 97703  (11829 of 14166)
09:32:19 PR 97702  (11830 of 14166)
09:32:21 PR 97701  (11831 of 14166)
09:32:23 PR 97700  (11832 of 14166)
09:32:26 PR 97699  (11833 of 14166)
09:32:28 PR 97698  (11834 of 14166)
09:32:30 PR 97695  (11835 of 14166)
09:32:32 PR 97693  (11836 of 14166)
09:32:34 PR 97692  (11837 of 14166)
09:32:37 PR 97691  (11838 of 14166)
09:32:39 PR 97690  (11839 of 14166)
09:32:41 PR 97689  (11840 of 14166)
09:32:43 PR 97688  (11841 of 14166)
09:32:45 PR 97687  (11842 of 14166)
09:32:47 PR 97686  (11843 of 14166)
09:32:50 PR 97685  (11844 of 14166)
09:32:51 PR 97684  (11845 of 14166)
09:32:54 PR 97683  (11846 of 14166)
09:32:56 PR 97682  (11847 of 14166)
09:32:58 PR 97681  (11848 of 14166)
09:33:00 PR 97680  (11849 of 14166)
09:33:02 PR 97678  (11850 of 14166)
09:33:04 PR 97677  (11851 of 14166)
09:33:07 PR 97673  (11852 of 14166)
09:33:09 PR 97672  (11853 of 14166)
09:33:11 PR 97671  (11854 of 14166)
09:33:13 PR 97670  (11855 of 14166)
09:33:15 PR 97669  (11856 of 14166)
09:33:18 PR 99455  (11857 of 14166)
09:33:20 PR 99454  (11858 of 14166)
09:33:22 PR 99451  (11859 of 14166)
09:33:25 PR 99450  (11860 of 14166)
09:33:27 PR 99449  (11861 of 14166)
09:33:30 PR 99448  (11862 of 14166)
09:33:32 PR 99447  (11863 of 14166)
09:33:34 PR 99446  (11864 of 14166)
09:33:36 PR 99445  (11865 of 14166)
09:33:38 PR 99444  (11866 of 14166)
09:33:41 PR 99443  (11867 of 14166)
09:33:43 PR 99442  (11868 of 14166)
09:33:46 PR 99440  (11869 of 14166)
09:33:48 PR 99436  (11870 of 14166)
09:33:50 PR 99433  (11871 of 14166)
09:33:52 PR 99432  (11872 of 14166)
09:33:54 PR 99431  (11873 of 14166)
09:33:57 PR 99430  (11874 of 14166)
09:33:59 PR 99429  (11875 of 14166)
09:34:01 PR 99428  (11876 of 14166)
09:34:03 PR 99427  (11877 of 14166)
09:34:05 PR 99426  (11878 of 14166)
09:34:07 PR 99425  (11879 of 14166)
09:34:09 PR 99424  (11880 of 14166)
09:34:11 PR 99423  (11881 of 14166)
09:34:14 PR 99422  (11882 of 14166)
09:34:16 PR 99421  (11883 of 14166)
09:34:18 PR 99420  (11884 of 14166)
09:34:20 PR 99419  (11885 of 14166)
09:34:22 PR 99418  (11886 of 14166)
09:34:25 PR 99417  (11887 of 14166)
09:34:28 PR 99415  (11888 of 14166)
09:34:30 PR 99414  (11889 of 14166)
09:34:32 PR 99413  (11890 of 14166)
09:34:35 PR 99411  (11891 of 14166)
09:34:37 PR 99409  (11892 of 14166)
09:34:40 PR 99408  (11893 of 14166)
09:34:42 PR 99407  (11894 of 14166)
09:34:44 PR 99406  (11895 of 14166)
09:34:46 PR 99405  (11896 of 14166)
09:34:47 PR 99403  (11897 of 14166)
09:34:50 PR 99402  (11898 of 14166)
09:34:52 PR 99401  (11899 of 14166)
09:34:54 PR 99400  (11900 of 14166)
09:34:57 PR 99399  (11901 of 14166)
09:34:59 PR 99398  (11902 of 14166)
09:35:01 PR 99397  (11903 of 14166)
09:35:03 PR 99396  (11904 of 14166)
09:35:06 PR 99395  (11905 of 14166)
09:35:08 PR 99394  (11906 of 14166)
09:35:10 PR 99393  (11907 of 14166)
09:35:12 PR 99392  (11908 of 14166)
09:35:14 PR 99391  (11909 of 14166)
09:35:16 PR 99390  (11910 of 14166)
09:35:18 PR 99388  (11911 of 14166)
09:35:21 PR 99387  (11912 of 14166)
09:35:23 PR 99386  (11913 of 14166)
09:35:25 PR 99385  (11914 of 14166)
09:35:27 PR 99384  (11915 of 14166)
09:35:29 PR 99383  (11916 of 14166)
09:35:31 PR 99382  (11917 of 14166)
09:35:33 PR 99381  (11918 of 14166)
09:35:35 PR 99380  (11919 of 14166)
09:35:38 PR 99379  (11920 of 14166)
09:35:40 PR 99378  (11921 of 14166)
09:35:42 PR 99377  (11922 of 14166)
09:35:44 PR 99376  (11923 of 14166)
09:35:46 PR 99375  (11924 of 14166)
09:35:48 PR 99374  (11925 of 14166)
09:35:50 PR 99373  (11926 of 14166)
09:35:52 PR 99372  (11927 of 14166)
09:35:54 PR 99371  (11928 of 14166)
09:35:57 PR 99370  (11929 of 14166)
09:36:00 PR 99368  (11930 of 14166)
09:36:02 PR 99367  (11931 of 14166)
09:36:04 PR 99366  (11932 of 14166)
09:36:07 PR 99364  (11933 of 14166)
09:36:09 PR 99363  (11934 of 14166)
09:36:12 PR 99362  (11935 of 14166)
09:36:15 PR 99361  (11936 of 14166)
09:36:17 PR 99360  (11937 of 14166)
09:36:19 PR 99359  (11938 of 14166)
09:36:21 PR 99357  (11939 of 14166)
09:36:24 PR 99356  (11940 of 14166)
09:36:27 PR 99355  (11941 of 14166)
09:36:30 PR 99354  (11942 of 14166)
09:36:32 PR 99353  (11943 of 14166)
09:36:34 PR 99352  (11944 of 14166)
09:36:37 PR 99351  (11945 of 14166)
09:36:39 PR 99350  (11946 of 14166)
09:36:42 PR 99349  (11947 of 14166)
09:36:44 PR 99348  (11948 of 14166)
09:36:47 PR 99347  (11949 of 14166)
09:36:49 PR 99346  (11950 of 14166)
09:36:51 PR 99345  (11951 of 14166)
09:36:54 PR 99344  (11952 of 14166)
09:36:56 PR 99343  (11953 of 14166)
09:36:58 PR 99342  (11954 of 14166)
09:36:59 PR 99341  (11955 of 14166)
09:37:02 PR 99340  (11956 of 14166)
09:37:04 PR 99338  (11957 of 14166)
09:37:07 PR 99336  (11958 of 14166)
09:37:10 PR 99334  (11959 of 14166)
09:37:12 PR 99333  (11960 of 14166)
09:37:15 PR 99332  (11961 of 14166)
09:37:17 PR 99331  (11962 of 14166)
09:37:19 PR 99329  (11963 of 14166)
09:37:22 PR 99328  (11964 of 14166)
09:37:24 PR 99327  (11965 of 14166)
09:37:27 PR 99326  (11966 of 14166)
09:37:29 PR 99325  (11967 of 14166)
09:37:32 PR 99321  (11968 of 14166)
09:37:35 PR 99320  (11969 of 14166)
09:37:37 PR 99319  (11970 of 14166)
09:37:40 PR 99318  (11971 of 14166)
09:37:42 PR 99317  (11972 of 14166)
09:37:44 PR 99316  (11973 of 14166)
09:37:46 PR 99314  (11974 of 14166)
09:37:49 PR 99313  (11975 of 14166)
09:37:51 PR 99312  (11976 of 14166)
09:37:53 PR 99311  (11977 of 14166)
09:37:54 PR 99309  (11978 of 14166)
09:37:57 PR 99308  (11979 of 14166)
09:37:59 PR 99307  (11980 of 14166)
09:38:01 PR 99306  (11981 of 14166)
09:38:03 PR 99305  (11982 of 14166)
09:38:05 PR 99304  (11983 of 14166)
09:38:08 PR 99303  (11984 of 14166)
09:38:10 PR 99302  (11985 of 14166)
09:38:12 PR 99301  (11986 of 14166)
09:38:14 PR 99300  (11987 of 14166)
09:38:16 PR 99298  (11988 of 14166)
09:38:19 PR 99296  (11989 of 14166)
09:38:21 PR 99295  (11990 of 14166)
09:38:23 PR 99294  (11991 of 14166)
09:38:25 PR 99293  (11992 of 14166)
09:38:27 PR 99292  (11993 of 14166)
09:38:29 PR 99291  (11994 of 14166)
09:38:31 PR 99290  (11995 of 14166)
09:38:33 PR 99289  (11996 of 14166)
09:38:34 PR 99287  (11997 of 14166)
09:38:37 PR 99286  (11998 of 14166)
09:38:39 PR 99285  (11999 of 14166)
09:38:41 PR 99284  (12000 of 14166)
09:38:43 PR 99283  (12001 of 14166)
09:38:45 PR 99282  (12002 of 14166)
09:38:47 PR 99280  (12003 of 14166)
09:38:50 PR 99279  (12004 of 14166)
09:38:52 PR 99278  (12005 of 14166)
09:38:54 PR 99277  (12006 of 14166)
09:38:56 PR 99276  (12007 of 14166)
09:38:58 PR 99275  (12008 of 14166)
09:39:01 PR 99274  (12009 of 14166)
09:39:03 PR 99273  (12010 of 14166)
09:39:05 PR 99270  (12011 of 14166)
09:39:07 PR 99269  (12012 of 14166)
09:39:10 PR 99268  (12013 of 14166)
09:39:12 PR 99267  (12014 of 14166)
09:39:14 PR 99266  (12015 of 14166)
09:39:16 PR 99265  (12016 of 14166)
09:39:19 PR 99264  (12017 of 14166)
09:39:20 PR 99263  (12018 of 14166)
09:39:23 PR 99261  (12019 of 14166)
09:39:25 PR 99260  (12020 of 14166)
09:39:27 PR 99259  (12021 of 14166)
09:39:30 PR 99258  (12022 of 14166)
09:39:32 PR 99257  (12023 of 14166)
09:39:34 PR 99256  (12024 of 14166)
09:39:37 PR 99254  (12025 of 14166)
09:39:39 PR 99252  (12026 of 14166)
09:39:41 PR 99251  (12027 of 14166)
09:39:43 PR 99249  (12028 of 14166)
09:39:45 PR 99248  (12029 of 14166)
09:39:47 PR 99247  (12030 of 14166)
09:39:49 PR 99246  (12031 of 14166)
09:39:51 PR 99244  (12032 of 14166)
09:39:53 PR 99243  (12033 of 14166)
09:39:55 PR 99241  (12034 of 14166)
09:39:58 PR 99240  (12035 of 14166)
09:40:00 PR 99239  (12036 of 14166)
09:40:03 PR 99238  (12037 of 14166)
09:40:05 PR 99237  (12038 of 14166)
09:40:07 PR 99233  (12039 of 14166)
09:40:09 PR 99232  (12040 of 14166)
09:40:12 PR 99231  (12041 of 14166)
09:40:14 PR 99230  (12042 of 14166)
09:40:17 PR 99229  (12043 of 14166)
09:40:19 PR 99228  (12044 of 14166)
09:40:21 PR 99227  (12045 of 14166)
09:40:23 PR 99226  (12046 of 14166)
09:40:25 PR 99225  (12047 of 14166)
09:40:28 PR 99224  (12048 of 14166)
09:40:30 PR 99222  (12049 of 14166)
09:40:33 PR 99220  (12050 of 14166)
09:40:35 PR 99219  (12051 of 14166)
09:40:37 PR 99218  (12052 of 14166)
09:40:39 PR 99215  (12053 of 14166)
09:40:41 PR 99214  (12054 of 14166)
09:40:44 PR 99213  (12055 of 14166)
09:40:46 PR 99212  (12056 of 14166)
09:40:48 PR 99211  (12057 of 14166)
09:40:50 PR 99210  (12058 of 14166)
09:40:52 PR 99208  (12059 of 14166)
09:40:54 PR 99207  (12060 of 14166)
09:40:56 PR 99206  (12061 of 14166)
09:40:59 PR 99205  (12062 of 14166)
09:41:01 PR 99204  (12063 of 14166)
09:41:03 PR 99203  (12064 of 14166)
09:41:05 PR 99202  (12065 of 14166)
09:41:07 PR 99200  (12066 of 14166)
09:41:10 PR 99199  (12067 of 14166)
09:41:13 PR 99198  (12068 of 14166)
09:41:15 PR 99197  (12069 of 14166)
09:41:18 PR 99195  (12070 of 14166)
09:41:20 PR 99194  (12071 of 14166)
09:41:22 PR 99192  (12072 of 14166)
09:41:24 PR 99190  (12073 of 14166)
09:41:26 PR 99189  (12074 of 14166)
09:41:28 PR 99188  (12075 of 14166)
09:41:30 PR 99187  (12076 of 14166)
09:41:33 PR 99186  (12077 of 14166)
09:41:35 PR 99185  (12078 of 14166)
09:41:37 PR 99184  (12079 of 14166)
09:41:39 PR 99183  (12080 of 14166)
09:41:41 PR 99182  (12081 of 14166)
09:41:44 PR 99181  (12082 of 14166)
09:41:46 PR 99180  (12083 of 14166)
09:41:49 PR 99179  (12084 of 14166)
09:41:51 PR 99178  (12085 of 14166)
09:41:53 PR 99176  (12086 of 14166)
09:41:55 PR 99173  (12087 of 14166)
09:41:57 PR 99171  (12088 of 14166)
09:41:59 PR 99170  (12089 of 14166)
09:42:02 PR 99169  (12090 of 14166)
09:42:04 PR 99168  (12091 of 14166)
09:42:08 PR 99167  (12092 of 14166)
09:42:10 PR 99166  (12093 of 14166)
09:42:12 PR 99165  (12094 of 14166)
09:42:14 PR 99163  (12095 of 14166)
09:42:16 PR 99162  (12096 of 14166)
09:42:18 PR 99161  (12097 of 14166)
09:42:21 PR 99157  (12098 of 14166)
09:42:24 PR 99155  (12099 of 14166)
09:42:27 PR 99154  (12100 of 14166)
09:42:29 PR 99152  (12101 of 14166)
09:42:31 PR 99151  (12102 of 14166)
09:42:34 PR 99149  (12103 of 14166)
09:42:36 PR 99148  (12104 of 14166)
09:42:41 PR 99147  (12105 of 14166)
09:42:43 PR 99145  (12106 of 14166)
09:42:45 PR 99144  (12107 of 14166)
09:42:48 PR 99143  (12108 of 14166)
09:42:50 PR 99142  (12109 of 14166)
09:42:52 PR 99141  (12110 of 14166)
09:42:55 PR 99139  (12111 of 14166)
09:42:57 PR 99138  (12112 of 14166)
09:43:00 PR 99136  (12113 of 14166)
09:43:02 PR 99135  (12114 of 14166)
09:43:05 PR 99132  (12115 of 14166)
09:43:10 PR 99128  (12116 of 14166)
09:43:13 PR 99127  (12117 of 14166)
09:43:21 PR 99126  (12118 of 14166)
09:43:23 PR 99125  (12119 of 14166)
09:43:26 PR 99124  (12120 of 14166)
09:43:30 PR 99123  (12121 of 14166)
09:43:32 PR 99122  (12122 of 14166)
09:43:34 PR 99121  (12123 of 14166)
10:44:35 starting - 12123 PRs already saved, skipping those
10:44:35 reusing cached list of 14166 PR numbers
10:44:38 PR 99120  (12124 of 14166)
10:44:39 PR 99118  (12125 of 14166)
10:44:42 PR 99117  (12126 of 14166)
10:44:44 PR 99116  (12127 of 14166)
10:44:46 PR 99114  (12128 of 14166)
10:44:48 PR 99113  (12129 of 14166)
10:44:50 PR 99112  (12130 of 14166)
10:44:52 PR 99110  (12131 of 14166)
10:44:54 PR 99108  (12132 of 14166)
10:44:56 PR 99107  (12133 of 14166)
10:44:58 PR 99105  (12134 of 14166)
10:45:00 PR 99104  (12135 of 14166)
10:45:02 PR 99103  (12136 of 14166)
10:45:04 PR 99102  (12137 of 14166)
10:45:05 PR 99101  (12138 of 14166)
10:45:07 PR 99100  (12139 of 14166)
10:45:09 PR 99097  (12140 of 14166)
10:45:12 PR 99096  (12141 of 14166)
10:45:14 PR 99095  (12142 of 14166)
10:45:16 PR 99094  (12143 of 14166)
10:45:19 PR 99093  (12144 of 14166)
10:45:22 PR 99092  (12145 of 14166)
10:45:24 PR 99091  (12146 of 14166)
10:45:26 PR 99090  (12147 of 14166)
10:45:28 PR 99087  (12148 of 14166)
10:45:30 PR 99086  (12149 of 14166)
10:45:32 PR 99085  (12150 of 14166)
10:45:33 PR 99084  (12151 of 14166)
10:45:35 PR 99083  (12152 of 14166)
10:45:37 PR 99080  (12153 of 14166)
10:45:39 PR 99079  (12154 of 14166)
10:45:40 PR 99078  (12155 of 14166)
10:45:43 PR 99077  (12156 of 14166)
10:45:45 PR 99076  (12157 of 14166)
10:45:47 PR 99073  (12158 of 14166)
10:45:49 PR 99072  (12159 of 14166)
10:45:51 PR 99071  (12160 of 14166)
10:45:53 PR 99070  (12161 of 14166)
10:45:55 PR 99068  (12162 of 14166)
10:45:57 PR 99065  (12163 of 14166)
10:45:59 PR 99064  (12164 of 14166)
10:46:01 PR 99063  (12165 of 14166)
10:46:03 PR 99061  (12166 of 14166)
10:46:04 PR 99060  (12167 of 14166)
10:46:06 PR 99058  (12168 of 14166)
10:46:08 PR 99057  (12169 of 14166)
10:46:10 PR 99055  (12170 of 14166)
10:46:12 PR 99050  (12171 of 14166)
10:46:14 PR 99048  (12172 of 14166)
10:46:16 PR 99047  (12173 of 14166)
10:46:18 PR 99046  (12174 of 14166)
10:46:20 PR 99044  (12175 of 14166)
10:46:22 PR 99043  (12176 of 14166)
10:46:24 PR 99042  (12177 of 14166)
10:46:26 PR 99041  (12178 of 14166)
10:46:28 PR 99039  (12179 of 14166)
10:46:30 PR 99038  (12180 of 14166)
10:46:34 PR 99037  (12181 of 14166)
10:46:36 PR 99036  (12182 of 14166)
10:46:37 PR 99033  (12183 of 14166)
10:46:39 PR 99032  (12184 of 14166)
10:46:41 PR 99030  (12185 of 14166)
10:46:43 PR 99029  (12186 of 14166)
10:46:46 PR 99026  (12187 of 14166)
10:46:48 PR 99025  (12188 of 14166)
10:46:51 PR 99024  (12189 of 14166)
10:46:52 PR 99023  (12190 of 14166)
10:46:55 PR 99022  (12191 of 14166)
10:46:57 PR 99021  (12192 of 14166)
10:46:59 PR 99020  (12193 of 14166)
10:47:01 PR 99018  (12194 of 14166)
10:47:02 PR 99017  (12195 of 14166)
10:47:04 PR 99016  (12196 of 14166)
10:47:06 PR 99015  (12197 of 14166)
10:47:08 PR 99014  (12198 of 14166)
10:47:10 PR 99013  (12199 of 14166)
10:47:12 PR 99012  (12200 of 14166)
10:47:15 PR 99010  (12201 of 14166)
10:47:17 PR 99009  (12202 of 14166)
10:47:19 PR 99007  (12203 of 14166)
10:47:21 PR 99006  (12204 of 14166)
10:47:23 PR 99004  (12205 of 14166)
10:47:25 PR 99003  (12206 of 14166)
10:47:27 PR 98999  (12207 of 14166)
10:47:30 PR 98998  (12208 of 14166)
10:47:33 PR 98997  (12209 of 14166)
10:47:35 PR 98996  (12210 of 14166)
10:47:37 PR 98995  (12211 of 14166)
10:47:39 PR 98993  (12212 of 14166)
10:47:40 PR 98991  (12213 of 14166)
10:47:42 PR 98990  (12214 of 14166)
10:47:44 PR 98989  (12215 of 14166)
10:47:46 PR 98988  (12216 of 14166)
10:47:48 PR 98987  (12217 of 14166)
10:47:50 PR 98986  (12218 of 14166)
10:47:52 PR 98985  (12219 of 14166)
10:47:54 PR 98984  (12220 of 14166)
10:47:56 PR 98983  (12221 of 14166)
10:47:58 PR 98982  (12222 of 14166)
10:48:00 PR 98980  (12223 of 14166)
10:48:02 PR 98979  (12224 of 14166)
10:48:04 PR 98978  (12225 of 14166)
10:48:06 PR 98973  (12226 of 14166)
10:48:08 PR 98972  (12227 of 14166)
10:48:10 PR 98964  (12228 of 14166)
10:48:12 PR 98963  (12229 of 14166)
10:48:14 PR 98962  (12230 of 14166)
10:48:16 PR 98960  (12231 of 14166)
10:48:18 PR 98959  (12232 of 14166)
10:48:19 PR 98958  (12233 of 14166)
10:48:22 PR 98947  (12234 of 14166)
10:48:24 PR 98946  (12235 of 14166)
10:48:26 PR 98945  (12236 of 14166)
10:48:27 PR 98940  (12237 of 14166)
10:48:29 PR 98939  (12238 of 14166)
10:48:32 PR 98937  (12239 of 14166)
10:48:34 PR 98934  (12240 of 14166)
10:48:37 PR 98932  (12241 of 14166)
10:48:39 PR 98931  (12242 of 14166)
10:48:42 PR 98930  (12243 of 14166)
10:48:44 PR 98929  (12244 of 14166)
10:48:46 PR 98928  (12245 of 14166)
10:48:48 PR 98927  (12246 of 14166)
10:48:50 PR 98926  (12247 of 14166)
10:48:52 PR 98925  (12248 of 14166)
10:48:54 PR 98924  (12249 of 14166)
10:48:56 PR 98923  (12250 of 14166)
10:48:58 PR 98921  (12251 of 14166)
10:49:00 PR 98920  (12252 of 14166)
10:49:02 PR 98919  (12253 of 14166)
10:49:04 PR 98918  (12254 of 14166)
10:49:06 PR 98917  (12255 of 14166)
10:49:07 PR 98916  (12256 of 14166)
10:49:10 PR 98914  (12257 of 14166)
10:49:12 PR 98912  (12258 of 14166)
10:49:14 PR 98911  (12259 of 14166)
10:49:15 PR 98910  (12260 of 14166)
10:49:18 PR 98908  (12261 of 14166)
10:49:19 PR 98906  (12262 of 14166)
10:49:21 PR 98905  (12263 of 14166)
10:49:23 PR 98904  (12264 of 14166)
10:49:26 PR 98902  (12265 of 14166)
10:49:28 PR 98901  (12266 of 14166)
10:49:30 PR 98900  (12267 of 14166)
10:49:32 PR 98899  (12268 of 14166)
10:49:34 PR 98898  (12269 of 14166)
10:49:35 PR 98897  (12270 of 14166)
10:49:37 PR 98896  (12271 of 14166)
10:49:39 PR 98895  (12272 of 14166)
10:49:42 PR 98894  (12273 of 14166)
10:49:44 PR 98891  (12274 of 14166)
10:49:46 PR 98890  (12275 of 14166)
10:49:48 PR 98889  (12276 of 14166)
10:49:50 PR 98888  (12277 of 14166)
10:49:52 PR 98887  (12278 of 14166)
10:49:54 PR 98886  (12279 of 14166)
10:49:56 PR 98885  (12280 of 14166)
10:49:58 PR 98884  (12281 of 14166)
10:50:00 PR 98883  (12282 of 14166)
10:50:02 PR 98882  (12283 of 14166)
10:50:03 PR 98881  (12284 of 14166)
10:50:05 PR 98880  (12285 of 14166)
10:50:08 PR 98877  (12286 of 14166)
10:50:10 PR 98875  (12287 of 14166)
10:50:13 PR 98874  (12288 of 14166)
10:50:14 PR 98873  (12289 of 14166)
10:50:17 PR 98872  (12290 of 14166)
10:50:19 PR 98871  (12291 of 14166)
10:50:21 PR 98869  (12292 of 14166)
10:50:23 PR 98868  (12293 of 14166)
10:50:26 PR 98867  (12294 of 14166)
10:50:28 PR 98865  (12295 of 14166)
10:50:30 PR 98864  (12296 of 14166)
10:50:32 PR 98863  (12297 of 14166)
10:50:34 PR 98862  (12298 of 14166)
10:50:36 PR 98861  (12299 of 14166)
10:50:38 PR 98859  (12300 of 14166)
10:50:40 PR 98856  (12301 of 14166)
10:50:42 PR 98855  (12302 of 14166)
10:50:43 PR 98854  (12303 of 14166)
10:50:45 PR 98853  (12304 of 14166)
10:50:48 PR 98852  (12305 of 14166)
10:50:49 PR 98850  (12306 of 14166)
10:50:52 PR 98849  (12307 of 14166)
10:50:54 PR 98848  (12308 of 14166)
10:50:56 PR 98847  (12309 of 14166)
10:50:58 PR 98846  (12310 of 14166)
10:51:00 PR 98845  (12311 of 14166)
10:51:02 PR 98842  (12312 of 14166)
10:51:04 PR 98841  (12313 of 14166)
10:51:06 PR 98840  (12314 of 14166)
10:51:08 PR 98838  (12315 of 14166)
10:51:10 PR 98837  (12316 of 14166)
10:51:12 PR 98836  (12317 of 14166)
10:51:14 PR 98835  (12318 of 14166)
10:51:16 PR 98833  (12319 of 14166)
10:51:18 PR 98831  (12320 of 14166)
10:51:20 PR 98829  (12321 of 14166)
10:51:22 PR 98828  (12322 of 14166)
10:51:25 PR 98827  (12323 of 14166)
10:51:27 PR 98825  (12324 of 14166)
10:51:29 PR 98823  (12325 of 14166)
10:51:30 PR 98822  (12326 of 14166)
10:51:33 PR 98821  (12327 of 14166)
10:51:34 PR 98820  (12328 of 14166)
10:51:36 PR 98817  (12329 of 14166)
10:51:38 PR 98816  (12330 of 14166)
10:51:40 PR 98815  (12331 of 14166)
10:51:42 PR 98814  (12332 of 14166)
10:51:44 PR 98813  (12333 of 14166)
10:51:46 PR 98811  (12334 of 14166)
10:51:48 PR 98808  (12335 of 14166)
10:51:50 PR 98807  (12336 of 14166)
10:51:52 PR 98805  (12337 of 14166)
10:51:54 PR 98804  (12338 of 14166)
10:51:56 PR 98803  (12339 of 14166)
10:51:58 PR 98802  (12340 of 14166)
10:52:01 PR 98800  (12341 of 14166)
10:52:03 PR 98799  (12342 of 14166)
10:52:05 PR 98798  (12343 of 14166)
10:52:07 PR 98795  (12344 of 14166)
10:52:08 PR 98794  (12345 of 14166)
10:52:10 PR 98792  (12346 of 14166)
10:52:12 PR 98791  (12347 of 14166)
10:52:14 PR 98790  (12348 of 14166)
10:52:16 PR 98789  (12349 of 14166)
10:52:20 PR 98788  (12350 of 14166)
10:52:22 PR 98787  (12351 of 14166)
10:52:24 PR 98786  (12352 of 14166)
10:52:26 PR 98784  (12353 of 14166)
10:52:29 PR 98781  (12354 of 14166)
10:52:31 PR 98780  (12355 of 14166)
10:52:33 PR 98779  (12356 of 14166)
10:52:36 PR 98778  (12357 of 14166)
10:52:38 PR 98777  (12358 of 14166)
10:52:40 PR 98776  (12359 of 14166)
10:52:42 PR 98774  (12360 of 14166)
10:52:44 PR 98773  (12361 of 14166)
10:52:46 PR 98772  (12362 of 14166)
10:52:48 PR 98771  (12363 of 14166)
10:52:49 PR 98770  (12364 of 14166)
10:52:52 PR 98767  (12365 of 14166)
10:52:53 PR 98765  (12366 of 14166)
10:52:56 PR 98764  (12367 of 14166)
10:52:58 PR 98760  (12368 of 14166)
10:53:00 PR 98759  (12369 of 14166)
10:53:02 PR 98757  (12370 of 14166)
10:53:04 PR 98756  (12371 of 14166)
10:53:07 PR 98755  (12372 of 14166)
10:53:09 PR 98753  (12373 of 14166)
10:53:11 PR 98752  (12374 of 14166)
10:53:13 PR 98751  (12375 of 14166)
10:53:16 PR 98750  (12376 of 14166)
10:53:18 PR 98749  (12377 of 14166)
10:53:20 PR 98745  (12378 of 14166)
10:53:22 PR 98743  (12379 of 14166)
10:53:24 PR 98742  (12380 of 14166)
10:53:27 PR 98741  (12381 of 14166)
10:53:28 PR 98740  (12382 of 14166)
10:53:30 PR 98739  (12383 of 14166)
10:53:32 PR 98738  (12384 of 14166)
10:53:34 PR 98737  (12385 of 14166)
10:53:36 PR 98734  (12386 of 14166)
10:53:38 PR 98733  (12387 of 14166)
10:53:41 PR 98732  (12388 of 14166)
10:53:43 PR 98731  (12389 of 14166)
10:53:45 PR 98730  (12390 of 14166)
10:53:47 PR 98729  (12391 of 14166)
10:53:48 PR 98726  (12392 of 14166)
10:53:50 PR 98725  (12393 of 14166)
10:53:52 PR 98724  (12394 of 14166)
10:53:54 PR 98721  (12395 of 14166)
10:53:56 PR 98719  (12396 of 14166)
10:53:58 PR 98718  (12397 of 14166)
10:54:00 PR 98717  (12398 of 14166)
10:54:02 PR 98716  (12399 of 14166)
10:54:04 PR 98715  (12400 of 14166)
10:54:06 PR 98713  (12401 of 14166)
10:54:08 PR 98712  (12402 of 14166)
10:54:10 PR 98711  (12403 of 14166)
10:54:12 PR 98710  (12404 of 14166)
10:54:14 PR 98708  (12405 of 14166)
10:54:16 PR 98707  (12406 of 14166)
10:54:19 PR 98706  (12407 of 14166)
10:54:21 PR 98705  (12408 of 14166)
10:54:23 PR 98704  (12409 of 14166)
10:54:25 PR 98703  (12410 of 14166)
10:54:26 PR 98702  (12411 of 14166)
10:54:29 PR 98701  (12412 of 14166)
10:54:31 PR 98700  (12413 of 14166)
10:54:33 PR 98698  (12414 of 14166)
10:54:35 PR 98696  (12415 of 14166)
10:54:37 PR 100263  (12416 of 14166)
10:54:39 PR 100262  (12417 of 14166)
10:54:41 PR 100261  (12418 of 14166)
10:54:43 PR 100260  (12419 of 14166)
10:54:46 PR 100258  (12420 of 14166)
10:54:48 PR 100257  (12421 of 14166)
10:54:51 PR 100256  (12422 of 14166)
10:54:53 PR 100255  (12423 of 14166)
10:54:55 PR 100254  (12424 of 14166)
10:54:57 PR 100252  (12425 of 14166)
10:54:59 PR 100248  (12426 of 14166)
10:55:02 PR 100247  (12427 of 14166)
10:55:05 PR 100246  (12428 of 14166)
10:55:07 PR 100245  (12429 of 14166)
10:55:09 PR 100244  (12430 of 14166)
10:55:11 PR 100242  (12431 of 14166)
10:55:14 PR 100241  (12432 of 14166)
10:55:16 PR 100240  (12433 of 14166)
10:55:18 PR 100239  (12434 of 14166)
10:55:20 PR 100238  (12435 of 14166)
10:55:22 PR 100235  (12436 of 14166)
10:55:24 PR 100234  (12437 of 14166)
10:55:26 PR 100233  (12438 of 14166)
10:55:28 PR 100232  (12439 of 14166)
10:55:30 PR 100231  (12440 of 14166)
10:55:32 PR 100230  (12441 of 14166)
10:55:34 PR 100226  (12442 of 14166)
10:55:37 PR 100224  (12443 of 14166)
10:55:39 PR 100223  (12444 of 14166)
10:55:41 PR 100222  (12445 of 14166)
10:55:43 PR 100221  (12446 of 14166)
10:55:46 PR 100220  (12447 of 14166)
10:55:47 PR 100219  (12448 of 14166)
10:55:49 PR 100218  (12449 of 14166)
10:55:52 PR 100216  (12450 of 14166)
10:55:53 PR 100215  (12451 of 14166)
10:55:55 PR 100214  (12452 of 14166)
10:55:57 PR 100213  (12453 of 14166)
10:56:00 PR 100210  (12454 of 14166)
10:56:02 PR 100209  (12455 of 14166)
10:56:04 PR 100208  (12456 of 14166)
10:56:06 PR 100207  (12457 of 14166)
10:56:08 PR 100206  (12458 of 14166)
10:56:10 PR 100205  (12459 of 14166)
10:56:11 PR 100204  (12460 of 14166)
10:56:13 PR 100203  (12461 of 14166)
10:56:16 PR 100202  (12462 of 14166)
10:56:18 PR 100201  (12463 of 14166)
10:56:20 PR 100200  (12464 of 14166)
10:56:21 PR 100199  (12465 of 14166)
10:56:23 PR 100197  (12466 of 14166)
10:56:25 PR 100196  (12467 of 14166)
10:56:27 PR 100195  (12468 of 14166)
10:56:29 PR 100194  (12469 of 14166)
10:56:31 PR 100193  (12470 of 14166)
10:56:34 PR 100192  (12471 of 14166)
10:56:36 PR 100191  (12472 of 14166)
10:56:38 PR 100190  (12473 of 14166)
10:56:40 PR 100189  (12474 of 14166)
10:56:42 PR 100187  (12475 of 14166)
10:56:43 PR 100186  (12476 of 14166)
10:56:45 PR 100185  (12477 of 14166)
10:56:47 PR 100184  (12478 of 14166)
10:56:49 PR 100182  (12479 of 14166)
10:56:51 PR 100181  (12480 of 14166)
10:56:53 PR 100180  (12481 of 14166)
10:56:55 PR 100179  (12482 of 14166)
10:56:57 PR 100178  (12483 of 14166)
10:56:59 PR 100177  (12484 of 14166)
10:57:02 PR 100176  (12485 of 14166)
10:57:03 PR 100175  (12486 of 14166)
10:57:05 PR 100174  (12487 of 14166)
10:57:07 PR 100173  (12488 of 14166)
10:57:10 PR 100172  (12489 of 14166)
10:57:12 PR 100171  (12490 of 14166)
10:57:15 PR 100170  (12491 of 14166)
10:57:17 PR 100168  (12492 of 14166)
10:57:19 PR 100166  (12493 of 14166)
10:57:21 PR 100165  (12494 of 14166)
10:57:23 PR 100164  (12495 of 14166)
10:57:26 PR 100163  (12496 of 14166)
10:57:28 PR 100162  (12497 of 14166)
10:57:29 PR 100161  (12498 of 14166)
10:57:31 PR 100160  (12499 of 14166)
10:57:33 PR 100159  (12500 of 14166)
10:57:35 PR 100158  (12501 of 14166)
10:57:37 PR 100157  (12502 of 14166)
10:57:39 PR 100156  (12503 of 14166)
10:57:41 PR 100155  (12504 of 14166)
10:57:42 PR 100154  (12505 of 14166)
10:57:44 PR 100153  (12506 of 14166)
10:57:46 PR 100152  (12507 of 14166)
10:57:48 PR 100149  (12508 of 14166)
10:57:50 PR 100148  (12509 of 14166)
10:57:52 PR 100147  (12510 of 14166)
10:57:55 PR 100146  (12511 of 14166)
10:57:57 PR 100145  (12512 of 14166)
10:57:59 PR 100144  (12513 of 14166)
10:58:02 PR 100143  (12514 of 14166)
10:58:04 PR 100142  (12515 of 14166)
10:58:06 PR 100141  (12516 of 14166)
10:58:08 PR 100140  (12517 of 14166)
10:58:10 PR 100139  (12518 of 14166)
10:58:13 PR 100138  (12519 of 14166)
10:58:15 PR 100137  (12520 of 14166)
10:58:18 PR 100136  (12521 of 14166)
10:58:21 PR 100135  (12522 of 14166)
10:58:23 PR 100134  (12523 of 14166)
10:58:24 PR 100133  (12524 of 14166)
10:58:26 PR 100132  (12525 of 14166)
10:58:28 PR 100131  (12526 of 14166)
10:58:30 PR 100130  (12527 of 14166)
10:58:32 PR 100129  (12528 of 14166)
10:58:34 PR 100128  (12529 of 14166)
10:58:35 PR 100127  (12530 of 14166)
10:58:38 PR 100126  (12531 of 14166)
10:58:39 PR 100125  (12532 of 14166)
10:58:41 PR 100124  (12533 of 14166)
10:58:44 PR 100123  (12534 of 14166)
10:58:46 PR 100122  (12535 of 14166)
10:58:48 PR 100121  (12536 of 14166)
10:58:50 PR 100120  (12537 of 14166)
10:58:52 PR 100119  (12538 of 14166)
10:58:54 PR 100118  (12539 of 14166)
10:58:56 PR 100117  (12540 of 14166)
10:58:58 PR 100116  (12541 of 14166)
10:59:00 PR 100115  (12542 of 14166)
10:59:02 PR 100114  (12543 of 14166)
10:59:04 PR 100113  (12544 of 14166)
10:59:06 PR 100111  (12545 of 14166)
10:59:08 PR 100109  (12546 of 14166)
10:59:11 PR 100107  (12547 of 14166)
10:59:12 PR 100106  (12548 of 14166)
10:59:15 PR 100105  (12549 of 14166)
10:59:17 PR 100104  (12550 of 14166)
10:59:19 PR 100103  (12551 of 14166)
10:59:21 PR 100102  (12552 of 14166)
10:59:23 PR 100099  (12553 of 14166)
10:59:24 PR 100098  (12554 of 14166)
10:59:26 PR 100097  (12555 of 14166)
10:59:28 PR 100096  (12556 of 14166)
10:59:30 PR 100093  (12557 of 14166)
10:59:32 PR 100092  (12558 of 14166)
10:59:35 PR 100091  (12559 of 14166)
10:59:37 PR 100090  (12560 of 14166)
10:59:39 PR 100089  (12561 of 14166)
10:59:41 PR 100088  (12562 of 14166)
10:59:43 PR 100086  (12563 of 14166)
10:59:45 PR 100085  (12564 of 14166)
10:59:48 PR 100084  (12565 of 14166)
10:59:51 PR 100083  (12566 of 14166)
11:01:07 starting - 12566 PRs already saved, skipping those
11:01:07 reusing cached list of 14166 PR numbers
11:01:09 PR 100082  (12567 of 14166)
11:01:12 PR 100081  (12568 of 14166)
11:01:14 PR 100080  (12569 of 14166)
11:01:16 PR 100079  (12570 of 14166)
11:01:19 PR 100078  (12571 of 14166)
11:01:21 PR 100076  (12572 of 14166)
11:01:23 PR 100075  (12573 of 14166)
11:01:25 PR 100074  (12574 of 14166)
11:01:27 PR 100073  (12575 of 14166)
11:01:29 PR 100072  (12576 of 14166)
11:01:32 PR 100071  (12577 of 14166)
11:01:34 PR 100070  (12578 of 14166)
11:01:36 PR 100068  (12579 of 14166)
11:01:39 PR 100067  (12580 of 14166)
11:01:42 PR 100066  (12581 of 14166)
11:01:45 PR 100065  (12582 of 14166)
11:01:47 PR 100064  (12583 of 14166)
11:01:49 PR 100063  (12584 of 14166)
11:01:51 PR 100061  (12585 of 14166)
11:01:54 PR 100058  (12586 of 14166)
11:01:56 PR 100057  (12587 of 14166)
11:01:58 PR 100056  (12588 of 14166)
11:02:01 PR 100055  (12589 of 14166)
11:02:03 PR 100054  (12590 of 14166)
11:02:05 PR 100053  (12591 of 14166)
11:02:10 PR 100052  (12592 of 14166)
11:02:12 PR 100051  (12593 of 14166)
11:02:14 PR 100050  (12594 of 14166)
11:02:17 PR 100048  (12595 of 14166)
11:02:19 PR 100047  (12596 of 14166)
11:02:22 PR 100046  (12597 of 14166)
11:02:24 PR 100045  (12598 of 14166)
11:02:26 PR 100044  (12599 of 14166)
11:02:28 PR 100043  (12600 of 14166)
11:02:33 PR 100042  (12601 of 14166)
11:02:35 PR 100041  (12602 of 14166)
11:02:38 PR 100039  (12603 of 14166)
11:02:40 PR 100038  (12604 of 14166)
11:02:42 PR 100036  (12605 of 14166)
11:02:44 PR 100035  (12606 of 14166)
11:02:46 PR 100034  (12607 of 14166)
11:02:49 PR 100033  (12608 of 14166)
11:02:52 PR 100030  (12609 of 14166)
11:02:55 PR 100029  (12610 of 14166)
11:02:57 PR 99972  (12611 of 14166)
11:02:59 PR 99970  (12612 of 14166)
11:03:02 PR 99969  (12613 of 14166)
11:03:05 PR 99968  (12614 of 14166)
11:03:07 PR 99967  (12615 of 14166)
11:03:10 PR 99966  (12616 of 14166)
11:03:12 PR 99965  (12617 of 14166)
11:03:15 PR 99964  (12618 of 14166)
11:03:17 PR 99963  (12619 of 14166)
11:03:19 PR 99962  (12620 of 14166)
11:03:22 PR 99961  (12621 of 14166)
11:03:25 PR 99960  (12622 of 14166)
11:03:27 PR 99959  (12623 of 14166)
11:03:29 PR 99958  (12624 of 14166)
11:03:31 PR 99956  (12625 of 14166)
11:03:33 PR 99955  (12626 of 14166)
11:03:36 PR 99954  (12627 of 14166)
11:03:39 PR 99952  (12628 of 14166)
11:03:42 PR 99951  (12629 of 14166)
11:03:45 PR 99950  (12630 of 14166)
11:03:47 PR 99949  (12631 of 14166)
11:03:50 PR 99947  (12632 of 14166)
11:03:52 PR 99946  (12633 of 14166)
11:03:55 PR 99944  (12634 of 14166)
11:03:57 PR 99943  (12635 of 14166)
11:03:59 PR 99942  (12636 of 14166)
11:04:01 PR 99941  (12637 of 14166)
11:04:04 PR 99940  (12638 of 14166)
11:04:06 PR 99939  (12639 of 14166)
11:04:08 PR 99938  (12640 of 14166)
11:04:10 PR 99936  (12641 of 14166)
11:04:12 PR 99935  (12642 of 14166)
11:04:15 PR 99934  (12643 of 14166)
11:04:16 PR 99933  (12644 of 14166)
11:04:18 PR 99931  (12645 of 14166)
11:04:20 PR 99930  (12646 of 14166)
11:04:22 PR 99929  (12647 of 14166)
11:04:24 PR 99928  (12648 of 14166)
11:04:27 PR 99927  (12649 of 14166)
11:04:29 PR 99925  (12650 of 14166)
11:04:31 PR 99924  (12651 of 14166)
11:04:34 PR 99923  (12652 of 14166)
11:04:36 PR 99922  (12653 of 14166)
11:04:38 PR 99921  (12654 of 14166)
11:04:42 PR 99920  (12655 of 14166)
11:04:44 PR 99919  (12656 of 14166)
11:04:46 PR 99918  (12657 of 14166)
11:04:48 PR 99917  (12658 of 14166)
11:04:50 PR 99915  (12659 of 14166)
11:04:52 PR 99914  (12660 of 14166)
11:04:57 PR 99913  (12661 of 14166)
11:05:00 PR 99912  (12662 of 14166)
11:05:02 PR 99910  (12663 of 14166)
11:05:04 PR 99907  (12664 of 14166)
11:05:06 PR 99906  (12665 of 14166)
11:05:08 PR 99903  (12666 of 14166)
11:05:10 PR 99902  (12667 of 14166)
11:05:13 PR 99900  (12668 of 14166)
11:05:15 PR 99899  (12669 of 14166)
11:05:18 PR 99898  (12670 of 14166)
11:05:20 PR 99897  (12671 of 14166)
11:05:22 PR 99894  (12672 of 14166)
11:05:24 PR 99893  (12673 of 14166)
11:05:27 PR 99892  (12674 of 14166)
11:05:29 PR 99890  (12675 of 14166)
11:05:31 PR 99889  (12676 of 14166)
11:05:34 PR 99888  (12677 of 14166)
11:05:36 PR 99887  (12678 of 14166)
11:05:38 PR 99886  (12679 of 14166)
11:05:41 PR 99885  (12680 of 14166)
11:05:44 PR 99884  (12681 of 14166)
11:05:46 PR 99883  (12682 of 14166)
11:05:49 PR 99881  (12683 of 14166)
11:05:51 PR 99880  (12684 of 14166)
11:05:53 PR 99879  (12685 of 14166)
11:05:55 PR 99878  (12686 of 14166)
11:05:57 PR 99877  (12687 of 14166)
11:06:00 PR 99874  (12688 of 14166)
11:06:01 PR 99872  (12689 of 14166)
11:06:04 PR 99871  (12690 of 14166)
11:06:07 PR 99870  (12691 of 14166)
11:06:09 PR 99869  (12692 of 14166)
11:06:11 PR 99867  (12693 of 14166)
11:06:13 PR 99866  (12694 of 14166)
11:06:15 PR 99864  (12695 of 14166)
11:06:18 PR 99863  (12696 of 14166)
11:06:20 PR 99862  (12697 of 14166)
11:06:22 PR 99860  (12698 of 14166)
11:06:24 PR 99859  (12699 of 14166)
11:06:26 PR 99855  (12700 of 14166)
11:06:28 PR 99854  (12701 of 14166)
11:06:31 PR 99853  (12702 of 14166)
11:06:33 PR 99852  (12703 of 14166)
11:06:35 PR 99851  (12704 of 14166)
11:06:37 PR 99850  (12705 of 14166)
11:06:39 PR 99849  (12706 of 14166)
11:06:41 PR 99846  (12707 of 14166)
11:06:43 PR 99844  (12708 of 14166)
11:06:46 PR 99843  (12709 of 14166)
11:06:48 PR 99842  (12710 of 14166)
11:06:50 PR 99841  (12711 of 14166)
11:06:52 PR 99840  (12712 of 14166)
11:06:55 PR 99839  (12713 of 14166)
11:06:57 PR 99838  (12714 of 14166)
11:06:59 PR 99837  (12715 of 14166)
11:07:01 PR 99835  (12716 of 14166)
11:07:03 PR 99834  (12717 of 14166)
11:07:05 PR 99833  (12718 of 14166)
11:07:08 PR 99832  (12719 of 14166)
11:07:10 PR 99831  (12720 of 14166)
11:07:12 PR 99830  (12721 of 14166)
11:07:14 PR 99827  (12722 of 14166)
11:07:16 PR 99825  (12723 of 14166)
11:07:18 PR 99824  (12724 of 14166)
11:07:20 PR 99823  (12725 of 14166)
11:07:23 PR 99821  (12726 of 14166)
11:07:24 PR 99820  (12727 of 14166)
11:07:27 PR 99818  (12728 of 14166)
11:07:29 PR 99817  (12729 of 14166)
11:07:31 PR 99816  (12730 of 14166)
11:07:33 PR 99815  (12731 of 14166)
11:07:36 PR 99814  (12732 of 14166)
11:07:39 PR 99813  (12733 of 14166)
11:07:41 PR 99812  (12734 of 14166)
11:07:44 PR 99811  (12735 of 14166)
11:07:46 PR 99810  (12736 of 14166)
11:07:48 PR 99809  (12737 of 14166)
11:07:50 PR 99808  (12738 of 14166)
11:07:52 PR 99807  (12739 of 14166)
11:07:54 PR 99806  (12740 of 14166)
11:07:56 PR 99805  (12741 of 14166)
11:07:58 PR 99804  (12742 of 14166)
11:07:59 PR 99803  (12743 of 14166)
11:08:01 PR 99802  (12744 of 14166)
11:08:03 PR 99801  (12745 of 14166)
11:08:05 PR 99800  (12746 of 14166)
11:08:08 PR 99799  (12747 of 14166)
11:08:10 PR 99798  (12748 of 14166)
11:08:14 PR 99796  (12749 of 14166)
11:08:16 PR 99794  (12750 of 14166)
11:08:17 PR 99793  (12751 of 14166)
11:08:20 PR 99791  (12752 of 14166)
11:08:23 PR 99790  (12753 of 14166)
11:08:25 PR 99788  (12754 of 14166)
11:08:28 PR 99787  (12755 of 14166)
11:08:31 PR 99786  (12756 of 14166)
11:08:33 PR 99784  (12757 of 14166)
11:08:35 PR 99783  (12758 of 14166)
11:08:37 PR 99781  (12759 of 14166)
11:08:39 PR 99778  (12760 of 14166)
11:08:41 PR 99777  (12761 of 14166)
11:08:43 PR 99776  (12762 of 14166)
11:08:45 PR 99775  (12763 of 14166)
11:08:47 PR 99774  (12764 of 14166)
11:08:51 PR 99773  (12765 of 14166)
11:08:53 PR 99772  (12766 of 14166)
11:08:55 PR 99770  (12767 of 14166)
11:08:57 PR 99769  (12768 of 14166)
11:08:59 PR 99767  (12769 of 14166)
11:09:02 PR 99765  (12770 of 14166)
11:09:04 PR 99764  (12771 of 14166)
11:09:06 PR 99763  (12772 of 14166)
11:09:08 PR 99761  (12773 of 14166)
11:09:11 PR 99760  (12774 of 14166)
11:09:13 PR 99759  (12775 of 14166)
11:09:15 PR 99758  (12776 of 14166)
11:09:17 PR 99757  (12777 of 14166)
11:09:19 PR 99756  (12778 of 14166)
11:09:20 PR 99755  (12779 of 14166)
11:09:22 PR 99754  (12780 of 14166)
11:09:25 PR 99750  (12781 of 14166)
11:09:27 PR 99749  (12782 of 14166)
11:09:29 PR 99748  (12783 of 14166)
11:09:31 PR 99747  (12784 of 14166)
11:09:33 PR 99745  (12785 of 14166)
11:09:35 PR 99744  (12786 of 14166)
11:09:37 PR 99743  (12787 of 14166)
11:09:39 PR 99742  (12788 of 14166)
11:09:42 PR 99741  (12789 of 14166)
11:09:44 PR 99740  (12790 of 14166)
11:09:45 PR 99739  (12791 of 14166)
11:09:47 PR 99738  (12792 of 14166)
11:09:49 PR 99736  (12793 of 14166)
11:09:52 PR 99735  (12794 of 14166)
11:09:54 PR 99734  (12795 of 14166)
11:09:56 PR 99733  (12796 of 14166)
11:09:58 PR 99732  (12797 of 14166)
11:10:00 PR 99731  (12798 of 14166)
11:10:03 PR 99729  (12799 of 14166)
11:10:05 PR 99728  (12800 of 14166)
11:10:08 PR 99727  (12801 of 14166)
11:10:10 PR 99726  (12802 of 14166)
11:10:12 PR 99725  (12803 of 14166)
11:10:14 PR 99723  (12804 of 14166)
11:10:16 PR 99721  (12805 of 14166)
11:10:18 PR 99720  (12806 of 14166)
11:10:20 PR 99719  (12807 of 14166)
11:10:22 PR 99718  (12808 of 14166)
11:10:24 PR 99717  (12809 of 14166)
11:10:26 PR 99715  (12810 of 14166)
11:10:28 PR 99714  (12811 of 14166)
11:10:31 PR 99713  (12812 of 14166)
11:10:33 PR 99710  (12813 of 14166)
11:10:37 PR 99709  (12814 of 14166)
11:10:39 PR 99708  (12815 of 14166)
11:10:41 PR 99707  (12816 of 14166)
11:10:43 PR 99706  (12817 of 14166)
11:10:45 PR 99705  (12818 of 14166)
11:10:47 PR 99704  (12819 of 14166)
11:10:49 PR 99703  (12820 of 14166)
11:10:52 PR 99702  (12821 of 14166)
11:10:55 PR 99701  (12822 of 14166)
11:10:57 PR 99700  (12823 of 14166)
11:11:00 PR 99699  (12824 of 14166)
11:11:02 PR 99697  (12825 of 14166)
11:11:04 PR 99696  (12826 of 14166)
11:11:05 PR 99695  (12827 of 14166)
11:11:07 PR 99693  (12828 of 14166)
11:11:09 PR 99692  (12829 of 14166)
11:11:11 PR 99691  (12830 of 14166)
11:11:13 PR 99690  (12831 of 14166)
11:11:15 PR 99689  (12832 of 14166)
11:11:17 PR 99688  (12833 of 14166)
11:11:19 PR 99687  (12834 of 14166)
11:11:21 PR 99686  (12835 of 14166)
11:11:23 PR 99685  (12836 of 14166)
11:11:25 PR 99684  (12837 of 14166)
11:11:27 PR 99683  (12838 of 14166)
11:11:29 PR 99681  (12839 of 14166)
11:11:31 PR 99680  (12840 of 14166)
11:11:33 PR 99679  (12841 of 14166)
11:11:35 PR 99677  (12842 of 14166)
11:11:37 PR 99675  (12843 of 14166)
11:11:39 PR 99673  (12844 of 14166)
11:11:41 PR 99672  (12845 of 14166)
11:11:43 PR 99671  (12846 of 14166)
11:11:45 PR 99669  (12847 of 14166)
11:11:47 PR 99668  (12848 of 14166)
11:11:48 PR 99666  (12849 of 14166)
11:11:54 PR 99665  (12850 of 14166)
11:11:56 PR 99664  (12851 of 14166)
11:11:58 PR 99663  (12852 of 14166)
11:12:00 PR 99662  (12853 of 14166)
11:12:02 PR 99661  (12854 of 14166)
11:12:03 PR 99660  (12855 of 14166)
11:12:05 PR 99658  (12856 of 14166)
11:12:07 PR 99656  (12857 of 14166)
11:12:09 PR 99654  (12858 of 14166)
11:12:11 PR 99653  (12859 of 14166)
11:12:13 PR 99650  (12860 of 14166)
11:12:16 PR 99649  (12861 of 14166)
11:12:18 PR 99648  (12862 of 14166)
11:12:20 PR 99647  (12863 of 14166)
11:12:22 PR 99643  (12864 of 14166)
11:12:24 PR 99641  (12865 of 14166)
11:12:26 PR 99640  (12866 of 14166)
11:12:28 PR 99639  (12867 of 14166)
11:12:30 PR 99638  (12868 of 14166)
11:12:32 PR 99637  (12869 of 14166)
11:12:34 PR 99636  (12870 of 14166)
11:12:36 PR 99635  (12871 of 14166)
11:12:39 PR 99633  (12872 of 14166)
11:12:41 PR 99632  (12873 of 14166)
11:12:43 PR 99631  (12874 of 14166)
11:12:45 PR 99630  (12875 of 14166)
11:12:47 PR 99628  (12876 of 14166)
11:12:49 PR 99627  (12877 of 14166)
11:12:51 PR 99626  (12878 of 14166)
11:12:53 PR 99625  (12879 of 14166)
11:12:55 PR 99624  (12880 of 14166)
11:12:57 PR 99623  (12881 of 14166)
11:12:58 PR 99622  (12882 of 14166)
11:13:00 PR 99621  (12883 of 14166)
11:13:03 PR 99620  (12884 of 14166)
11:13:05 PR 99619  (12885 of 14166)
11:13:07 PR 99618  (12886 of 14166)
11:13:09 PR 99617  (12887 of 14166)
11:13:11 PR 99616  (12888 of 14166)
11:13:13 PR 99615  (12889 of 14166)
11:13:15 PR 99613  (12890 of 14166)
11:13:17 PR 99612  (12891 of 14166)
11:13:20 PR 99611  (12892 of 14166)
11:13:22 PR 99610  (12893 of 14166)
11:13:23 PR 99608  (12894 of 14166)
11:13:25 PR 99607  (12895 of 14166)
11:13:27 PR 99606  (12896 of 14166)
11:13:29 PR 99605  (12897 of 14166)
11:13:31 PR 99604  (12898 of 14166)
11:13:33 PR 99603  (12899 of 14166)
11:13:35 PR 99602  (12900 of 14166)
11:13:37 PR 99600  (12901 of 14166)
11:13:39 PR 99599  (12902 of 14166)
11:13:41 PR 99598  (12903 of 14166)
11:13:43 PR 99597  (12904 of 14166)
11:13:45 PR 99593  (12905 of 14166)
11:13:47 PR 99592  (12906 of 14166)
11:13:49 PR 99591  (12907 of 14166)
11:13:51 PR 99589  (12908 of 14166)
11:13:53 PR 99587  (12909 of 14166)
11:13:55 PR 99586  (12910 of 14166)
11:13:57 PR 99585  (12911 of 14166)
11:14:00 PR 99583  (12912 of 14166)
11:14:02 PR 99582  (12913 of 14166)
11:14:04 PR 99581  (12914 of 14166)
11:14:06 PR 99580  (12915 of 14166)
11:14:08 PR 99578  (12916 of 14166)
11:14:10 PR 99576  (12917 of 14166)
11:14:12 PR 99574  (12918 of 14166)
11:14:14 PR 99573  (12919 of 14166)
11:14:16 PR 99572  (12920 of 14166)
11:14:19 PR 99571  (12921 of 14166)
11:14:21 PR 99570  (12922 of 14166)
11:14:23 PR 99569  (12923 of 14166)
11:14:24 PR 99568  (12924 of 14166)
11:14:27 PR 99567  (12925 of 14166)
11:14:29 PR 99564  (12926 of 14166)
11:14:31 PR 99559  (12927 of 14166)
11:14:33 PR 99557  (12928 of 14166)
11:14:34 PR 99556  (12929 of 14166)
11:14:36 PR 99555  (12930 of 14166)
11:14:38 PR 99554  (12931 of 14166)
11:14:41 PR 99553  (12932 of 14166)
11:14:43 PR 99552  (12933 of 14166)
11:14:45 PR 99551  (12934 of 14166)
11:14:48 PR 99550  (12935 of 14166)
11:14:50 PR 99549  (12936 of 14166)
11:14:52 PR 99548  (12937 of 14166)
11:14:54 PR 99547  (12938 of 14166)
11:14:56 PR 99546  (12939 of 14166)
11:14:58 PR 99545  (12940 of 14166)
11:15:01 PR 99544  (12941 of 14166)
11:15:03 PR 99543  (12942 of 14166)
11:15:05 PR 99542  (12943 of 14166)
11:15:08 PR 99541  (12944 of 14166)
11:15:10 PR 99539  (12945 of 14166)
11:15:12 PR 99538  (12946 of 14166)
11:15:14 PR 99537  (12947 of 14166)
11:15:16 PR 99536  (12948 of 14166)
11:15:18 PR 99533  (12949 of 14166)
11:15:20 PR 99532  (12950 of 14166)
11:15:23 PR 99531  (12951 of 14166)
11:15:25 PR 99530  (12952 of 14166)
11:15:28 PR 99526  (12953 of 14166)
11:15:30 PR 99525  (12954 of 14166)
11:15:32 PR 99524  (12955 of 14166)
11:15:34 PR 99523  (12956 of 14166)
11:15:37 PR 99522  (12957 of 14166)
11:15:38 PR 99521  (12958 of 14166)
11:15:40 PR 99520  (12959 of 14166)
11:15:43 PR 99519  (12960 of 14166)
11:15:46 PR 99518  (12961 of 14166)
11:15:48 PR 99517  (12962 of 14166)
11:15:51 PR 99515  (12963 of 14166)
11:15:54 PR 99514  (12964 of 14166)
11:15:56 PR 99513  (12965 of 14166)
11:15:58 PR 99512  (12966 of 14166)
11:16:00 PR 99511  (12967 of 14166)
11:16:02 PR 99510  (12968 of 14166)
11:16:04 PR 99509  (12969 of 14166)
11:16:06 PR 99508  (12970 of 14166)
11:16:08 PR 99507  (12971 of 14166)
11:16:10 PR 99506  (12972 of 14166)
11:16:12 PR 99504  (12973 of 14166)
11:16:15 PR 99503  (12974 of 14166)
11:16:17 PR 99502  (12975 of 14166)
11:16:19 PR 99499  (12976 of 14166)
11:16:21 PR 99498  (12977 of 14166)
11:16:23 PR 99495  (12978 of 14166)
11:16:26 PR 99494  (12979 of 14166)
11:16:28 PR 99493  (12980 of 14166)
11:16:30 PR 99492  (12981 of 14166)
11:16:33 PR 99489  (12982 of 14166)
11:16:36 PR 99488  (12983 of 14166)
11:16:37 PR 99487  (12984 of 14166)
11:16:39 PR 99486  (12985 of 14166)
11:16:42 PR 99483  (12986 of 14166)
11:16:44 PR 99482  (12987 of 14166)
11:16:46 PR 99481  (12988 of 14166)
11:16:48 PR 99480  (12989 of 14166)
11:16:50 PR 99478  (12990 of 14166)
11:16:52 PR 99477  (12991 of 14166)
11:16:54 PR 99476  (12992 of 14166)
11:16:56 PR 99475  (12993 of 14166)
11:16:58 PR 99474  (12994 of 14166)
11:17:01 PR 99473  (12995 of 14166)
11:17:03 PR 99469  (12996 of 14166)
11:17:05 PR 99467  (12997 of 14166)
11:17:08 PR 99466  (12998 of 14166)
11:17:10 PR 99465  (12999 of 14166)
11:17:12 PR 99463  (13000 of 14166)
11:17:15 PR 99460  (13001 of 14166)
11:17:16 PR 99458  (13002 of 14166)
11:17:19 PR 101087  (13003 of 14166)
11:17:20 PR 101084  (13004 of 14166)
11:17:22 PR 101083  (13005 of 14166)
11:17:24 PR 101082  (13006 of 14166)
11:17:26 PR 101081  (13007 of 14166)
11:17:28 PR 101080  (13008 of 14166)
11:17:30 PR 101078  (13009 of 14166)
11:17:32 PR 101077  (13010 of 14166)
11:17:34 PR 101076  (13011 of 14166)
11:17:35 PR 101074  (13012 of 14166)
11:17:37 PR 101073  (13013 of 14166)
11:17:39 PR 101072  (13014 of 14166)
11:17:41 PR 101071  (13015 of 14166)
11:17:43 PR 101070  (13016 of 14166)
11:17:45 PR 101069  (13017 of 14166)
11:17:47 PR 101068  (13018 of 14166)
11:17:49 PR 101067  (13019 of 14166)
11:17:51 PR 101066  (13020 of 14166)
11:17:53 PR 101065  (13021 of 14166)
11:17:55 PR 101063  (13022 of 14166)
11:17:57 PR 101062  (13023 of 14166)
11:17:59 PR 101061  (13024 of 14166)
11:18:01 PR 101060  (13025 of 14166)
11:18:03 PR 101059  (13026 of 14166)
11:18:05 PR 101058  (13027 of 14166)
11:18:07 PR 101057  (13028 of 14166)
11:18:09 PR 101055  (13029 of 14166)
11:18:11 PR 101054  (13030 of 14166)
11:18:13 PR 101053  (13031 of 14166)
11:18:15 PR 101051  (13032 of 14166)
11:18:17 PR 101050  (13033 of 14166)
11:18:19 PR 101049  (13034 of 14166)
11:18:21 PR 101047  (13035 of 14166)
11:18:23 PR 101046  (13036 of 14166)
11:18:25 PR 101045  (13037 of 14166)
11:18:27 PR 101044  (13038 of 14166)
11:18:28 PR 101043  (13039 of 14166)
11:18:30 PR 101042  (13040 of 14166)
11:18:34 PR 101041  (13041 of 14166)
11:18:36 PR 101040  (13042 of 14166)
11:18:39 PR 101039  (13043 of 14166)
11:18:41 PR 101038  (13044 of 14166)
11:18:42 PR 101037  (13045 of 14166)
11:18:44 PR 101036  (13046 of 14166)
11:18:46 PR 101035  (13047 of 14166)
11:18:48 PR 101033  (13048 of 14166)
11:18:50 PR 101031  (13049 of 14166)
11:18:52 PR 101030  (13050 of 14166)
11:18:54 PR 101029  (13051 of 14166)
11:18:56 PR 101027  (13052 of 14166)
11:18:57 PR 101026  (13053 of 14166)
11:18:59 PR 101025  (13054 of 14166)
11:19:01 PR 101024  (13055 of 14166)
11:19:03 PR 101023  (13056 of 14166)
11:19:06 PR 101022  (13057 of 14166)
11:19:07 PR 101021  (13058 of 14166)
11:19:09 PR 101020  (13059 of 14166)
11:19:11 PR 101019  (13060 of 14166)
11:19:13 PR 101018  (13061 of 14166)
11:19:15 PR 101017  (13062 of 14166)
11:19:17 PR 101016  (13063 of 14166)
11:19:19 PR 101015  (13064 of 14166)
11:19:21 PR 101013  (13065 of 14166)
11:19:23 PR 101012  (13066 of 14166)
11:19:25 PR 101011  (13067 of 14166)
11:19:27 PR 101010  (13068 of 14166)
11:19:29 PR 101009  (13069 of 14166)
11:19:31 PR 101008  (13070 of 14166)
11:19:33 PR 101007  (13071 of 14166)
11:19:34 PR 101006  (13072 of 14166)
11:19:37 PR 101005  (13073 of 14166)
11:19:39 PR 101004  (13074 of 14166)
11:19:42 PR 101001  (13075 of 14166)
11:19:45 PR 100999  (13076 of 14166)
11:19:47 PR 100998  (13077 of 14166)
11:19:49 PR 100997  (13078 of 14166)
11:19:51 PR 100996  (13079 of 14166)
11:19:54 PR 100995  (13080 of 14166)
11:19:56 PR 100994  (13081 of 14166)
11:19:58 PR 100992  (13082 of 14166)
11:20:00 PR 100991  (13083 of 14166)
11:20:02 PR 100990  (13084 of 14166)
11:20:05 PR 100989  (13085 of 14166)
11:20:09 PR 100988  (13086 of 14166)
11:20:11 PR 100987  (13087 of 14166)
11:20:13 PR 100986  (13088 of 14166)
11:20:15 PR 100982  (13089 of 14166)
11:20:18 PR 100981  (13090 of 14166)
11:20:19 PR 100980  (13091 of 14166)
11:20:21 PR 100978  (13092 of 14166)
11:20:24 PR 100977  (13093 of 14166)
11:20:26 PR 100976  (13094 of 14166)
11:20:28 PR 100974  (13095 of 14166)
11:20:30 PR 100973  (13096 of 14166)
11:20:32 PR 100971  (13097 of 14166)
11:20:34 PR 100970  (13098 of 14166)
11:20:37 PR 100969  (13099 of 14166)
11:20:39 PR 100968  (13100 of 14166)
11:20:40 PR 100967  (13101 of 14166)
11:20:42 PR 100966  (13102 of 14166)
11:20:44 PR 100965  (13103 of 14166)
11:20:46 PR 100964  (13104 of 14166)
11:20:48 PR 100963  (13105 of 14166)
11:20:50 PR 100961  (13106 of 14166)
11:20:52 PR 100960  (13107 of 14166)
11:20:54 PR 100959  (13108 of 14166)
11:20:56 PR 100958  (13109 of 14166)
11:20:58 PR 100957  (13110 of 14166)
11:21:00 PR 100954  (13111 of 14166)
11:21:02 PR 100953  (13112 of 14166)
11:21:05 PR 100952  (13113 of 14166)
11:21:06 PR 100950  (13114 of 14166)
11:21:08 PR 100949  (13115 of 14166)
11:21:10 PR 100944  (13116 of 14166)
11:21:13 PR 100943  (13117 of 14166)
11:21:15 PR 100942  (13118 of 14166)
11:21:17 PR 100941  (13119 of 14166)
11:21:18 PR 100940  (13120 of 14166)
11:21:21 PR 100939  (13121 of 14166)
11:21:22 PR 100938  (13122 of 14166)
11:30:32 starting - 13122 PRs already saved, skipping those
11:30:32 reusing cached list of 14166 PR numbers
11:57:32 starting - 13122 PRs already saved, skipping those
11:57:32 reusing cached list of 14166 PR numbers
11:57:35 PR 100937  (13123 of 14166)
11:57:37 PR 100936  (13124 of 14166)
11:57:40 PR 100935  (13125 of 14166)
11:57:43 PR 100934  (13126 of 14166)
11:57:44 PR 100933  (13127 of 14166)
11:57:46 PR 100932  (13128 of 14166)
11:57:49 PR 100931  (13129 of 14166)
11:57:50 PR 100929  (13130 of 14166)
11:57:53 PR 100928  (13131 of 14166)
11:57:55 PR 100927  (13132 of 14166)
11:57:57 PR 100926  (13133 of 14166)
11:57:59 PR 100925  (13134 of 14166)
11:58:01 PR 100924  (13135 of 14166)
11:58:02 PR 100923  (13136 of 14166)
11:58:04 PR 100922  (13137 of 14166)
11:58:06 PR 100921  (13138 of 14166)
11:58:08 PR 100919  (13139 of 14166)
11:58:10 PR 100918  (13140 of 14166)
11:58:12 PR 100917  (13141 of 14166)
11:58:14 PR 100916  (13142 of 14166)
11:58:17 PR 100915  (13143 of 14166)
11:58:19 PR 100914  (13144 of 14166)
11:58:21 PR 100913  (13145 of 14166)
11:58:23 PR 100912  (13146 of 14166)
11:58:24 PR 100911  (13147 of 14166)
11:58:27 PR 100910  (13148 of 14166)
11:58:28 PR 100909  (13149 of 14166)
11:58:30 PR 100908  (13150 of 14166)
11:58:32 PR 100907  (13151 of 14166)
11:58:34 PR 100906  (13152 of 14166)
11:58:35 PR 100905  (13153 of 14166)
11:58:37 PR 100904  (13154 of 14166)
11:58:39 PR 100902  (13155 of 14166)
11:58:41 PR 100901  (13156 of 14166)
11:58:43 PR 100900  (13157 of 14166)
11:58:45 PR 100898  (13158 of 14166)
11:58:47 PR 100897  (13159 of 14166)
11:58:49 PR 100896  (13160 of 14166)
11:58:52 PR 100894  (13161 of 14166)
11:58:54 PR 100893  (13162 of 14166)
11:58:55 PR 100890  (13163 of 14166)
11:58:57 PR 100889  (13164 of 14166)
11:59:00 PR 100887  (13165 of 14166)
11:59:02 PR 100886  (13166 of 14166)
11:59:04 PR 100884  (13167 of 14166)
11:59:06 PR 100883  (13168 of 14166)
11:59:09 PR 100882  (13169 of 14166)
11:59:11 PR 100881  (13170 of 14166)
11:59:13 PR 100880  (13171 of 14166)
11:59:15 PR 100878  (13172 of 14166)
11:59:17 PR 100877  (13173 of 14166)
11:59:19 PR 100876  (13174 of 14166)
11:59:21 PR 100875  (13175 of 14166)
11:59:23 PR 100874  (13176 of 14166)
11:59:25 PR 100873  (13177 of 14166)
11:59:27 PR 100872  (13178 of 14166)
11:59:29 PR 100871  (13179 of 14166)
11:59:31 PR 100870  (13180 of 14166)
11:59:33 PR 100869  (13181 of 14166)
11:59:35 PR 100868  (13182 of 14166)
11:59:36 PR 100867  (13183 of 14166)
11:59:39 PR 100866  (13184 of 14166)
11:59:41 PR 100865  (13185 of 14166)
11:59:42 PR 100864  (13186 of 14166)
11:59:44 PR 100863  (13187 of 14166)
11:59:46 PR 100862  (13188 of 14166)
11:59:48 PR 100861  (13189 of 14166)
11:59:50 PR 100860  (13190 of 14166)
11:59:52 PR 100859  (13191 of 14166)
11:59:54 PR 100858  (13192 of 14166)
11:59:56 PR 100857  (13193 of 14166)
11:59:58 PR 100855  (13194 of 14166)
12:00:00 PR 100852  (13195 of 14166)
12:00:02 PR 100851  (13196 of 14166)
12:00:04 PR 100850  (13197 of 14166)
12:00:06 PR 100848  (13198 of 14166)
12:00:09 PR 100847  (13199 of 14166)
12:00:11 PR 100845  (13200 of 14166)
12:00:14 PR 100843  (13201 of 14166)
12:00:16 PR 100842  (13202 of 14166)
12:00:17 PR 100841  (13203 of 14166)
12:00:20 PR 100840  (13204 of 14166)
12:00:22 PR 100838  (13205 of 14166)
12:00:24 PR 100836  (13206 of 14166)
12:00:26 PR 100835  (13207 of 14166)
12:00:28 PR 100833  (13208 of 14166)
12:00:30 PR 100832  (13209 of 14166)
12:00:32 PR 100831  (13210 of 14166)
12:00:34 PR 100830  (13211 of 14166)
12:00:36 PR 100828  (13212 of 14166)
12:00:38 PR 100826  (13213 of 14166)
12:00:40 PR 100825  (13214 of 14166)
12:00:43 PR 100824  (13215 of 14166)
12:00:45 PR 100823  (13216 of 14166)
12:00:47 PR 100822  (13217 of 14166)
12:00:49 PR 100821  (13218 of 14166)
12:00:52 PR 100820  (13219 of 14166)
12:00:54 PR 100819  (13220 of 14166)
12:00:56 PR 100818  (13221 of 14166)
12:00:58 PR 100817  (13222 of 14166)
12:01:01 PR 100816  (13223 of 14166)
12:01:02 PR 100815  (13224 of 14166)
12:01:04 PR 100814  (13225 of 14166)
12:01:06 PR 100813  (13226 of 14166)
12:01:08 PR 100811  (13227 of 14166)
12:01:10 PR 100810  (13228 of 14166)
12:01:12 PR 100809  (13229 of 14166)
12:01:14 PR 100806  (13230 of 14166)
12:01:15 PR 100805  (13231 of 14166)
12:01:17 PR 100804  (13232 of 14166)
12:01:19 PR 100803  (13233 of 14166)
12:01:21 PR 100802  (13234 of 14166)
12:01:23 PR 100801  (13235 of 14166)
12:01:25 PR 100800  (13236 of 14166)
12:01:27 PR 100799  (13237 of 14166)
12:01:30 PR 100798  (13238 of 14166)
12:01:32 PR 100797  (13239 of 14166)
12:01:34 PR 100796  (13240 of 14166)
12:01:36 PR 100795  (13241 of 14166)
12:01:38 PR 100794  (13242 of 14166)
12:01:40 PR 100792  (13243 of 14166)
12:01:41 PR 100791  (13244 of 14166)
12:01:44 PR 100789  (13245 of 14166)
12:01:46 PR 100788  (13246 of 14166)
12:01:48 PR 100787  (13247 of 14166)
12:01:50 PR 100786  (13248 of 14166)
12:01:53 PR 100785  (13249 of 14166)
12:01:54 PR 100784  (13250 of 14166)
12:01:57 PR 100783  (13251 of 14166)
12:01:59 PR 100782  (13252 of 14166)
12:02:00 PR 100780  (13253 of 14166)
12:02:02 PR 100779  (13254 of 14166)
12:02:04 PR 100778  (13255 of 14166)
12:02:06 PR 100777  (13256 of 14166)
12:02:08 PR 100775  (13257 of 14166)
12:02:10 PR 100774  (13258 of 14166)
12:02:12 PR 100773  (13259 of 14166)
12:02:14 PR 100770  (13260 of 14166)
12:02:16 PR 100769  (13261 of 14166)
12:02:18 PR 100768  (13262 of 14166)
12:02:19 PR 100766  (13263 of 14166)
12:02:21 PR 100765  (13264 of 14166)
12:02:23 PR 100764  (13265 of 14166)
12:02:25 PR 100763  (13266 of 14166)
12:02:27 PR 100762  (13267 of 14166)
12:02:29 PR 100761  (13268 of 14166)
12:02:32 PR 100760  (13269 of 14166)
12:02:34 PR 100759  (13270 of 14166)
12:02:36 PR 100758  (13271 of 14166)
12:02:39 PR 100757  (13272 of 14166)
12:02:40 PR 100756  (13273 of 14166)
12:02:42 PR 100755  (13274 of 14166)
12:02:44 PR 100753  (13275 of 14166)
12:02:46 PR 100752  (13276 of 14166)
12:02:48 PR 100751  (13277 of 14166)
12:02:50 PR 100750  (13278 of 14166)
12:02:52 PR 100749  (13279 of 14166)
12:02:54 PR 100748  (13280 of 14166)
12:02:56 PR 100746  (13281 of 14166)
12:02:58 PR 100745  (13282 of 14166)
12:03:00 PR 100744  (13283 of 14166)
12:03:03 PR 100743  (13284 of 14166)
12:03:05 PR 100742  (13285 of 14166)
12:03:07 PR 100741  (13286 of 14166)
12:03:09 PR 100739  (13287 of 14166)
12:03:11 PR 100738  (13288 of 14166)
12:03:13 PR 100737  (13289 of 14166)
12:03:15 PR 100736  (13290 of 14166)
12:03:17 PR 100732  (13291 of 14166)
12:03:19 PR 100730  (13292 of 14166)
12:03:21 PR 100729  (13293 of 14166)
12:03:23 PR 100728  (13294 of 14166)
12:03:26 PR 100727  (13295 of 14166)
12:03:28 PR 100725  (13296 of 14166)
12:03:30 PR 100724  (13297 of 14166)
12:03:32 PR 100723  (13298 of 14166)
12:03:34 PR 100722  (13299 of 14166)
12:03:36 PR 100721  (13300 of 14166)
12:03:38 PR 100720  (13301 of 14166)
12:03:40 PR 100719  (13302 of 14166)
12:03:42 PR 100718  (13303 of 14166)
12:03:44 PR 100717  (13304 of 14166)
12:03:45 PR 100716  (13305 of 14166)
12:03:49 PR 100712  (13306 of 14166)
12:03:51 PR 100711  (13307 of 14166)
12:03:53 PR 100710  (13308 of 14166)
12:03:55 PR 100709  (13309 of 14166)
12:03:57 PR 100708  (13310 of 14166)
12:03:59 PR 100707  (13311 of 14166)
12:04:01 PR 100706  (13312 of 14166)
12:04:03 PR 100705  (13313 of 14166)
12:04:05 PR 100703  (13314 of 14166)
12:04:07 PR 100702  (13315 of 14166)
12:04:09 PR 100701  (13316 of 14166)
12:04:11 PR 100700  (13317 of 14166)
12:04:13 PR 100699  (13318 of 14166)
12:04:14 PR 100698  (13319 of 14166)
12:04:16 PR 100696  (13320 of 14166)
12:04:18 PR 100695  (13321 of 14166)
12:04:21 PR 100694  (13322 of 14166)
12:04:23 PR 100693  (13323 of 14166)
12:04:25 PR 100692  (13324 of 14166)
12:04:27 PR 100691  (13325 of 14166)
12:04:29 PR 100690  (13326 of 14166)
12:40:15 starting - 13326 PRs already saved, skipping those
12:40:15 reusing cached list of 14166 PR numbers
12:40:18 PR 100689  (13327 of 14166)
12:40:19 PR 100688  (13328 of 14166)
12:40:21 PR 100687  (13329 of 14166)
12:40:24 PR 100686  (13330 of 14166)
12:40:25 PR 100685  (13331 of 14166)
12:40:27 PR 100684  (13332 of 14166)
12:40:29 PR 100683  (13333 of 14166)
12:40:32 PR 100682  (13334 of 14166)
12:40:34 PR 100679  (13335 of 14166)
12:40:36 PR 100678  (13336 of 14166)
12:40:38 PR 100677  (13337 of 14166)
12:40:40 PR 100676  (13338 of 14166)
12:40:42 PR 100675  (13339 of 14166)
12:40:44 PR 100674  (13340 of 14166)
12:40:46 PR 100673  (13341 of 14166)
12:40:49 PR 100672  (13342 of 14166)
12:40:50 PR 100671  (13343 of 14166)
12:40:52 PR 100670  (13344 of 14166)
12:40:54 PR 100669  (13345 of 14166)
12:40:56 PR 100665  (13346 of 14166)
12:40:58 PR 100664  (13347 of 14166)
12:41:00 PR 100663  (13348 of 14166)
12:41:02 PR 100662  (13349 of 14166)
12:41:04 PR 100661  (13350 of 14166)
12:41:06 PR 100660  (13351 of 14166)
12:41:08 PR 100659  (13352 of 14166)
12:41:11 PR 100657  (13353 of 14166)
12:41:13 PR 100656  (13354 of 14166)
12:41:15 PR 100655  (13355 of 14166)
12:41:17 PR 100654  (13356 of 14166)
12:41:19 PR 100653  (13357 of 14166)
12:41:21 PR 100652  (13358 of 14166)
12:41:22 PR 100651  (13359 of 14166)
12:41:24 PR 100650  (13360 of 14166)
12:41:26 PR 100649  (13361 of 14166)
12:41:29 PR 100648  (13362 of 14166)
12:41:30 PR 100646  (13363 of 14166)
12:41:32 PR 100645  (13364 of 14166)
12:41:35 PR 100644  (13365 of 14166)
12:41:37 PR 100643  (13366 of 14166)
12:41:40 PR 100642  (13367 of 14166)
12:41:42 PR 100641  (13368 of 14166)
12:41:45 PR 100639  (13369 of 14166)
12:41:47 PR 100638  (13370 of 14166)
12:41:49 PR 100637  (13371 of 14166)
12:41:51 PR 100635  (13372 of 14166)
12:41:52 PR 100634  (13373 of 14166)
12:41:54 PR 100633  (13374 of 14166)
12:41:57 PR 100632  (13375 of 14166)
12:41:59 PR 100631  (13376 of 14166)
12:42:01 PR 100630  (13377 of 14166)
12:42:03 PR 100629  (13378 of 14166)
12:42:05 PR 100628  (13379 of 14166)
12:42:07 PR 100627  (13380 of 14166)
12:42:09 PR 100626  (13381 of 14166)
12:42:11 PR 100625  (13382 of 14166)
12:42:13 PR 100624  (13383 of 14166)
12:42:17 PR 100623  (13384 of 14166)
12:42:18 PR 100621  (13385 of 14166)
12:42:20 PR 100620  (13386 of 14166)
12:42:22 PR 100619  (13387 of 14166)
12:42:24 PR 100617  (13388 of 14166)
12:42:26 PR 100616  (13389 of 14166)
12:42:28 PR 100614  (13390 of 14166)
12:42:30 PR 100613  (13391 of 14166)
12:42:32 PR 100612  (13392 of 14166)
12:42:34 PR 100611  (13393 of 14166)
12:42:35 PR 100610  (13394 of 14166)
12:42:38 PR 100609  (13395 of 14166)
12:42:40 PR 100608  (13396 of 14166)
12:42:42 PR 100607  (13397 of 14166)
12:42:44 PR 100606  (13398 of 14166)
12:42:46 PR 100605  (13399 of 14166)
12:42:48 PR 100604  (13400 of 14166)
12:42:51 PR 100603  (13401 of 14166)
12:42:53 PR 100602  (13402 of 14166)
12:42:56 PR 100600  (13403 of 14166)
12:42:58 PR 100599  (13404 of 14166)
12:43:00 PR 100598  (13405 of 14166)
12:43:02 PR 100597  (13406 of 14166)
12:43:04 PR 100596  (13407 of 14166)
12:43:06 PR 100595  (13408 of 14166)
12:43:08 PR 100594  (13409 of 14166)
12:43:10 PR 100593  (13410 of 14166)
12:43:12 PR 100592  (13411 of 14166)
12:43:14 PR 100590  (13412 of 14166)
12:43:16 PR 100589  (13413 of 14166)
12:43:18 PR 100588  (13414 of 14166)
12:43:20 PR 100587  (13415 of 14166)
12:43:21 PR 100586  (13416 of 14166)
12:43:24 PR 100585  (13417 of 14166)
12:43:26 PR 100584  (13418 of 14166)
12:43:28 PR 100583  (13419 of 14166)
12:43:30 PR 100582  (13420 of 14166)
12:43:33 PR 100580  (13421 of 14166)
12:43:35 PR 100579  (13422 of 14166)
12:43:37 PR 100578  (13423 of 14166)
12:43:39 PR 100577  (13424 of 14166)
12:43:41 PR 100576  (13425 of 14166)
12:43:43 PR 100575  (13426 of 14166)
12:43:45 PR 100574  (13427 of 14166)
12:43:47 PR 100573  (13428 of 14166)
12:43:49 PR 100571  (13429 of 14166)
12:43:51 PR 100570  (13430 of 14166)
12:43:53 PR 100569  (13431 of 14166)
12:43:55 PR 100568  (13432 of 14166)
12:43:57 PR 100567  (13433 of 14166)
12:43:59 PR 100566  (13434 of 14166)
12:44:01 PR 100565  (13435 of 14166)
12:44:04 PR 100564  (13436 of 14166)
12:44:06 PR 100563  (13437 of 14166)
12:44:07 PR 100562  (13438 of 14166)
12:44:10 PR 100561  (13439 of 14166)
12:44:11 PR 100560  (13440 of 14166)
12:44:14 PR 100559  (13441 of 14166)
12:44:16 PR 100558  (13442 of 14166)
12:44:18 PR 100557  (13443 of 14166)
12:44:20 PR 100556  (13444 of 14166)
12:44:22 PR 100555  (13445 of 14166)
12:44:24 PR 100553  (13446 of 14166)
12:44:25 PR 100551  (13447 of 14166)
12:44:27 PR 100550  (13448 of 14166)
12:44:30 PR 100549  (13449 of 14166)
12:44:32 PR 100548  (13450 of 14166)
12:44:34 PR 100547  (13451 of 14166)
12:44:36 PR 100544  (13452 of 14166)
12:44:38 PR 100543  (13453 of 14166)
12:44:40 PR 100541  (13454 of 14166)
12:44:42 PR 100539  (13455 of 14166)
12:44:45 PR 100538  (13456 of 14166)
12:44:47 PR 100537  (13457 of 14166)
12:44:49 PR 100535  (13458 of 14166)
12:44:51 PR 100536  (13459 of 14166)
12:44:53 PR 100534  (13460 of 14166)
12:44:55 PR 100533  (13461 of 14166)
12:44:58 PR 100532  (13462 of 14166)
12:45:00 PR 100531  (13463 of 14166)
12:45:02 PR 100528  (13464 of 14166)
12:45:05 PR 100527  (13465 of 14166)
12:45:06 PR 100526  (13466 of 14166)
12:45:08 PR 100524  (13467 of 14166)
12:45:11 PR 100522  (13468 of 14166)
12:45:13 PR 100520  (13469 of 14166)
12:45:15 PR 100519  (13470 of 14166)
12:45:18 PR 100518  (13471 of 14166)
12:45:20 PR 100517  (13472 of 14166)
12:45:21 PR 100516  (13473 of 14166)
12:45:24 PR 100515  (13474 of 14166)
12:45:27 PR 100513  (13475 of 14166)
12:45:29 PR 100512  (13476 of 14166)
12:45:31 PR 100511  (13477 of 14166)
12:45:33 PR 100510  (13478 of 14166)
12:45:36 PR 100509  (13479 of 14166)
12:45:38 PR 100508  (13480 of 14166)
12:45:41 PR 100507  (13481 of 14166)
12:45:43 PR 100506  (13482 of 14166)
12:45:45 PR 100505  (13483 of 14166)
12:45:47 PR 100503  (13484 of 14166)
12:45:49 PR 100502  (13485 of 14166)
12:45:50 PR 100501  (13486 of 14166)
12:45:52 PR 100500  (13487 of 14166)
12:45:54 PR 100499  (13488 of 14166)
12:45:56 PR 100497  (13489 of 14166)
12:45:58 PR 100496  (13490 of 14166)
12:46:00 PR 100495  (13491 of 14166)
12:46:03 PR 100494  (13492 of 14166)
12:46:05 PR 100493  (13493 of 14166)
12:46:07 PR 100492  (13494 of 14166)
13:08:47 starting - 13494 PRs already saved, skipping those
13:08:47 reusing cached list of 14166 PR numbers
13:08:50 PR 100491  (13495 of 14166)
13:08:52 PR 100489  (13496 of 14166)
13:08:55 PR 100488  (13497 of 14166)
13:08:57 PR 100487  (13498 of 14166)
13:08:59 PR 100486  (13499 of 14166)
13:09:01 PR 100485  (13500 of 14166)
13:09:03 PR 100484  (13501 of 14166)
13:09:05 PR 100483  (13502 of 14166)
13:09:07 PR 100482  (13503 of 14166)
13:09:08 PR 100481  (13504 of 14166)
13:09:10 PR 100480  (13505 of 14166)
13:09:12 PR 100479  (13506 of 14166)
13:09:14 PR 100478  (13507 of 14166)
13:09:16 PR 100477  (13508 of 14166)
13:09:18 PR 100474  (13509 of 14166)
13:09:20 PR 100473  (13510 of 14166)
13:09:23 PR 100472  (13511 of 14166)
13:09:25 PR 100471  (13512 of 14166)
13:09:28 PR 100470  (13513 of 14166)
13:09:29 PR 100469  (13514 of 14166)
13:09:32 PR 100467  (13515 of 14166)
13:09:33 PR 100466  (13516 of 14166)
13:09:35 PR 100465  (13517 of 14166)
13:09:38 PR 100463  (13518 of 14166)
13:09:39 PR 100461  (13519 of 14166)
13:09:41 PR 100460  (13520 of 14166)
13:09:44 PR 100459  (13521 of 14166)
13:09:46 PR 100456  (13522 of 14166)
13:09:48 PR 100455  (13523 of 14166)
13:09:50 PR 100454  (13524 of 14166)
13:09:52 PR 100453  (13525 of 14166)
13:09:54 PR 100451  (13526 of 14166)
13:09:55 PR 100450  (13527 of 14166)
13:09:57 PR 100449  (13528 of 14166)
13:09:59 PR 100448  (13529 of 14166)
13:10:01 PR 100447  (13530 of 14166)
13:10:03 PR 100446  (13531 of 14166)
13:10:05 PR 100445  (13532 of 14166)
13:10:07 PR 100444  (13533 of 14166)
13:10:09 PR 100442  (13534 of 14166)
13:10:11 PR 100441  (13535 of 14166)
13:10:14 PR 100440  (13536 of 14166)
13:10:17 PR 100439  (13537 of 14166)
13:10:19 PR 100438  (13538 of 14166)
13:10:20 PR 100437  (13539 of 14166)
13:10:22 PR 100435  (13540 of 14166)
13:10:25 PR 100434  (13541 of 14166)
13:10:26 PR 100433  (13542 of 14166)
13:10:29 PR 100432  (13543 of 14166)
13:10:31 PR 100431  (13544 of 14166)
13:10:33 PR 100430  (13545 of 14166)
13:10:35 PR 100429  (13546 of 14166)
13:10:37 PR 100428  (13547 of 14166)
13:10:38 PR 100427  (13548 of 14166)
13:10:40 PR 100425  (13549 of 14166)
13:10:42 PR 100424  (13550 of 14166)
13:10:43 PR 100422  (13551 of 14166)
13:10:45 PR 100421  (13552 of 14166)
13:10:47 PR 100420  (13553 of 14166)
13:10:49 PR 100419  (13554 of 14166)
13:10:51 PR 100418  (13555 of 14166)
13:10:53 PR 100417  (13556 of 14166)
13:10:55 PR 100414  (13557 of 14166)
13:10:57 PR 100413  (13558 of 14166)
13:10:59 PR 100412  (13559 of 14166)
13:11:01 PR 100411  (13560 of 14166)
13:11:03 PR 100410  (13561 of 14166)
13:11:05 PR 100409  (13562 of 14166)
13:11:07 PR 100408  (13563 of 14166)
13:11:08 PR 100407  (13564 of 14166)
13:11:10 PR 100406  (13565 of 14166)
13:11:12 PR 100405  (13566 of 14166)
13:11:14 PR 100404  (13567 of 14166)
13:11:16 PR 100403  (13568 of 14166)
13:11:20 PR 100402  (13569 of 14166)
13:11:22 PR 100401  (13570 of 14166)
13:11:24 PR 100398  (13571 of 14166)
13:11:26 PR 100397  (13572 of 14166)
13:11:29 PR 100396  (13573 of 14166)
13:11:33 PR 100395  (13574 of 14166)
13:11:35 PR 100394  (13575 of 14166)
13:11:37 PR 100393  (13576 of 14166)
13:11:39 PR 100392  (13577 of 14166)
13:11:42 PR 100389  (13578 of 14166)
13:11:44 PR 100388  (13579 of 14166)
13:11:46 PR 100387  (13580 of 14166)
13:11:48 PR 100385  (13581 of 14166)
13:11:50 PR 100384  (13582 of 14166)
13:11:52 PR 100382  (13583 of 14166)
13:11:54 PR 100381  (13584 of 14166)
13:11:56 PR 100380  (13585 of 14166)
13:11:58 PR 100378  (13586 of 14166)
13:12:00 PR 100376  (13587 of 14166)
13:12:02 PR 100375  (13588 of 14166)
13:12:04 PR 100374  (13589 of 14166)
13:12:06 PR 100373  (13590 of 14166)
13:12:08 PR 100371  (13591 of 14166)
13:12:10 PR 100370  (13592 of 14166)
13:12:12 PR 100369  (13593 of 14166)
13:12:14 PR 100368  (13594 of 14166)
13:12:17 PR 100367  (13595 of 14166)
13:12:19 PR 100366  (13596 of 14166)
13:12:20 PR 100364  (13597 of 14166)
13:12:23 PR 100363  (13598 of 14166)
13:12:25 PR 100361  (13599 of 14166)
13:12:26 PR 100360  (13600 of 14166)
13:12:28 PR 100359  (13601 of 14166)
13:12:30 PR 100358  (13602 of 14166)
13:12:32 PR 100357  (13603 of 14166)
13:12:34 PR 100356  (13604 of 14166)
13:12:36 PR 100355  (13605 of 14166)
13:12:37 PR 100354  (13606 of 14166)
13:12:39 PR 100353  (13607 of 14166)
13:12:41 PR 100351  (13608 of 14166)
13:12:43 PR 100350  (13609 of 14166)
13:12:45 PR 100349  (13610 of 14166)
13:12:47 PR 100348  (13611 of 14166)
13:12:49 PR 100347  (13612 of 14166)
13:12:51 PR 100346  (13613 of 14166)
13:12:53 PR 100345  (13614 of 14166)
13:12:55 PR 100344  (13615 of 14166)
13:12:57 PR 100342  (13616 of 14166)
13:12:59 PR 100341  (13617 of 14166)
13:13:01 PR 100340  (13618 of 14166)
13:13:03 PR 100339  (13619 of 14166)
13:13:05 PR 100337  (13620 of 14166)
13:13:07 PR 100336  (13621 of 14166)
13:13:09 PR 100335  (13622 of 14166)
13:13:11 PR 100334  (13623 of 14166)
13:13:13 PR 100333  (13624 of 14166)
13:13:15 PR 100332  (13625 of 14166)
13:13:17 PR 100331  (13626 of 14166)
13:13:18 PR 100330  (13627 of 14166)
13:13:20 PR 100329  (13628 of 14166)
13:13:21 PR 100328  (13629 of 14166)
13:13:23 PR 100327  (13630 of 14166)
13:13:25 PR 100326  (13631 of 14166)
13:13:27 PR 100325  (13632 of 14166)
13:13:29 PR 100324  (13633 of 14166)
13:13:31 PR 100323  (13634 of 14166)
13:13:33 PR 100322  (13635 of 14166)
13:13:35 PR 100321  (13636 of 14166)
13:13:36 PR 100320  (13637 of 14166)
13:13:40 PR 100319  (13638 of 14166)
13:13:41 PR 100318  (13639 of 14166)
13:13:44 PR 100317  (13640 of 14166)
13:13:47 PR 100316  (13641 of 14166)
13:13:49 PR 100315  (13642 of 14166)
13:13:51 PR 100314  (13643 of 14166)
13:13:53 PR 100313  (13644 of 14166)
13:13:54 PR 100312  (13645 of 14166)
13:13:57 PR 100311  (13646 of 14166)
13:13:59 PR 100310  (13647 of 14166)
13:14:01 PR 100309  (13648 of 14166)
13:14:03 PR 100308  (13649 of 14166)
13:14:05 PR 100307  (13650 of 14166)
13:14:07 PR 100306  (13651 of 14166)
13:14:08 PR 100304  (13652 of 14166)
13:14:10 PR 100303  (13653 of 14166)
13:14:12 PR 100302  (13654 of 14166)
13:14:15 PR 100301  (13655 of 14166)
13:14:16 PR 100299  (13656 of 14166)
13:14:18 PR 100298  (13657 of 14166)
13:14:20 PR 100297  (13658 of 14166)
13:14:22 PR 100295  (13659 of 14166)
13:14:24 PR 100294  (13660 of 14166)
13:14:27 PR 100293  (13661 of 14166)
13:14:29 PR 100291  (13662 of 14166)
13:14:32 PR 100289  (13663 of 14166)
13:14:34 PR 100288  (13664 of 14166)
13:14:36 PR 100287  (13665 of 14166)
13:14:38 PR 100286  (13666 of 14166)
13:14:40 PR 100285  (13667 of 14166)
13:14:42 PR 100284  (13668 of 14166)
13:14:45 PR 100283  (13669 of 14166)
13:14:48 PR 100281  (13670 of 14166)
13:14:50 PR 100280  (13671 of 14166)
13:14:51 PR 100279  (13672 of 14166)
13:14:53 PR 100278  (13673 of 14166)
13:14:55 PR 100277  (13674 of 14166)
13:14:57 PR 100275  (13675 of 14166)
13:14:59 PR 100274  (13676 of 14166)
13:15:01 PR 100273  (13677 of 14166)
13:15:04 PR 100272  (13678 of 14166)
13:15:06 PR 100271  (13679 of 14166)
13:15:08 PR 100270  (13680 of 14166)
13:15:10 PR 100269  (13681 of 14166)
13:15:12 PR 100268  (13682 of 14166)
13:15:14 PR 100266  (13683 of 14166)
13:15:16 PR 100265  (13684 of 14166)
13:15:18 PR 101662  (13685 of 14166)
13:15:20 PR 101661  (13686 of 14166)
13:15:22 PR 101660  (13687 of 14166)
13:15:24 PR 101659  (13688 of 14166)
13:15:26 PR 101658  (13689 of 14166)
13:15:28 PR 101657  (13690 of 14166)
13:15:30 PR 101656  (13691 of 14166)
13:15:33 PR 101655  (13692 of 14166)
13:15:34 PR 101654  (13693 of 14166)
13:15:37 PR 101653  (13694 of 14166)
13:15:39 PR 101652  (13695 of 14166)
13:15:40 PR 101651  (13696 of 14166)
13:15:42 PR 101650  (13697 of 14166)
13:15:44 PR 101649  (13698 of 14166)
13:15:46 PR 101648  (13699 of 14166)
13:15:49 PR 101647  (13700 of 14166)
13:15:51 PR 101646  (13701 of 14166)
13:15:53 PR 101645  (13702 of 14166)
13:15:55 PR 101643  (13703 of 14166)
13:15:57 PR 101642  (13704 of 14166)
13:15:59 PR 101641  (13705 of 14166)
13:16:01 PR 101640  (13706 of 14166)
13:16:03 PR 101639  (13707 of 14166)
13:16:05 PR 101638  (13708 of 14166)
13:16:07 PR 101637  (13709 of 14166)
13:16:09 PR 101636  (13710 of 14166)
13:16:12 PR 101635  (13711 of 14166)
13:16:13 PR 101634  (13712 of 14166)
13:16:15 PR 101633  (13713 of 14166)
13:16:17 PR 101632  (13714 of 14166)
13:16:19 PR 101631  (13715 of 14166)
13:16:21 PR 101630  (13716 of 14166)
13:16:23 PR 101629  (13717 of 14166)
13:16:25 PR 101628  (13718 of 14166)
13:16:27 PR 101627  (13719 of 14166)
13:16:29 PR 101626  (13720 of 14166)
13:16:34 PR 101625  (13721 of 14166)
13:16:35 PR 101624  (13722 of 14166)
13:16:37 PR 101623  (13723 of 14166)
13:16:39 PR 101622  (13724 of 14166)
13:16:41 PR 101621  (13725 of 14166)
13:16:43 PR 101620  (13726 of 14166)
13:16:45 PR 101619  (13727 of 14166)
13:16:48 PR 101617  (13728 of 14166)
13:16:50 PR 101615  (13729 of 14166)
13:16:52 PR 101614  (13730 of 14166)
13:16:53 PR 101613  (13731 of 14166)
13:16:56 PR 101612  (13732 of 14166)
13:16:57 PR 101611  (13733 of 14166)
13:16:59 PR 101610  (13734 of 14166)
13:17:02 PR 101608  (13735 of 14166)
13:17:04 PR 101607  (13736 of 14166)
13:17:06 PR 101606  (13737 of 14166)
13:17:08 PR 101605  (13738 of 14166)
13:17:10 PR 101604  (13739 of 14166)
13:17:12 PR 101603  (13740 of 14166)
13:17:14 PR 101602  (13741 of 14166)
13:17:17 PR 101601  (13742 of 14166)
13:17:20 PR 101600  (13743 of 14166)
13:17:22 PR 101599  (13744 of 14166)
13:17:24 PR 101598  (13745 of 14166)
13:17:26 PR 101597  (13746 of 14166)
13:17:28 PR 101596  (13747 of 14166)
13:17:30 PR 101595  (13748 of 14166)
13:17:32 PR 101593  (13749 of 14166)
13:17:34 PR 101591  (13750 of 14166)
13:17:36 PR 101590  (13751 of 14166)
13:17:38 PR 101589  (13752 of 14166)
13:17:40 PR 101588  (13753 of 14166)
13:17:42 PR 101587  (13754 of 14166)
13:17:44 PR 101586  (13755 of 14166)
13:17:47 PR 101585  (13756 of 14166)
13:17:49 PR 101584  (13757 of 14166)
13:17:52 PR 101583  (13758 of 14166)
13:17:54 PR 101582  (13759 of 14166)
13:17:56 PR 101581  (13760 of 14166)
13:17:58 PR 101580  (13761 of 14166)
13:18:00 PR 101579  (13762 of 14166)
13:18:02 PR 101578  (13763 of 14166)
13:18:04 PR 101577  (13764 of 14166)
13:18:06 PR 101575  (13765 of 14166)
13:18:08 PR 101574  (13766 of 14166)
13:18:10 PR 101573  (13767 of 14166)
13:18:12 PR 101572  (13768 of 14166)
13:18:14 PR 101571  (13769 of 14166)
13:18:16 PR 101570  (13770 of 14166)
13:18:18 PR 101569  (13771 of 14166)
13:18:21 PR 101568  (13772 of 14166)
13:18:24 PR 101567  (13773 of 14166)
13:18:26 PR 101566  (13774 of 14166)
13:18:28 PR 101565  (13775 of 14166)
13:18:30 PR 101563  (13776 of 14166)
13:18:32 PR 101562  (13777 of 14166)
13:18:34 PR 101561  (13778 of 14166)
13:18:36 PR 101560  (13779 of 14166)
13:18:38 PR 101559  (13780 of 14166)
13:18:40 PR 101558  (13781 of 14166)
13:18:42 PR 101556  (13782 of 14166)
13:18:45 PR 101555  (13783 of 14166)
13:18:47 PR 101554  (13784 of 14166)
13:18:48 PR 101553  (13785 of 14166)
13:18:51 PR 101552  (13786 of 14166)
13:18:53 PR 101551  (13787 of 14166)
13:18:55 PR 101550  (13788 of 14166)
13:18:57 PR 101549  (13789 of 14166)
13:18:58 PR 101548  (13790 of 14166)
13:19:01 PR 101547  (13791 of 14166)
13:19:03 PR 101546  (13792 of 14166)
13:19:05 PR 101544  (13793 of 14166)
13:19:07 PR 101543  (13794 of 14166)
13:19:10 PR 101542  (13795 of 14166)
13:19:12 PR 101541  (13796 of 14166)
13:19:14 PR 101539  (13797 of 14166)
13:19:16 PR 101538  (13798 of 14166)
13:19:18 PR 101537  (13799 of 14166)
13:19:20 PR 101535  (13800 of 14166)
13:19:23 PR 101533  (13801 of 14166)
13:19:25 PR 101532  (13802 of 14166)
13:19:28 PR 101531  (13803 of 14166)
13:19:31 PR 101529  (13804 of 14166)
13:19:33 PR 101528  (13805 of 14166)
13:19:35 PR 101527  (13806 of 14166)
13:19:38 PR 101526  (13807 of 14166)
13:19:41 PR 101525  (13808 of 14166)
13:19:43 PR 101524  (13809 of 14166)
13:19:45 PR 101523  (13810 of 14166)
13:19:47 PR 101522  (13811 of 14166)
13:19:49 PR 101521  (13812 of 14166)
13:19:51 PR 101520  (13813 of 14166)
13:19:53 PR 101519  (13814 of 14166)
13:19:56 PR 101518  (13815 of 14166)
13:19:59 PR 101517  (13816 of 14166)
13:20:01 PR 101516  (13817 of 14166)
13:20:04 PR 101515  (13818 of 14166)
13:20:06 PR 101514  (13819 of 14166)
13:20:09 PR 101513  (13820 of 14166)
13:20:11 PR 101512  (13821 of 14166)
13:20:14 PR 101511  (13822 of 14166)
13:20:19 PR 101509  (13823 of 14166)
13:20:21 PR 101506  (13824 of 14166)
13:20:23 PR 101505  (13825 of 14166)
13:20:26 PR 101504  (13826 of 14166)
13:20:28 PR 101503  (13827 of 14166)
13:20:31 PR 101502  (13828 of 14166)
13:20:33 PR 101501  (13829 of 14166)
13:20:37 PR 101500  (13830 of 14166)
13:20:40 PR 101499  (13831 of 14166)
13:20:42 PR 101498  (13832 of 14166)
13:20:44 PR 101497  (13833 of 14166)
13:20:46 PR 101496  (13834 of 14166)
13:20:48 PR 101495  (13835 of 14166)
13:20:52 PR 101494  (13836 of 14166)
13:20:54 PR 101493  (13837 of 14166)
13:20:56 PR 101492  (13838 of 14166)
13:20:59 PR 101491  (13839 of 14166)
13:21:01 PR 101490  (13840 of 14166)
13:21:04 PR 101489  (13841 of 14166)
13:21:07 PR 101488  (13842 of 14166)
13:21:09 PR 101487  (13843 of 14166)
13:21:12 PR 101486  (13844 of 14166)
13:21:14 PR 101485  (13845 of 14166)
13:21:16 PR 101483  (13846 of 14166)
13:21:18 PR 101482  (13847 of 14166)
13:21:20 PR 101481  (13848 of 14166)
13:21:23 PR 101480  (13849 of 14166)
13:21:25 PR 101479  (13850 of 14166)
13:21:28 PR 101478  (13851 of 14166)
13:21:30 PR 101477  (13852 of 14166)
13:21:32 PR 101476  (13853 of 14166)
13:21:34 PR 101475  (13854 of 14166)
13:21:37 PR 101474  (13855 of 14166)
13:21:39 PR 101473  (13856 of 14166)
13:21:41 PR 101471  (13857 of 14166)
13:21:43 PR 101470  (13858 of 14166)
13:21:46 PR 101469  (13859 of 14166)
13:21:48 PR 101468  (13860 of 14166)
13:21:51 PR 101467  (13861 of 14166)
13:21:53 PR 101466  (13862 of 14166)
13:21:56 PR 101465  (13863 of 14166)
13:21:58 PR 101464  (13864 of 14166)
13:22:01 PR 101463  (13865 of 14166)
13:22:03 PR 101462  (13866 of 14166)
13:22:05 PR 101461  (13867 of 14166)
13:22:08 PR 101460  (13868 of 14166)
13:22:10 PR 101459  (13869 of 14166)
13:22:13 PR 101458  (13870 of 14166)
13:22:15 PR 101457  (13871 of 14166)
13:22:17 PR 101456  (13872 of 14166)
13:22:18 PR 101455  (13873 of 14166)
13:22:20 PR 101454  (13874 of 14166)
13:22:22 PR 101453  (13875 of 14166)
13:22:24 PR 101452  (13876 of 14166)
13:22:26 PR 101449  (13877 of 14166)
13:22:29 PR 101448  (13878 of 14166)
13:22:32 PR 101447  (13879 of 14166)
13:22:34 PR 101445  (13880 of 14166)
13:22:36 PR 101444  (13881 of 14166)
13:22:39 PR 101443  (13882 of 14166)
13:22:41 PR 101442  (13883 of 14166)
13:22:44 PR 101441  (13884 of 14166)
13:22:46 PR 101440  (13885 of 14166)
13:22:48 PR 101439  (13886 of 14166)
13:22:51 PR 101438  (13887 of 14166)
13:22:53 PR 101437  (13888 of 14166)
13:22:56 PR 101436  (13889 of 14166)
13:22:58 PR 101435  (13890 of 14166)
13:23:00 PR 101433  (13891 of 14166)
13:23:03 PR 101431  (13892 of 14166)
13:23:05 PR 101428  (13893 of 14166)
13:23:08 PR 101427  (13894 of 14166)
13:23:10 PR 101426  (13895 of 14166)
13:23:13 PR 101425  (13896 of 14166)
13:23:15 PR 101423  (13897 of 14166)
13:23:17 PR 101421  (13898 of 14166)
13:23:20 PR 101419  (13899 of 14166)
13:23:22 PR 101418  (13900 of 14166)
13:23:25 PR 101415  (13901 of 14166)
13:23:27 PR 101413  (13902 of 14166)
13:23:29 PR 101412  (13903 of 14166)
13:23:33 PR 101411  (13904 of 14166)
13:23:36 PR 101410  (13905 of 14166)
13:23:38 PR 101409  (13906 of 14166)
13:23:41 PR 101408  (13907 of 14166)
13:23:43 PR 101407  (13908 of 14166)
13:23:45 PR 101406  (13909 of 14166)
13:23:47 PR 101405  (13910 of 14166)
13:23:49 PR 101403  (13911 of 14166)
13:23:52 PR 101402  (13912 of 14166)
13:23:54 PR 101400  (13913 of 14166)
13:23:56 PR 101398  (13914 of 14166)
13:23:57 PR 101397  (13915 of 14166)
13:24:00 PR 101396  (13916 of 14166)
13:24:02 PR 101395  (13917 of 14166)
13:24:04 PR 101394  (13918 of 14166)
13:24:06 PR 101393  (13919 of 14166)
13:24:08 PR 101392  (13920 of 14166)
13:24:10 PR 101391  (13921 of 14166)
13:24:13 PR 101390  (13922 of 14166)
13:24:15 PR 101389  (13923 of 14166)
13:24:17 PR 101388  (13924 of 14166)
13:24:20 PR 101387  (13925 of 14166)
13:24:22 PR 101385  (13926 of 14166)
13:24:24 PR 101384  (13927 of 14166)
13:24:26 PR 101383  (13928 of 14166)
13:24:28 PR 101380  (13929 of 14166)
13:24:30 PR 101379  (13930 of 14166)
13:24:33 PR 101378  (13931 of 14166)
13:24:35 PR 101377  (13932 of 14166)
13:24:37 PR 101376  (13933 of 14166)
13:24:38 PR 101375  (13934 of 14166)
13:24:41 PR 101374  (13935 of 14166)
13:24:43 PR 101373  (13936 of 14166)
13:24:45 PR 101372  (13937 of 14166)
13:24:47 PR 101370  (13938 of 14166)
13:24:49 PR 101369  (13939 of 14166)
13:24:51 PR 101368  (13940 of 14166)
13:24:53 PR 101367  (13941 of 14166)
13:24:55 PR 101366  (13942 of 14166)
13:24:58 PR 101365  (13943 of 14166)
13:25:00 PR 101364  (13944 of 14166)
13:25:03 PR 101363  (13945 of 14166)
13:25:05 PR 101362  (13946 of 14166)
13:25:07 PR 101359  (13947 of 14166)
13:25:09 PR 101358  (13948 of 14166)
13:25:12 PR 101356  (13949 of 14166)
13:25:15 PR 101355  (13950 of 14166)
13:25:16 PR 101354  (13951 of 14166)
13:25:18 PR 101353  (13952 of 14166)
13:25:21 PR 101352  (13953 of 14166)
13:25:23 PR 101351  (13954 of 14166)
13:25:26 PR 101350  (13955 of 14166)
13:25:28 PR 101349  (13956 of 14166)
13:25:32 PR 101348  (13957 of 14166)
13:25:34 PR 101347  (13958 of 14166)
13:25:37 PR 101346  (13959 of 14166)
13:25:39 PR 101344  (13960 of 14166)
13:25:41 PR 101343  (13961 of 14166)
13:25:43 PR 101342  (13962 of 14166)
13:25:45 PR 101341  (13963 of 14166)
13:25:47 PR 101340  (13964 of 14166)
13:25:49 PR 101338  (13965 of 14166)
13:25:51 PR 101337  (13966 of 14166)
13:25:53 PR 101335  (13967 of 14166)
13:25:55 PR 101333  (13968 of 14166)
13:25:57 PR 101332  (13969 of 14166)
13:26:00 PR 101331  (13970 of 14166)
13:26:01 PR 101329  (13971 of 14166)
13:26:03 PR 101328  (13972 of 14166)
13:26:06 PR 101327  (13973 of 14166)
13:26:08 PR 101326  (13974 of 14166)
13:26:10 PR 101324  (13975 of 14166)
13:26:12 PR 101323  (13976 of 14166)
13:26:14 PR 101322  (13977 of 14166)
13:26:16 PR 101320  (13978 of 14166)
13:26:18 PR 101319  (13979 of 14166)
13:26:20 PR 101318  (13980 of 14166)
13:26:22 PR 101317  (13981 of 14166)
13:26:24 PR 101316  (13982 of 14166)
13:26:26 PR 101315  (13983 of 14166)
13:26:30 PR 101314  (13984 of 14166)
13:26:32 PR 101313  (13985 of 14166)
13:26:34 PR 101312  (13986 of 14166)
13:26:36 PR 101311  (13987 of 14166)
13:26:38 PR 101310  (13988 of 14166)
13:26:41 PR 101309  (13989 of 14166)
13:26:42 PR 101308  (13990 of 14166)
13:26:44 PR 101307  (13991 of 14166)
13:26:46 PR 101306  (13992 of 14166)
13:26:49 PR 101305  (13993 of 14166)
13:26:51 PR 101304  (13994 of 14166)
13:26:53 PR 101303  (13995 of 14166)
13:26:54 PR 101302  (13996 of 14166)
13:26:56 PR 101301  (13997 of 14166)
13:26:58 PR 101299  (13998 of 14166)
13:27:00 PR 101298  (13999 of 14166)
13:27:02 PR 101297  (14000 of 14166)
13:27:04 PR 101295  (14001 of 14166)
13:27:06 PR 101294  (14002 of 14166)
13:27:08 PR 101293  (14003 of 14166)
13:27:11 PR 101292  (14004 of 14166)
13:27:13 PR 101291  (14005 of 14166)
13:27:15 PR 101290  (14006 of 14166)
13:27:18 PR 101289  (14007 of 14166)
13:27:20 PR 101288  (14008 of 14166)
13:27:22 PR 101287  (14009 of 14166)
13:27:25 PR 101286  (14010 of 14166)
13:27:27 PR 101285  (14011 of 14166)
13:27:29 PR 101284  (14012 of 14166)
13:27:31 PR 101283  (14013 of 14166)
13:27:33 PR 101280  (14014 of 14166)
13:27:35 PR 101277  (14015 of 14166)
13:27:38 PR 101276  (14016 of 14166)
13:27:40 PR 101274  (14017 of 14166)
13:27:42 PR 101273  (14018 of 14166)
13:27:44 PR 101272  (14019 of 14166)
13:27:46 PR 101271  (14020 of 14166)
13:27:48 PR 101270  (14021 of 14166)
13:27:50 PR 101269  (14022 of 14166)
13:27:52 PR 101268  (14023 of 14166)
13:27:56 PR 101266  (14024 of 14166)
13:27:57 PR 101265  (14025 of 14166)
13:28:00 PR 101264  (14026 of 14166)
13:28:02 PR 101263  (14027 of 14166)
13:28:05 PR 101262  (14028 of 14166)
13:28:07 PR 101261  (14029 of 14166)
13:28:09 PR 101260  (14030 of 14166)
13:28:11 PR 101258  (14031 of 14166)
13:28:14 PR 101256  (14032 of 14166)
13:28:16 PR 101255  (14033 of 14166)
13:28:19 PR 101254  (14034 of 14166)
13:28:21 PR 101253  (14035 of 14166)
13:28:23 PR 101251  (14036 of 14166)
13:28:25 PR 101249  (14037 of 14166)
13:28:28 PR 101248  (14038 of 14166)
13:28:30 PR 101247  (14039 of 14166)
13:28:32 PR 101246  (14040 of 14166)
13:28:34 PR 101245  (14041 of 14166)
13:28:37 PR 101244  (14042 of 14166)
13:28:39 PR 101243  (14043 of 14166)
13:28:41 PR 101242  (14044 of 14166)
13:28:44 PR 101241  (14045 of 14166)
13:28:46 PR 101240  (14046 of 14166)
13:28:47 PR 101239  (14047 of 14166)
13:28:50 PR 101238  (14048 of 14166)
13:28:52 PR 101237  (14049 of 14166)
13:28:54 PR 101235  (14050 of 14166)
13:28:56 PR 101234  (14051 of 14166)
13:28:58 PR 101231  (14052 of 14166)
13:29:00 PR 101230  (14053 of 14166)
13:29:03 PR 101229  (14054 of 14166)
13:29:05 PR 101227  (14055 of 14166)
13:29:07 PR 101225  (14056 of 14166)
13:29:09 PR 101223  (14057 of 14166)
13:29:11 PR 101222  (14058 of 14166)
13:29:13 PR 101221  (14059 of 14166)
13:29:16 PR 101220  (14060 of 14166)
13:29:18 PR 101218  (14061 of 14166)
13:29:20 PR 101217  (14062 of 14166)
13:29:22 PR 101216  (14063 of 14166)
13:29:24 PR 101215  (14064 of 14166)
13:29:27 PR 101214  (14065 of 14166)
13:29:29 PR 101213  (14066 of 14166)
13:29:31 PR 101212  (14067 of 14166)
13:29:33 PR 101211  (14068 of 14166)
13:29:35 PR 101210  (14069 of 14166)
13:29:37 PR 101209  (14070 of 14166)
13:29:39 PR 101208  (14071 of 14166)
13:29:41 PR 101207  (14072 of 14166)
13:29:43 PR 101206  (14073 of 14166)
13:29:45 PR 101205  (14074 of 14166)
13:29:47 PR 101203  (14075 of 14166)
13:29:49 PR 101202  (14076 of 14166)
13:29:51 PR 101201  (14077 of 14166)
13:29:53 PR 101200  (14078 of 14166)
13:29:56 PR 101199  (14079 of 14166)
13:29:58 PR 101198  (14080 of 14166)
13:30:00 PR 101197  (14081 of 14166)
13:30:02 PR 101196  (14082 of 14166)
13:30:04 PR 101195  (14083 of 14166)
13:30:06 PR 101194  (14084 of 14166)
13:30:09 PR 101193  (14085 of 14166)
13:30:11 PR 101192  (14086 of 14166)
13:30:13 PR 101191  (14087 of 14166)
13:30:15 PR 101189  (14088 of 14166)
13:30:17 PR 101188  (14089 of 14166)
13:30:19 PR 101187  (14090 of 14166)
13:30:21 PR 101186  (14091 of 14166)
13:30:22 PR 101185  (14092 of 14166)
13:30:24 PR 101184  (14093 of 14166)
13:30:27 PR 101183  (14094 of 14166)
13:30:29 PR 101180  (14095 of 14166)
13:30:31 PR 101179  (14096 of 14166)
13:30:33 PR 101178  (14097 of 14166)
13:30:35 PR 101177  (14098 of 14166)
13:30:38 PR 101176  (14099 of 14166)
13:30:39 PR 101175  (14100 of 14166)
13:30:41 PR 101174  (14101 of 14166)
13:30:43 PR 101173  (14102 of 14166)
13:30:45 PR 101172  (14103 of 14166)
13:30:47 PR 101171  (14104 of 14166)
13:30:49 PR 101170  (14105 of 14166)
13:30:51 PR 101169  (14106 of 14166)
13:30:54 PR 101168  (14107 of 14166)
13:30:57 PR 101166  (14108 of 14166)
13:30:59 PR 101165  (14109 of 14166)
13:31:01 PR 101164  (14110 of 14166)
13:31:04 PR 101162  (14111 of 14166)
13:31:05 PR 101161  (14112 of 14166)
13:31:07 PR 101158  (14113 of 14166)
13:31:10 PR 101156  (14114 of 14166)
13:31:12 PR 101154  (14115 of 14166)
13:31:13 PR 101153  (14116 of 14166)
13:31:15 PR 101152  (14117 of 14166)
13:31:17 PR 101150  (14118 of 14166)
13:31:20 PR 101148  (14119 of 14166)
13:31:22 PR 101147  (14120 of 14166)
13:31:24 PR 101146  (14121 of 14166)
13:31:27 PR 101145  (14122 of 14166)
13:31:29 PR 101143  (14123 of 14166)
13:31:31 PR 101141  (14124 of 14166)
13:31:33 PR 101140  (14125 of 14166)
13:31:36 PR 101139  (14126 of 14166)
13:31:38 PR 101138  (14127 of 14166)
13:31:40 PR 101137  (14128 of 14166)
13:31:43 PR 101136  (14129 of 14166)
13:31:44 PR 101135  (14130 of 14166)
13:31:46 PR 101134  (14131 of 14166)
13:31:49 PR 101133  (14132 of 14166)
13:31:51 PR 101132  (14133 of 14166)
13:31:53 PR 101131  (14134 of 14166)
13:31:55 PR 101130  (14135 of 14166)
13:31:57 PR 101129  (14136 of 14166)
13:31:59 PR 101128  (14137 of 14166)
13:32:01 PR 101127  (14138 of 14166)
13:32:03 PR 101126  (14139 of 14166)
13:32:05 PR 101125  (14140 of 14166)
13:32:07 PR 101124  (14141 of 14166)
13:32:09 PR 101123  (14142 of 14166)
13:32:10 PR 101121  (14143 of 14166)
13:32:12 PR 101120  (14144 of 14166)
13:32:14 PR 101119  (14145 of 14166)
13:32:16 PR 101117  (14146 of 14166)
13:32:18 PR 101116  (14147 of 14166)
13:32:20 PR 101114  (14148 of 14166)
13:32:22 PR 101112  (14149 of 14166)
13:32:24 PR 101111  (14150 of 14166)
13:32:26 PR 101110  (14151 of 14166)
13:32:28 PR 101109  (14152 of 14166)
13:32:29 PR 101107  (14153 of 14166)
13:32:31 PR 101106  (14154 of 14166)
13:32:33 PR 101105  (14155 of 14166)
13:32:35 PR 101103  (14156 of 14166)
13:32:37 PR 101099  (14157 of 14166)
13:32:39 PR 101098  (14158 of 14166)
13:32:43 PR 101097  (14159 of 14166)
13:32:45 PR 101096  (14160 of 14166)
13:32:47 PR 101095  (14161 of 14166)
13:32:48 PR 101094  (14162 of 14166)
13:32:51 PR 101093  (14163 of 14166)
13:32:52 PR 101092  (14164 of 14166)
13:32:54 PR 101089  (14165 of 14166)
13:32:56 PR 101088  (14166 of 14166)
13:32:56 FINISHED - 14166 PRs in 2025_prs.csv
13:40:13 starting - 14166 PRs already saved, skipping those
13:40:13 reusing cached list of 14166 PR numbers
13:40:13 FINISHED - 14166 PRs in 2025_prs.csv
